conversation_root_id,customer_text,apple_reply_text
1764,"@AppleSupport Hello, I need some help regarding the region change on my Apple ID",@116100 This article should help with that: https://t.co/usOJWy6ChP
5845,@AppleSupport Updated iPad Pro to 11.1.  Worked on draft email. None of changes saved. Started new email. Saved but disappeared. Help please,@117107 We'll help in any way we can. Was this on an https://t.co/coj9FJKJWV email account?
8321,I️ can’t believe that @115858 &amp; @AppleSupport has not fixed the vowel text issue. It’s very annoying and takes extra time to write something👎,@117460 You're very welcome! Please feel free to reach out to us again if you need any more help. Have a great day!
11996,"#iPhone8 is great but I wasn’t aware of the strong vibration. Anywhere I sit my phone, it vibrates off of that surface &amp; now this @115858 https://t.co/DjaomnWYAW",@118359 We'd like to look at service options with you. Let's take a look at this in DM. https://t.co/GDrqU22YpT
12572,@AppleSupport is there a way to opt out of iMessage and FaceTime during initial setup on an iPhone?,"@118509 We're here for you. There isn't a way to avoid iMessage activation with a number, but you can turn it off: https://t.co/R5zxAawOzV"
26720,"@115858 the glitch problem happens with the letters O, U, and K too 🤔 https://t.co/0LsQuPwc5c",@121852 We'd like to help out. DM us and we'll go from there. https://t.co/GDrqU22YpT
29553,Since the newest update my MAC won't stay connected to my mouse &amp; kb (bluetooth). Help @AppleSupport !?!,"@122490 We know how essential Bluetooth is to using wireless devices. We'll be happy to work with you to get to the bottom of this. To confirm, you updated to macOS 10.13.1, correct? Have you tried unpairing and repairing your Bluetooth devices?"
34595,"@AppleSupport Nope, no updates so far. I’ve never checked for carrier update this frequent since I used an iPhone.",@123494 Got it. Let's go ahead and meet in DM and we'll continue this from there. https://t.co/GDrqU22YpT
34598,iMessage-Aktivierung schlägt mal wieder fehl… @1652 @AppleSupport,@123495 We offer support via Twitter in English. Contact us for help in your preferred language here: https://t.co/IBIY3vMgPj
34614,Hi @AppleSupport ! #TimeMachine still not working with #HighSierra update,@123500 Let's work together in DM to investigate what's going on with your Time Machine. https://t.co/GDrqU22YpT
36645,"@AppleSupport hi, how long is the 20 months 0% interest for iPhone x offer on for?",@123983 We'll point you in the right direction. Get with our Apple Online Store Support for purchase questions: https://t.co/8yjRd1Xo0i
38648,Either @115858 or @124423 needs to get their shit together my music keeps pausing when I get a snap notification,@124422 We can help out. Is the phone locked or unlocked when this happens? Or does it happen with both?
38861,My alarm never went off this morning and I have no idea why @AppleSupport help,@124480 We want you to be able to wake up on time. Is this the first time this happened?
40476,"This iphone update is giving me hell
PLEASE FIX THIS @115858",@124876 We want you to have a smooth experience with the update. What exactly is going on?
40527,.@115858 #iCloud isn't working on #Safari after #macOS 10.13.1 update. Is anyone facing a similar issue?,@124894 We know how important it is to be able to access your iCloud. What exactly happens when you go there? Do other websites work?
41547,@115858 You freaking suck! I just got a brand new phone under warranty because my other one was giving me issues. Now this one is giving me +,@125133 We want to be sure that you get the help you need. Please reach out here for help with your photos: https://t.co/IBIY3vMgPj
43334,"@AppleSupport No, this has not helped it is still randomly shutting down.",@125605 Send us a DM and we'll take a closer look together. https://t.co/GDrqU22YpT
44569,@AppleSupport I’ve just received this text message... is it a scam? https://t.co/iIz6799AeL,@125889 We want to look into this. DM us and we'll continue there. https://t.co/GDrqU22YpT
46584,After the new @AppleSupport update my phone loses battery power when it’s plugged in and I look at it 😤😳😡,"@126351 We're here for you. Send us a DM with your current iOS version, and we'll continue there. https://t.co/GDrqU22YpT"
50883,@127423 @AppleSupport Helllppp!!! 🤬🤬 same thing with me!! And I️ tried 11.1 update etc!,@461842 We'd like to help. DM us what country or region you're located in. https://t.co/GDrqU22YpT
52294,@AppleSupport Updated and it’s still doing the same thing,@127763 Got it. Send us a DM and we'll continue to work together on this from there. We're eager to help resolve this. https://t.co/GDrqU22YpT
53557,@AppleSupport hey what happens when I forget my restrictions passcode? turned on when my kid had it &amp; have no clue what it is. Wont reset.,@128101 Thanks for reaching out to us. Here is a helpful resource: https://t.co/eiyAtwvrU1 Let us know if you have questions.
54472,🗣HELP USSSSS @115858 https://t.co/ZWtU4qFv6C,@128336 We want to help. Tell us more about what's happening in DM. https://t.co/GDrqU22YpT
56964,‼️ STOP TURNING ON MY WI-FI ‼️@AppleSupport,"@128901 We're glad to help! Please let us know exactly what's going on, and if this addresses your issue: https://t.co/G7BHuQnDS6"
58818,@AppleSupport I️’m all up to date and my I️’s are still turning into random characters. What’s up?,"@129393 Thanks for following up with us. We have a workaround for this: https://t.co/xXaXeeSRt9 If you’re still having issues, DM us: https://t.co/GDrqU22YpT"
60317,@AppleSupport why does my lock screen when playing music freeze and not let me skip or go back or anything?,@129791 We can help! Which version of iOS are you currently running? You can check in Settings &gt; General &gt; About &gt; Version
61319,@AppleSupport my ipad pro is stuck on loading.... not opening app store ... how to fix? https://t.co/bPeadvDaIo,@130037 We want to help you out. Let's start by following the steps in this link: https://t.co/1SrHVMz478 Let us know if you still encounter issues after that.
62239,Why does my phone vibrate for no reason since I’ve updated it ?? @AppleSupport,@130254 We'd like to look into this with you. May we ask what type of iPhone you have?
63200,@AppleSupport iPhone 7 Plus,@130498 We wanted to provide this link with special attention to the ‘Use Night Shift’ section: https://t.co/it24SqZD78
63210,"@AppleSupport I just recovered my old Iphone 5 for my mother, upgrade to IOS 10.3, it works faster than my Iphone 6 with IOS 11, 🙄",@130501 We can help with your iPhone. Can you tell us more about what you're experiencing?
75202,@115858 ios 11 on ipad sucks wtf,"@132838 We want your iPad running smoothly on the new iOS 11 software. What's going on with your iPad so that we can see how we are able to assist you today, and make your iPad better?"
82035,"@115858 please fix where whenever you open an app, besides music, or get a notification the music playback stops.","@134154 We're happy to look into this with you. Which iOS version are you using on your device? Also, are you listening to music through the Music app or a different app?"
84213,I was ending the podcast when my computer shut down and now it won't boot... So that's a lost podcast... And possibly a lost computer. FML!,"@134521 We're here to help. First, let's try an SMC reset: https://t.co/FYojVXHuwn If that doesn't help, DM us more info using the following link, including the model of computer and the version of the operating system, and we'll team up to get it running again. https://t.co/GDrqU22YpT"
84218,Also shoutout to @115858 for this stupid iPhone glitch. How you gonna fuck up the letter i when it’s in the name of all your products and the operating system 🤦🏿‍♂️,@134523 We would love the opportunity to work with you today to get these issues corrected. Let's begin with finding out which iOS version you are running under Settings &gt; General &gt; About. DM us that version number here: https://t.co/GDrqU22YpT
84257,@AppleSupport is it normal for me to have to restart my Apple TV everyday to get it to work?,"@134537 The Apple TV should not have to go through a daily restart. To look into the Apple TV, let’s get you in touch with our Apple TV pros. You can reach them here:  https://t.co/IBIY3vMgPj"
87063,"Что-то statusbar уехал (

@AppleSupport, is it a bug or feature? https://t.co/CPqHI7wTUb","@135058 Hey, we'd like to learn some more information on what's going on so that we can help. Send us a DM with the exact iOS version currently installed, and we'll go from there. https://t.co/GDrqU22YpT"
87144,"Help! Is there anyone who can tell me what the problem with my 2011 @115858 #MacBook Pro is? Can this be repaired, or is this really the end..? 
#feelingdesperate #apple #macbookpro @5165 https://t.co/tR9xqvJ2Y3",@135068 We are here to help. What country are you located in? Let us know in a DM &amp; we'll continue there. https://t.co/GDrqU22YpT
90591,@AppleSupport The last upgrade really messed up my macbook. It works way too slower and spends 10%~/h charge. Is it normal?,"@135605 We're here to help! For the battery, we'd first recommend checking out this article: https://t.co/IS1pJIaZuf For the performance, how much RAM is in your computer? Which apps are open? Let us know in DM using the following link and we'll get started. https://t.co/GDrqU22YpT"
94904,@115858 @AppleSupport this happens to my lock screen once a day at least. I hope 11.2 is going to fix this. No date/time and can’t swipe Down to see notifications or control center. Only up to unlock. https://t.co/40uZKNUpKF,"@136630 Thank you for reaching out. We're certainly able to take a look into this issue with you. 

When this issue occurs, does unlocking and locking the phone back address it? Additionally, are you currently on iOS 11.1.2?"
96937,"@AppleSupport 
Hello, 
my iphone 5C less than two years old explosed in the classoom, what triggered the fire alarm.
what do you propose? https://t.co/2qqPtOZLWe","@137158 This definitely isn't expected, and we want to help. Send us a DM with your country/location, and we'll continue there: https://t.co/GDrqU22YpT"
96991,"Congratulations, @115858!
Just when I thought iOS couldn’t get any worst, bang!! Can’t setup iMessage with mobile data on. Good enough for Twitter but not for mr. iMessage.
A new low!",@137168 We'd love to help look into this and get you back in action. Can you send us a DM with some additional details? https://t.co/GDrqU22YpT
97035,"@AppleSupport Messages on my iMac and my wife’s MB have randomly stopped working. No changes, just can’t send or receive anymore.",@137182 We'd love to assist you with getting this sorted. Are you receiving any error messages while trying to send messages?
97067,Ok @115858: what’s the deal with iCal spontaneously shutting down while I’m using it? It’s happening more frequently lately. Seems like an easy fix....?,@137191 Let's look into this together. Is the Calendar the only app that's shutting down unexpectedly? Are you doing anything specific that triggers it? We look forward to your response.
98824,My phone wouldn't turn on for an hour @115858 we're going to have some problems,"@137628 We never like to hear that your iPhone isn’t powering on. We’d be happy to help troubleshoot this issue. Just to clarify, are you still having power issues with the iPhone or is it working correctly now?"
98842,Ever since I updated my phone it hasn’t been able to hold a charge very well 😡 @115858 @AppleSupport,@137634 Let's look in to this battery issue together. Please DM us about this and we'll continue there. https://t.co/GDrqU22YpT
98855,@AppleSupport  why does this only happen with the Mail app? It’s annoying https://t.co/iPOS51R0yD,@137638 We can help you with your Mail app. Which iOS version is this happening with? Let us know in DM. https://t.co/GDrqU22YpT
101274,Alguien sabe pxq le pasa esto a mi nuevo iPhone X @AppleSupport @138166 ese cuadro q?😤 https://t.co/XorCuOdyUF,@138165 We offer support via Twitter in English. Get help in Spanish here: https://t.co/IBIY3vMgPj or join https://t.co/OczyRx7IOs
103174,@AppleSupport @115858 why does my battery drain so fast now on iOS 11.1.2 I lose 10% in an hour or less and I don’t even use the phone. Im at 26% now https://t.co/5TKNP5nu2r,@138697 We know how vital the battery is and we'll help. Are you using the Apple Lightning to USB cable and power adapter to charge your iPhone? You can DM us your answer. https://t.co/GDrqU22YpT
105342,"@AppleSupport pairing an apple watch is the most frustrating thing in the world, i feel like breaking the damn phone and watch. Taken 3 hours already and the stupid piece of crap still not working #hatethisdamnshit","@139263 You’ve come to the right place. We’re happy to help get you iPhone and Apple Watch paired. Send us a DM telling us which Apple Watch model you have, the iPhone we’re working with, and the iOS version number on the iPhone. https://t.co/GDrqU22YpT"
105435,@AppleSupport It’s usually a site trying to process a payment. I’m on High Sierra.,@139291 Have you tried to clear your Safari history yet? Our website here explains how: https://t.co/SQ4Lne7fmo
110869,@AppleSupport I’m on the latest version,@140657 We'd like to look into this further. Please DM us to continue working on this. https://t.co/GDrqU22YpT
112889,@AppleSupport I don't have access to the security questions or emails so I'm too scared to update my phone but it keeps dying on 100%? Help? https://t.co/k7k2qcxDW0,@136622 Hey there! We’d be happy to help. Send us a DM so we can look into it together: https://t.co/GDrqU22YpT
118084,"@115858 your phones suck now, literally cannot type any sort of long message without the app crashing and my text being deleted.",@142183 We'll do all we can to assist. Is this happening with the native Messages app or with a different texting app?
119453,@AppleSupport @142503 I’ve experienced the same thing. It just dawned on me that my iPhone 8 Plus didn’t come with the headphone adapter also. I’ve been using my Bluetooth headphones since I got it and didn’t care to check by box until now. Then I searched twitter to see if I was the only one.,"@142503 We do want you to be able to use the EarPods that come with your iPhone 8, and we've included the Lightning to 3.5 mm Headphone Jack Adapter. Take a look in the box to be sure you haven't overlooked it."
120678,QUÉ HAGO PARA RECUPERAR ESTA NOTA DE VOZ??? @AppleSupport @115858 https://t.co/raF7lwp4IE,@142831 We offer support via Twitter in English. Get help in Spanish here: https://t.co/IBIY3vMgPj or join https://t.co/OczyRx7IOs
123090,"@AppleSupport Yes. The same email accounts are on my Mac, iPad, and 6S Plus",@143490 Your mail should sync automatically. Are you experiencing anything different with your devices?
123099,"@AppleSupport I got a new iPhone X and did a restore of backup from previous iPhone.

Text replacements did not come with the restore and have not synced to new iPhone X.

Is there a way get them to sync? (I have them on iPad and iMac)",@143491 Congratulations on your new iPhone X! We'd be happy to help. Did you restore using iCloud or iTunes? Are you signed in with the same Apple ID on all devices?
124421,Thanks apple for your latest updates I can’t open my music app @AppleSupport @115948,"@143868 Hi there. Let's get your music flowing through again. Try the steps in this article to see if they help: https://t.co/3WF5Z1DBGa

Still having issues? Shoot us a DM here: https://t.co/GDrqU22YpT"
125783,@AppleSupport see last tweey https://t.co/hlKWMe5wAh,@144223 Hello. Follow these tips to use Siri on your Apple Watch: https://t.co/L0xH9gXYAj Feel free to reach out if you have additional questions. Enjoy!
127635,"Looking at my tweets and @AppleSupport y’all need to fix this glitch, this letter “i” is getting old... damn shit so irking!!!","@144680 Great news! iOS 11.1.2 was recently released and it includes a fix for autocorrect issues. Be sure to back up your device prior to updating, and let us know if the issue persists afterwards. How to back up: https://t.co/4f8hwT5to6"
148234,@AppleSupport I keep having to retype my WiFi password like 5 times a day??? It should just be saved no? I’m confused as to why it keeps disconnecting,"@149725 Hey there. Let's figure out what's happening with that connection. Does the issue happen with one particular Wi-Fi connection, or others as well?"
151418,"Ok, @AppleSupport, you're officially losing a customer. My iPhone 6s is useless since the ios update. Battery is dead within a couple hours. Why does this happen every time you update ios? So sick of this. I now have a useless phone.",@126844 Let's work together on a solution to get your iPhone working properly again. Meet us in DM with your current iOS version to get started. https://t.co/GDrqU22YpT
154427,@AppleSupport nope this is all that it does! Safe mode won’t even work https://t.co/I7Xa0nWaQc,"@150963 Thanks for giving it a try and including the video of your results. Next, we'd like to have you disconnect any external devices, if you have any connected, then reset the System Management Controller: https://t.co/FYojVXHuwn"
154483,@AppleSupport can’t update 11.1.2 https://t.co/ofIATW0ShI,@151404 We're here for you. Check out this article for help with updating your device: https://t.co/Ui1yTnOCUz
155990,.@115858 @AppleSupport pls fix your software https://t.co/jbKrxoFPFo,@151811 Hello. Let's work together to correct that view for you. Thanks for reaching out. Please meet us in a DM and we'll check a few things together: https://t.co/GDrqU22YpT
157822,@AppleSupport  how do I get rid of this pop up on my iPhone X? https://t.co/oLtU23tpBy,@152264 We’d be glad to help with this. Can you confirm what action is being completed when you see this message?
170403,@115858 Niye alalım? Pili iphone 8 plus'tan daha az dayandığı için mi yoksa orantısız ekranı yüzünden bir sürü uygulamayı açarken çeşitli sıkıntılarla uğraşmak için mi? 6000 verip pilin % kaç kaldığını bile göremiyoruz.Maalesef bu sefer olmamış..İphone 7Plus'u olanlar aynen devam etmeli!,@155700 We offer support via Twitter in English. Contact us for help in your preferred language here: https://t.co/IBIY3vMgPj
171783,UH @AppleSupport since your update y'a really lot of beug. My iPhone turns off at 15% of battery? What's that? 15% Rest assured me it's not the same as 0 or 1%? https://t.co/2BZLwBxX8P,@155689 We are here for you. Let's take a look at this further for you. Reach out to us in DM. https://t.co/GDrqU22YpT
172926,My #iphonex has randomly rebooted three times in the past 24 hours while scrolling content. Feels like it has to do with scrolling / screen auto shutoff @AppleSupport,@156456 We want to help you out. Send us a DM and let us know what version of iOS you are running. https://t.co/GDrqU22YpT
174978,"@AppleSupport why offer app ""controls"" in a managed account when apple apps mysteriously enable themselves when login back, such as safari? #unbelievable","@157053 Thanks for contacting us, we're here for you and your parental controls issue. To get started, what Mac computer are you using and which macOS version is it running?

How to find the macOS version: https://t.co/aTSJR8BjEc"
177012,These @115858 glitches are out of control. Pls roll out an #update for #this https://t.co/lj9MUOmvTT,@157659 We are here for you. Let's take a look at this further for you. Reach out to us in DM. https://t.co/GDrqU22YpT
177034,In love with my beautiful #iPhoneX 😍 just arrived today. It'd be perfect if it weren't for that grueling speaker crackling and rattling. @115858 @116333 pls tell me you guys are going to fix this.,@157664 We want to help. DM us and we'll work from there. https://t.co/GDrqU22YpT
178705,"@AppleSupport Please tell me why 1-800-MY-IPHONE isn't working. I keep getting a ""can't connect/disconnected"" message. I really need help.","@158112 You can contact us at 1-800-MY–APPLE (800–692–7753), 7 days a week from 7:00 a.m. to 11:00 p.m. Central time."
184379,"@AppleSupport Hi Team,
Experiencing a very bad support from Apple with the Case ID: 100339120750, It's already been 9 days with false timelines for closure of things and still there is no committed timeline for closure with resolution. Would request to please expedite the process",@159394 Thanks for reaching out to us here. We'd like to look into this with you. Let's meet in DM. https://t.co/GDrqU22YpT
188146,@115858 el iOS 11 hace muy lento al iPhone! Fix it!,@160147 We offer support via Twitter in English. Get help in Spanish here: https://t.co/IBIY3vMgPj or join https://t.co/OczyRx7IOs
199386,@115858 :Since I downloaded IOS11 on my iPhone 6 it has been really slow &amp; clunky. I wish I’d left well alone. Have others had these issues?,"@162999 We can help. Do you have iOS 11.0.2 installed yet? If not, follow the instructions here: https://t.co/80YRnjDFDk"
208189,@AppleSupport Ive updated to ios 11.0.2 but my car stereo still cant connect,"@165247 
We'd like to gather some more information for better troubleshooting. Can you DM us the country you are located in? https://t.co/GDrqU22YpT"
208211,"@AppleSupport So wish I hadn’t updated to iOS 11, everything taking ages to load, mail only partially loading. Solution? Quickly, please!",@165254 We want to help. Meet us in DM and we'll take a look at resolving this together. https://t.co/GDrqU22YpT
211229,"Dear @115858, how come my phone is NOT automatically fetching emails anymore? Your update from two nights ago ruined my push settings.",@166035 We'd like to help you find out together. Which model is it and what's the exact iOS 11 version installed? Tried any steps?
215317,@AppleSupport I get “xxx-xxx-xxxx is not registered with iMessage” when sending an SMS (green) to my son from my Mac. Works on my iPhone.,"@167157 Hi, let's check to see if everything's set up correctly. Use the ""SMS and MMS"" section of this article: https://t.co/jmMBILbFAw"
215384,@AppleSupport @318 yall ruined my podcast experience with ios11. My Bluetooth headset connects with music and doesn't let me pause,"@167178 Which Bluetooth headset are you using with iOS 11? Also, which device does this occur on? Let us know, we'd like to help."
216146,Hey @AppleSupport wanna tell me why the phone charger i got 6 months ago  with my new phone “isn’t a supported accessory” and wont work anymore?,@167387 We can help you get this sorted out. Can you tell us which iOS version you are using please?
228561,This may be the WORST experience I’ve had with @115858 in awhile. Phone randomly closing out. The damn “i” not fucking working. Like what the fuck?? AND you expect me to pay 1k for the 10 and y’all can’t even get the 8 TF together — i think TF NOT!,"@170495 We certainly want you to be able to enjoy your iPhone and we'll do all we can to help. To start, which iPhone do you have and have you updated to iOS 11.1.1 to help with the predictive text issue? If not, give that a try and let us know how it goes."
229177,"@AppleSupport after ios11 update my iPhone 6 hangs, has become slow, battery drains quickly..  what do I do .. the ph is still in warranty 😡",@170653 We've got some steps we can try to work through this. DM us so we can take a closer look. https://t.co/GDrqU22YpT
229225,"@AppleSupport Nope. Updated today, happened again tonight. Shut down my phone, turned it back on, and data was restored.","@170664 Okay, thanks. Let's get to DM to continue. https://t.co/GDrqU22YpT"
233958,"@115858 stop making my phone run like crap just bc you made a new model, I DONT HAVE $1K EVERY YEAR TO DROP ON U!! LET ME SIT HERE W/ MY 6S!",@171705 We'd love to help with any issues you're having. Let us know what's going on. We'll get to the bottom of it together.
234416,the new iOS 11 SUCKS !!! battery lost quickly and heats up my phone 💆🏻🖕🏼 #ios11update @115858,@171811 We are here to help. DM us which iOS device you are using and we can take a look at this for you.
235048,Hey @115858 get your shit together all my apps are crashing cause of these updates 🙃🙃🙃🙃,@171977 We're here for you and happy to help. Which device are you experiencing this with? Are you seeing any error messages?
235836,"@AppleSupport why iOS 11.0.2 automatically download when connected to WiFi? My setting is off. Why the size is different? 277,1MB to 1,61GB.",@172175 We'd like to take a look into this. Send us a DM to get started. https://t.co/GDrqU22YpT
235863,@AppleSupport Have restated several times. It’s not just one person but almost everyone in my address book.,"@172182 Thanks for letting us know. Let's check where your contacts are stored, go to Settings&gt;Contacts"
236807,@115858 @2310 new updates 11.0.1 is having battery issue.please fix it if possible @172394,@172394 Let's get you some help with your battery! We'd love to assist in DM. Join us here: https://t.co/GDrqU22YpT
238874,@AppleSupport  https://t.co/IvKwSdJubN,@172813 Perfect. Let's take a look at these steps for when Wi-Fi connections aren't connecting as expected: https://t.co/sXbhzfS2lM
240253,"@applesupport installed the newest iOS , causing major issues. Losing faith in Apple. Contacts are in my phone but disappear in texting!","@173060 We'd love to work together on this with you. When you mention that contacts are disappearing in texting, what do you mean exactly?"
240769,"Why is IOS 11 sooooo bad come on @115858 it’s freezes and keeps losing signal, need an update as soon as possible","@173190 Let's take a closer look at both issues, starting with your model and if iOS 11.0.3 is installed. Which signal is having an issue?"
241403,"@AppleSupport nice iOS keyboard update, but I still can’t access the diacritic over the ‘r’ in ‘Dvořák’, and there’s still no ‘≠’ either.",@173312 Thanks for reaching out. May we ask which language keyboard you currently have?
243032,Apple Podcast is not played continuously on #iOS11   Is there a solution to this problem? @AppleSupport,@173714 Let's see if we can keep your podcasts on. Are they skipping or pausing? Tell us exactly what is happening. We'll go from there.
244183,@115858 the newest updates has done something to 7+. Takes forever to charge 6+ hrs.,@173998 We'd be happy to look into this with you. Can you provide us the iOS version? Are you using the original power adapter?
244186,@115858 @AppleSupport Can you bundle the Watch Faces on a purchase of a Nike Sport Band?,"@173999 Hey, let's get you pointed in the right direction. Please send us a DM and we'll go from there. https://t.co/GDrqU22YpT"
244964,@115858 iOS 11 is killing the battery on my iPhones. 6s now having to be charged at least 3 times a day #iOS11 #ios11battery,@174165 Thanks for reaching out. DM the specific iOS version you are using currently so we can help out. https://t.co/GDrqU22YpT
245953,Great! Did the latest iOS update and now can’t hear any videos on any app! Not impressed @AppleSupport,"@174416 Let's check into this together. Which iPhone are you using? Also, do you hear other audio?"
246500,@applesupport it comes from appleid email address first clue,@174549 Thanks for reaching out. This article covers how to identity and report those types of communications: https://t.co/LNMCdqt6fD
247565,"@AppleSupport bottom left corner, my screen is discolored on my 8 plus, never dropped or banged it https://t.co/d7VoR7EdmA",@174821 Let's work together on this. Is this behavior occurring within apps like Safari or only appearing on your home screen?
248746,@AppleSupport I just got an email from this address: __email__ guessing not from y'all?,"@175094 Thanks for bringing this to our attention.  No, this is not from Apple.  Please refer to this article. https://t.co/LNMCdqt6fD"
249206,IOS 11 ruined my battery 🙃 @AppleSupport,@175205 We're here to help. Can you please tell us what issues you are experiencing with your battery?
250070,Forced to update to iOS 11.whatever the hell this is the other day. Why is each @115858 update worse than the last.,"@175415 If you're having any issues, we'd like to get to the bottom of them with you. DM us with details, so we may better assist. https://t.co/GDrqU22YpT"
255539,@AppleSupport I'd like to assist you but unfortunately I had already sold my soul to you in return for the Ipod Classic now it's goosed.,"@176767 We’d like to look into this further. Please reach out to us here: 
 https://t.co/SDIe7UiyJN"
259425,@AppleSupport hi I am not able to see the update on my Mac from MacOS Sierra to high Sierra,@177692 You've come to the right place. Are you able to search for High Sierra in the App Store?
260021,@AppleSupport @177859 Why DM when this is an issue with all users? It’s practically trending on twitter,@177859 We'd like to look into this with you. Have you seen these steps? https://t.co/bivpdfkckw
261340,@AppleSupport how do I reinstall my MacBook?,@178226 We'd like to see how we can help. Can you tell us more about what you're looking to do?
261783,iOS 11 battery usage is horrible. I’ve had no apps open and my phone still like 80%. Since this morning. Wtf you doing ? @115858,@178339 We'd like to see what we can do to assist. Are you running iOS 11.0.2? We released it earlier this week.
262588,@AppleSupport I shouldn’t have to turn my phone on and off every time it freezes because of this update iOS 11.0.2! Freezing every second 😤,@178552 We want to make sure you enjoy using your iPhone. We're happy to help. Does this issue happen when you use specific apps?
265049,@AppleSupport I can’t even make a phone call ever since I got iOS 11,@179142 We'd love to help. Which iOS 11 version are you running?
266910,Hey @115858 your iPhone software update wiped all my contacts,@179609 Hi there. We'd like to help. DM us and we'll do what we can to get your contacts back. https://t.co/GDrqU22YpT
271278,@AppleSupport How do I quit the High Sierra installer when it won't boot up so I can quit. https://t.co/oRioUTDkqP,@180724 Help is here. Let's move to DM and get to work on this together. https://t.co/GDrqU22YpT
272209,So why has shit like this been happening since the update @115858? and don’t get me started with my battery life now. #FixThisShit https://t.co/axJytPkag0,"@180966 Thanks for reaching out! So we can provide you with the best steps, DM us more information on what you're experiencing. https://t.co/GDrqU22YpT"
274943,Can I suggest to @AppleSupport that an option be added for the iPhone X to have battery % displayed up top instead of an icon?,@181685 You can submit that feedback to us directly by using this link  https://t.co/eTPVYVFyd8
283586,@AppleSupport why volume pop up still in iOS 11 ?,"@183554 Hi, can you tell us more about what you're referring to? We'll be happy to look it with you."
284436,"@AppleSupport ever since I got iOS 11 on my iPhone 6 there is one group chat I can’t send any texts in, I can only see what they say. Help!","@183746 We'll be happy to help out. To clarify, are you on the latest version of iOS 11, 11.0.2? Also, which device do you have?"
284443,@AppleSupport Do you guys know if the in-app purchase service is down? I haven’t been able to buy anything in-app for a few days now.,@183747 We can certainly look into this with you. Is it only happening with one app? Which device are you using?
284461,I just charged my phone and its now at 61% what the fuck @115858,@183752 We know how important it is to have a reliable battery. Are you using the charger that came with the device?
284946,@115858 IOS 11 has been the worst update yet. Woke up with 100% battery and within twenty minutes it dropped to 80% on iPhone 7,@183887 Let's help with your battery! Which iOS 11 version is installed under Settngs &gt; General &gt; About. When did this first start?
286909,"@AppleSupport Is there a list of all apps that are allowed to record my screen like Uber? I want to delete all of them.

@115858",@184365 Thanks for reaching out. While we don't have a list of apps is there something we can help with?
287469,@AppleSupport how can I allow explicit content in Music permanently? My Apply Music playlist keep missing songs. iOS11 on iPhone SE.,@184508 Great question! We've got an article for you that talks more about managing explicit content: https://t.co/4VkTMVgZum
287484,"Exagerado la batería q consume el iPhone 7 con la nueva a actualización iOS 11, para nada recomendable 😒@AppleSupport @115858",@184512 We offer support via Twitter in English. Get help in Spanish here: https://t.co/IBIY3vMgPj or join https://t.co/OczyRx7IOs
288341,@AppleSupport my right AirPod won’t charge. I’ve had them for a few months. What do I do?,@154292 Thanks for reaching out. Can you tell us a little more about this? Are you getting a light when charging?
289100,"@115858 @AppleSupport à quand une mise à jour pour corriger les dizaines de bugs sur le nouvel IOS ?? Tel qui se bloque, appels sans son...",@184886 We offer support via Twitter in English. Contact us for help in your preferred language here: https://t.co/IBIY3vMgPj
289965,"I should not have a problem texting another phone, @115858! No matter what the phone is! Your basic technology is crap! #FixIt #Tired",@185072 What's happening when you try to text people? We want to help you out!
290204,Pssst @AppleSupport  @115858  just wondering when you guys were going to fix the bug that makes the clock on the lock screen disappear? I've got an iphone 7 and the lastest iOS and subsequent updates and it is still happening. It's ANNOYING &amp; I'm tired of resetting my phone,@185132 Let’s take a look at this together. Which exact iOS version are you running? Let us know in DM. We’ll work with you there. https://t.co/GDrqU22YpT
294936,"@115858 I just had  manipulated by your call center platform. Somehow,  you got my permission to use my data which I never wanted!!! +",@186238 We are here to help. DM us the details of your issue and we can take a look at this. https://t.co/GDrqU22YpT
295916,@AppleSupport wtf your support person via app told me to sign out of my Apple ID then back in and now my library won’t load,@186472 We'd like to assist. Could you send us a DM so we can get some more information? https://t.co/GDrqU22YpT
296447,@AppleSupport @115858 Issue is sorted after updating the latest update. New issue after latest update. Click Settings -&gt; Wifi is on for a fraction of a sec,@186602 We'd like to look into this with you. Send us a DM and we'll get started. https://t.co/GDrqU22YpT
298488,@AppleSupport When are you planning to fix the battery issue! 😤😡,@187121 We're happy to look into this for you. Can you please tell us which iOS version you are currently on?
299077,"Had a brand new iPhone for a WEEK, I just opened a text and the home button has just decided to die for absolutely no reason. @AppleSupport",@187287 That's not the experience we want you to have. We want to see how we can help. Have you tried restarting the phone?
300581,"Dear @AppleSupport, will the iOs11 remain slow and cause freezing forever on the iphone6? because this is annoying.. this is clients abuse https://t.co/TsiQfUii7a",@187663 We'd like to help. Are you on iOS 11 or have you updated to iOS 11.0.2?
301092,Oh this is bullshit @115948 @AppleSupport https://t.co/IdDBgmcJh3,@187808 We're here to help! Check storage in Watch app &gt; Usage and follow this link for help removing Music: https://t.co/SUspBGnmr8
301553,@115858 #ios11 should be awarded as most buggy operating system ever released. Are you sure that this is not the beta build?,@187934 We can definitely help. Which version of iOS 11 are you running? You can find out by tapping Settings &gt; General &gt; About.
304050,"@AppleSupport iOS latest update makes iPhone 6 unstable, apps crash, phone freezes, battery dies quickly! Please address issues soon!","@188593 We’re here to look into this with you. To begin, which iOS 11 version are you using?"
307982,@AppleSupport my iPhone is very buggy since I’ve upgrade to iOS 11.0.2 please help,"@189530 No need to worry, we're here. Did you just update within 24 hours?"
310254,.@115858 i have an i phone 5c and i downloaded ios11 and tried to screen record and my shit blew the fuck up,@190082 We'd like to help. Could you elaborate on what's happening with the screen recording?
311879,@AppleSupport App Store and iTunes will not load after updating to iOS 11?!?! Please help,"@15431 We're here to help.  To better assist, what error or message do you receive when attempting the access those stores?"
321207,"@AppleSupport Please help me to downgrade to 10.3.3,can’t be charging phone twice a day. I have updated latest iOS 11.0.2 still no use😡",@192522 Wanted to let you know that we got your DMs and you can expect a response from us there shortly.
321211,"@AppleSupport  What is up with the Starz app not working in Gen 3 Apple TV...its blank and just says Uh oh, something went wrong",@192524 Let's get you connected to our Apple TV team. Please use this link to get in contact with them: https://t.co/IBIY3vMgPj
321410,@AppleSupport I updated my iPhone to the iOS 11.0.2 and now I have no service????,@192577 Help is here. Let's talk via DM and work on this together. We'll find the answer. Please tap here to continue: https://t.co/GDrqU22YpT
321775,"@115858 the two-factor authentication isn't working for me, not receiving the code you're meant to send to my line  (+254) Kenya",@192653 We're here for you. You'll want to reach out to our Apple ID team here: https://t.co/UJm15vmMM2
322331,@159974 @AppleSupport Mine keeps switching off!!,@192789 We want to check this out. Send us a DM and we will go from there. https://t.co/GDrqU22YpT
322653,@115858 @AppleSupport l'écran de l'#iPhone5S qui jaunit sur ses bords en vieillissant fait-il oui ou non l'objet d'une campagne de rappel même hors garantie ? https://t.co/aJUVpG8KU0,@192853 We offer support via Twitter in English. Contact us for help in your preferred language here: https://t.co/IBIY3vMgPj
322663,@AppleSupport hello guys !!! my phone has a black screen and it says “ Iphone is disabled connect to Itunes “ i tried but still nothing.,@192858 We can assist you. We recommend the following steps: https://t.co/F1QfwW1u1N Let us know if we can help you further.
323442,Ever since iOS 11 my phone gets extremely hot and battery life is a joke! Please address this @AppleSupport @115858,"@193026 Let’s work towards a resolution together. To start, let us know which version of iOS 11 your iPhone is on."
324273,"@AppleSupport i already do this, but this pixels still come. 
Even when phone on, glitch and then what we see in video.",@193248 Let's continue working together in DM here: https://t.co/GDrqU22YpT
324547,"This new iOS update drains my battery like crazy. Fix that soon, please, @AppleSupport.
I’m not buying a new iPhone if that’s what you want.",@193313 We'd be happy to help. Are you experiencing this issue on the latest version of iOS 11.0.2?
325916,I got an notification on my phone and it messed up the whole screen recorder audio 😐 @115858 I hope y’all fix this,@167930 Thanks for reaching out. Can you clarify what you mean when you say it messed up the whole screen recorder audio please?
326390,".@AppleSupport I am not getting message notifications etc on time and every time I restart, i am bombarded with old msg notifications. See https://t.co/9L6z9wc0VF",@193756 We'd be happy to look into this with you. DM us to get started. https://t.co/GDrqU22YpT
326400,@AppleSupport Also in trouble with the Now playing app that remains on the watch even when I’m not playing music or watching a Netflix movie on my iPhone,@193757 We'd like to help so you can enjoy the watch and iPhone. Let's start by gathering the OS versions on the watch and iPhone.
327321,"I️ want to update my phone but then again I️m nervous my phone will be more buggy than I️t already is. @AppleSupport why does my phone be tweaking man, it’s a iPhone 7 Plus. It’s shouldn’t be randomly shutting off",@194019 We'd love to work with you to see what could be causing this behavior. Please meet us in DM to get started. https://t.co/GDrqU22YpT
328076,"@AppleSupport 
personal hotspot option is not showing in my iphone 5s plz guide me",@194214 Thanks for reaching out to us. We'd like to help. Have you been able to use this in the past?
328525,"@AppleSupport videos I shot a couple of days ago on my 7+ IOS 11 0 1 will not play on my MAC, see error msg attached. https://t.co/4qZvnZxkw4","@194331 Are any .mov files playing on your Mac? Check out this article for a few troubleshooting steps.
https://t.co/flHiL1fZ2e"
331391,@115858 hey guys just wanted to let you know I really hate the new iOS update and it's really confusing on the iPad so yeah.,@194897 We can understand how new iOS versions can be confusing at first. We want to provide the manual to you: https://t.co/hE9RsTuKbD
331661,"Hey fellow @115858 people, why are we all just chill about the fact that since the update, we have no battery? What gives, @AppleSupport? https://t.co/9J3hqVKRde","@194980 Having as long a battery life as possible is what we want for you. We've received your DM, and will continue there."
331665,"@115858 iPhone 6 is essentially a chocolate teapot since update, plz help",@194981 We'd love to help transform that back to a phone!  Please let us know more about what is happening with your device.
331738,Pinche actualización pedorra del iOS 11.0.2 está súper raro mi teclado tarda mucho en escribir cada que tecleo @115858 @AppleSupport 😡😡😡 https://t.co/iGjo6a21Ol,@194997 We offer support via Twitter in English. Get help in Spanish here: https://t.co/IBIY3vMgPj or join https://t.co/OczyRx7IOs
332071,"@AppleSupport Hi there - just rcvd a phone call from 7272795897 claiming to be Apple, re: breach in security with Apple ID. I did not reply",@195065 Thanks for letting us know. Take a look here for more information on phony support calls: https://t.co/LNMCdqt6fD
332497,@AppleSupport fix this new update please I hear static when I make calls 😑,@195172 We want your iPhone working for you; we'll do all we can to help. What model of iPhone and IOS version do you have?
333619,@115858 the new software has great stuff but the problems stink!,@195481 Please let us know of any issues you're experiencing since the update. We're happy to help get everything back on track.
336562,Hey @115858 what the hell is going on with iOS11? Internet speed is awful.,@196299 We want to help. Which iPhone model do you own?
337453,@115858 y tf y'all won't update my phone y'all got my phone turning black and glitching,@196525 We want your iPhone working for you; we'll do all we can to help. Connect with us in DM to get started. https://t.co/GDrqU22YpT
338927,iPhone restore from backup @AppleSupport did not resolve #iOS11 battery drain problem. I have had it on for less than 10 min &amp; it's lost 15%,@184062 We'd like to look into this with you. DM us and we'll get started. https://t.co/GDrqU22YpT
339963,@AppleSupport can somebody help me?,@197186 We're here for you! How may we help?
340202,@AppleSupport I haven’t seen my new music playlist in  for you fab several MONTHS.Noticed others having the same issue. How can this b fixed,"@197246 Are you referring to the curated ""New Music Mix"" in Apple Music? Let's take a look at this together in DM. https://t.co/GDrqU22YpT"
340544,@AppleSupport I’m currently using a messaging filter in IOS11 and works fine. But seems the Apple Watch can’t filter the messages.,@197336 Thanks for reaching out to us. Are you using a third-party application? Also what troubleshooting steps have you tried so far?
352168,"@AppleSupport Try to open ESPN app on my apple tvs 4th generation and 4k It won't open. Click on app, Wheel spins, goes back to app screen.",@199752 Our Apple TV team can help you with this issue! Please reach out to them using this link: https://t.co/IBIY3vMgPj
352835,"honestly fuck @115858 bc my phone has been freezing/lagging EVER SINCE i updated, im pissed",@199884 That's not the experience we want you to have. Which phone and iOS version are you using?
354589,"@AppleSupport what password is this referring to? It will not accept my iCloud, computer, or phone password https://t.co/tcZVKRuynn",@200281 Let's help.  Do you know if your iTunes backups are encrypted as shown here? https://t.co/s6tdVStcb2
356842,Dear @115858 &amp; @AppleSupport removing the auto play feature of @318 in the IOS11 update is #frustrating for commuters! 1/2,@200732 Thanks for reaching out! We'd recommend leaving that request on our feedback page: https://t.co/eTPVYVFyd8
359273,@AppleSupport I wish I didn’t upgrade to iOS 11 it crashes every single time I launch any application,@201083 We're happy to help in any way possible. What's the exact iOS version on your device? Check here: Settings &gt; General &gt; About.
359810,"@AppleSupport Hi, any way to revert to ios10? This god awful update has made my phone so fucking slow AND it looks ugly. Change pls",@201220 We're here for you. Is this happening with all apps or certain apps? Which version of iOS are you running?
360736,@AppleSupport how can I open multi task with 3D Touch on the side of the screen like on iOS 10,@201417 We want to make sure we provide the most accurate info. Could you confirm what type of device you're using?
361413,@AppleSupport hello. are we expecting to have fix of keyboard soon ? because it s start to drive me crasy (on 11.0.2 and 11.1 bêta),@201585 We're here to help. Let's take this to DM so we can better assist you. https://t.co/GDrqU22YpT
361743,"Even when I try to change some settings in Preview print, it freezes... Come on fix it @115858 https://t.co/VlmHkrTumN",@201676 We got you. Which Mac and version of macOS are you using? Please reply in DM. https://t.co/GDrqU22YpT
362482,@AppleSupport Why has my phone become so slow after updating to 11.0.2? It feels like I am using an old android phone.,@192018 We can look into this with you. Which device model and apps are you using when this happens?
363394,@AppleSupport  Can you please check my DM?,"@202095 We got your DM, and we will respond to you there."
363772,"@AppleSupport your IOS 11 is so cool and helpful , but my phone always freezes , I was wondering if you would make an update fixing that plz",@202209 We're happy to look into this with you. Send us a DM. https://t.co/GDrqU22YpT
365289,@AppleSupport I purchased a new MacBook Pro yesterday 10-7-17 at the Northpark location.  The left shift key does not work. can I get refund,@202525 Hi! Our MacBooks come with a 14 day return policy.
372905,IOS 11 c’est un véritable carnage pour la batterie mais c’est du jamais vu je charge mon tel 3 à 4 fois/jour @115858,@204368 We offer support via Twitter in English. Contact an advisor for help in your preferred language here: https://t.co/5wewfI3Xkv
372908,@AppleSupport I was mad with Apple but they fixed everything! Thanx and sorry if I was an ass!,"Seamlessly set up your new #iPhone, just by holding it near a device you already own. Here's how, with Automatic Setup in iOS 11. https://t.co/DnSYNMWPre"
374198,The iOS 11 point whatever does nothing but suck the life out of my battery. Way to go @115858. #fb,@204718 Thanks for reaching out to us. Please let us know which device you are using and when you updated your device. Thanks.
374212,@AppleSupport 7 plus,@204721 We're here to help. Would you please tell us which Apple device you are using?
375093,Guess I won’t be watching the new @161180 episode b/c my @115858 TV Went on the fritz and I don’t have a USB-C cable. 🙄🙄🙄 @AppleSupport,"@204942 No worries, we have a dedicated team that can help with your Apple TV. Reach the specialists here: https://t.co/IBIY3vMgPj"
382461,"@115858 updated software to iOS 11 on my I phone 6s around a month ago and as soon as updated battery completely drains, max life 1.5...",@206669 We can help. Do you know what version of iOS is on the device?
382556,".@115858 Super annoying glitch where you sign a doc and tap “Done”, then open said doc and your signature isn’t there (yet the date in the text box is. #pleasefix #asap 🙏","@206694 Let's help get this sorted. To make sure we're providing accurate information, on what device and version of OS are you experiencing this with?"
385434,@AppleSupport My iPhone 7 Plus facing issue. I cannot change volume of the music when phone is locked.,"@205135 Let's take a closer look. If you go to Settings &gt; Sounds &amp; Haptics, is Change with Buttons turned on?"
387216,@AppleSupport what's wrong with ur safari atm bruh?,"@207659 We'd like to help with this. Could you let us know which device you're using with Safari, and the specific issue?"
387225,@AppleSupport Hi. I am running El Capitan &amp; would like to upgrade to macOS Sierra (not High Sierra). Can't find in store. Is there a link?,"@207663 If your Mac isn’t compatible with High Sierra, you’ll want to keep using El Capitan. More details here: https://t.co/109nnHwfMC"
387592,@115858 @1542 update has screwed the media VS ring volume. If Ring volume is less then media volume is less.,@207739 We'd like to help! Do you have Change with Buttons enabled for your sounds in the Settings app?
388538,@AppleSupport how can I get my MacBook pro to trust my new iPhone ?,@207933 We are here to help. When you connect the phone does a prompt appear on the device?
388928,@AppleSupport I only took my iPhone 6s off charge less than 30 mins ago and it’s already telling me I’ve chugged through 25% of my battery!,@208029 That's unexpected. We want to help. Please join us in DM to continue. https://t.co/GDrqU22YpT
388934,"@AppleSupport please fix this, my iPhone been doing this all day https://t.co/WhLt2GqjOG","@208031 To make sure we're on the same page, what issue are you experiencing?"
389392,"@AppleSupport @191435, to *troubleshoot* this, @AppleSupport asks to reset phone to factory! 😧 What would u say in defence to @AppleSupport?",@208156 Thanks for bringing this to our attention! When did you first notice this issue? Does it persist after a restart?
389408,@AppleSupport Mirroring @15782 through Apple TV doesn’t work with iOS 11.0.2. Works with every other app! 😩,@208164 We can definitely point you in the right direction for help. You can reach out Apple TV support here: https://t.co/IBIY3vMgPj
391742,"@AppleSupport iOS 11 makes my phone lock up constantly. I guess I can buy a Samsung now, since my iPhone now performs just as well.",@208755 Thanks for reaching out. We want to help. Are you updated to iOS 11.0.2?
392669,@AppleSupport My macbook is spamming popups about updates daily. Can't install them w/o Apple ID. For that I need to enter payment details?!,"@208989 Keep in mind, it's necessary to have up-to-date billing information even if the download is free: https://t.co/Y0YoIRcZa7"
392687,This #ios11 battery drain is UNACCEPTABLE @AppleSupport Please don’t send a list of things to improve battery - I’ve done it. Any updates?,@208995 Hey there. We've received your DM. Be on the lookout for our response shortly.
393132,@AppleSupport My Macbook Air (v10.12.6) crashes with Mac equivalent of #BSOD whenever I get an incoming call on my iPhone. Any way to fix?,@209100 We want to help. Send us a DM letting us know of any troubleshooting steps you have taken thus far. https://t.co/GDrqU22YpT
398819,"@AppleSupport @115858 By anyway, can I go back to iOs 10 stable version ?  iOs 11 is eating battery like hell in my iPhone 6.","@210314 Update to iOS 11.0.2. Reach us in DM if the issue persists, and we'll team up on next steps. https://t.co/GDrqU22YpT"
399344,So my iPod and iPad updatedto iOS 11.0.3 but my phone won't? Help @AppleSupport,@210412 We'd be delighted to help. Which iPhone model are you currently attempting to update?
407068,"Updated to iOS11,since then my phone’s been freezing and shutting off,and often times I can’t make or take calls @AppleSupport what’s wrong?",@212022 We're here for you. Can you tell us what kind of device you're iOS 11 on? Thanks.
407980,@AppleSupport your iOS 11.0.2 killed Wi-Fi calling and constantly resends old texts back to me! When can we expect an actual fix?,@212256 We'd like to help! Would you explain more about what's happening when you try to use Wi-Fi calling and your text messages in DM? https://t.co/GDrqU22YpT
408841,"Lmao why did I update my Apple Watch, stuck with this fkn analog stopwatch glitch 😡😡 @115858","@212468 We can check it out. Tell us in detail what you're experiencing with the stopwatch, please."
409390,"Since I’ve updated my iPhone I can’t share my personal hotspot &amp; I can’t mix calls together, that’s shit! #Apple #Fixit @AppleSupport","@212608 We can help get to the bottom of these issues. DM us so we can get some more information, please. https://t.co/GDrqU22YpT"
409709,This is why I may never buy another @115858 phone. The new iTunes won't back up my older phone. No reason other than to force new phone buy.,@212699 We can look into this with you. DM us and we'll get started. https://t.co/GDrqU22YpT
410534,Hey @123857 @116333 I haven’t been able to access my Mac’s iCloud Drive Desktop on any iOS 11 build on my 7+. Please fix this,"@123856 We're always happy to help. Send us a DM, and we'll look into this with you. https://t.co/GDrqU22YpT"
415156,@119460 @4464 @115858 Tengo un iPhone 6 y normalmente a esta hora mi batería estaría al 50%. Hoy no... #iOS11Failed https://t.co/A3W0RZ2onG,@213994 We offer support via Twitter in English. Get help in Spanish here: https://t.co/IBIY3vMgPj or join https://t.co/OczyRx7IOs
430157,@115858 needs to step up their #battery game with the #IPHONESE and have my phone stop doing 100%-0% in six fucking texts,@217279 We want you to get the most our of your battery. Which iOS version are you using? When did you first start having this issue?
430779,Since downloading iOS11 my phone refuses to work as a phone. @AppleSupport can you fix this,@217437 We want to help.  DM us letting us know more about what you are experiencing. https://t.co/GDrqU22YpT
431281,@AppleSupport my iphone 7 is getting very hot since i upgraded to 11.0.2 🤔🤔 is that normal,"@217541 We want you to enjoy your iPhone; we'll do all we can to help. To start, when was your iPhone updated to 11.0.2?"
434655,Idk what @AppleSupport did with this new iOS update but now I can’t hear anything on a phone call ... the main purpose of a phone 🙃,"@218258 We're here to help. Have you had a chance to update to iOS 11.0.2? Also, are you able to hear on speakerphone?"
434658,"@115858 thanks for creating an update that deleted every single memory i had from high school, college and the beginning of my career...",@218259 We're happy to help where we can. DM us the details of what happened and we'll get started. https://t.co/GDrqU22YpT
435801,@AppleSupport my iPhone7+ is telling me I need to update my payment information before I can update or redownlaoad apps so put my card info,@218518 We’d love to help. Are you able to select ”None” as your payment method? Steps can be found here: https://t.co/Y0YoIRcZa7
437023,@115858 I guess you are helping alarm clock sales since my alarm no longer works thanks to iOS11. 😩#apple #ios11 #ios11update #iPhoneUpdate,"@218783 We'd be happy to look into this with you! Send us a DM, and we'll continue there. https://t.co/GDrqU22YpT"
437395,"@AppleSupport https://t.co/QHViVoFrob 
A phishing Pop Up is tring to access Apple ID data. Can you fix it?",@218873 Thanks for reaching out to us. Here is a helpful resource: https://t.co/qr0pQfKgYD Questions? Please let us know.
438050,@AppleSupport ever since i installed iOS11 the gifs from my folder won’t work/move on twitter anymore please explain,"@219070 Thanks for reaching out. If you send a gif to someone in Messages, do they animate there?"
445984,if you texted me today and it says I read and I didn't answer. I'm (probably) not ignoring you. My phone decided to have every single app not work and crash immediately every time I try to use it. Thanks @AppleSupport,@220621 That's not the type of experience that we'd like for you to have while using your phone. Click here to continue with us in DM and we'll do everything that we can to get this sorted: https://t.co/GDrqU22YpT
445992,@ATT @115858 @AppleSupport there is some major bug and glitch in #IOS11. Why is my phone showing ATT WiFi signal and why am I getting calls on airplane mode?? Quality at Apple is deteriorating. @116333 you have to address this security issue ASAP. @121927 @220626 @132459 $aapl https://t.co/hYUfk7T0HX,@220625 You've reached the right place for support. We're happy to answer all your questions. When did you first notice these issues? DM us with the model of iPhone you're using to continue. https://t.co/GDrqU22YpT
448377,You upgrade your @AppleSupport Mac to High Sierra and you get the constant 94% CPU issue.... loving it so far.... https://t.co/STtr2aRuJd,@124345 We'd be happy to look into this with you more in detail.  Please reach out to us via DM and let us know what Mac you're using and any steps you've tried to resolve the issues. https://t.co/GDrqU22YpT
450359,@AppleSupport My battery drained from 100% to 20% in 3 hours on moderate use after updating from iOS 10 to iOS 11.1.2 . (7 plus). I never faced such issue when i was on iOS 10.,@221755 Thanks for letting us know about this. We want you to be able to rely on your battery and we're here to help. Please DM us about this battery issue and we'll continue there. https://t.co/GDrqU22YpT
453906,This whole thing with the I️ is actually really starting to piss me off lololol @115858 what are you doingggg?!?!,@222717 We'd be glad to help you with this. Which version of iOS do you have running in Settings &gt; General &gt; About?
453997,I just got my iPhone 8+ two days ago and my camera isn’t working @AppleSupport what’s up??,"@222746 Hey, that's not the experience we want you to have with your new iPhone. Let's see what's going on. First, can you tell us what happens when you try to use the camera? Also, can you tell us the exact iOS version currently installed?"
455060,"Hyrde en film i iTunes, hämtat hem den, men den går inte att se. Ingenting händer, bara svart. 😢 @AppleSupport",@223020 Great! We look forward to hearing back from you.
457213,"Hey @115858 @AppleSupport I've been a loyal Apple supporter, but you make me sad by not providing quality with the new iPhone 8 and the customer care is even worse. about that where is my 💰 money, you see I returned your product but you havent returned my money! thats not fair",@223554 Let's get you into the right hands. Please DM us some further information and we can go from there. https://t.co/GDrqU22YpT
460899,my phone wont send my imessages @115858 this is homophobic,@224498 Messages keep you connected with friends and family. Let's help you restore that connection. Have you tried the steps here: https://t.co/2hgNQH8Vvq Let us know if that helps with a DM. https://t.co/GDrqU22YpT
464736,"@AppleSupport  I found my iPhone but can't get out of the ""lost mode"".  Please help.",@135969 We want to help. DM us here to get started. https://t.co/GDrqU22YpT
480595,@AppleSupport Tried to re-download Instagram and was told I need billing information. Typed in my information exactly and it told me my information was wrong. Please fix this ASAP.,@229215 We'd be happy to look into this with you more in detail. Please reach out to us via DM and we'll get started. https://t.co/GDrqU22YpT
483179,"@AppleSupport birthdays from contacts are not showing up in calendar app, even if I show/hide the calendar in iOS calendar app. Ideas? (iOS 11.1.2, iPhone X)",@229921 Congrats on your new iPhone X. We know how important it is to have those significant dates in your calendar. We'd like to look into this. Click here to join us in DM: https://t.co/GDrqU22YpT
483281,"i’m bouta pitch this phone though like!!
@115858 FIX MY SHIT BRUH!!!",@229957 What's going on with your iPhone? Tell us some details in DM and we'll work together towards a solution. https://t.co/GDrqU22YpT
484478,"slight integer arithmetic bug, huh @AppleSupport https://t.co/oQCCganZyw",@230285 We'd like to check into what you're seeing in the Clock app a bit more. Does this happen every time you set those times that way? Does it also happen if you close the Clock app or restart the iPhone?
484488,@AppleSupport mac wont go past password screen since yesterdays security update. Help!!!,@230287 We can help check out what's going on with the password. What all were you seeing when you try to enter your password?
484536,My @115858 iPhone is deleting my texts? What gives? #helpme,@230306 Thanks for reaching out to us. We know how important your messages are. Let's continue via DM. https://t.co/GDrqU22YpT
486186,"@115858 / @AppleSupport high Sierra has memory leaks on WindowServer process, any performance update scheduled soon to fix this problem?",@230669 We'd like to look into this with you. Please DM us details of this issue with High Sierra and we'll work with you on this memory concern there. https://t.co/GDrqU22YpT
489725,iPhone 8 users! Does your phone freeze a lot? Especially when you have earphones in? Like you unplug them and suddenly it works again? I’m on my second iPhone 8 and they’ve both done it. @AppleSupport,"@231641 Hello Michael, we'd be happy to look into this with you. Are you using the EarPods that came with your iPhone or a different set? Also, what iOS version are you using?"
493556,@115858 I’ve charged my phone 3 times today but have only been on it for about a sum total of an hour 🤔Show your workings.,@232664 We want to be sure you get the most from your battery life. We'd like to look into this further with you. Send us a DM and we'll go from there. https://t.co/GDrqU22YpT
495154,@AppleSupport I can't sign into https://t.co/mnaWejo8dK from Google Chrome Version 62.0.3202.94 (Official Build) (64-bit) on a Windows 10 PC. HALP!,@233075 We want to be sure you can access https://t.co/tmRhWEkIq4 with no issues. Let's get some details. What happens when you try to sign in?
496801,"@AppleSupport I’ve inadvertently changed to the US store in AppStore now when I try to change it back in settings, I’m told to cancel my Apple Mysic subscription? Help!",@233536 We'd love to help you with this. You will need to cancel your subscription and wait for it to run out in order to switch the country back as per this article: https://t.co/usOJWy6ChP
498622,@AppleSupport My iPhone6 keeps exiting all apps I open. Shows black screen with spinning wheel. Can't do anything with it. What's happening? It has the latest iOS installed and all... Help!!,@234035 We're here for you! We know it's important to have your iPhone ready when you need it. Did this issue just start after a recent update? Let us know in DM and we'll work from there. https://t.co/GDrqU22YpT
498636,@AppleSupport hi how do i sort this out when i cant remember the email used. I know the password but cant remember the email cheers https://t.co/djszKFANiG,@234039 Thanks for reaching out.  This article explains how to turn off Activation Lock:  https://t.co/9Wfw6Be2P1 https://t.co/GDrqU22YpT
501472,"@AppleSupport Thank you, but the brightness level still changes on its own. Even now as I’m typing this, the screen got darker. In the past there was a switch to turn this off, but I can’t find it now.",@234806 Send us a DM so that we can look into this further. https://t.co/GDrqU22YpT
501511,@AppleSupport IOS 11.1.2 on iPad Pro first gen makes the touch screen intermittently unresponsive. Please release a fix for this,@234821 We want to help with your iPad Pro. Does this happen when using a specific app or is it random?
503651,"@AppleSupport Hello, if there's a staff who can read Japanese, pls search keyword as ""iphone 再起動"". Since the date has been changed to 2nd Dec 0am, bunch of Japanese users struggled and screaming.","@235367 Hey there. We'd like to look into this with you. To clarify, the time changed in your region and now your iPhone 6s is continuously restarting?"
505071,"@AppleSupport I’ve never been able to figure out how to set all my family members up on our Apple Music family subscription without their song likes, plays and library additions showing up on my profile (which is the master account). Any detailed instructions anywhere on this?",@235792 We'd like to help out the best way we can with your family's subscription to Apple Music and your library. Does their additions and songs appear on only one device or multiple? How many family members do you have on the account? Do these appear from all members?
505103,". @AppleSupport my Macbook pro, is showing this colorful swirl still when waking up the display. Any idea what’s happening? Thanks! https://t.co/4zhLSUtNuU","@235801 Let's get that sorted out. We'd like to get a few pieces of information to help us figure out what may be causing this. Does this happen every time you wake the display, or power on your device? After you login to your computer, does everything display normally there?"
511106,@AppleSupport Why we are seeing Twitter in Game Center on El Capitan? https://t.co/0CmXu43ke2,@237467 We'd love to help look into this a bit further. DM us which El Capitan version you're on. https://t.co/GDrqU22YpT
512545,@AppleSupport why do i have to update to use this? 😒 https://t.co/FNN3fTY2GD,"@237881 Thanks for reaching out to us this evening! The Apple Support app now requires features of iOS 11. Is there an issue we can help with? We can answer questions, set up appointments, and more. Let us know how we can help."
512596,@AppleSupport why does it say this ? https://t.co/9PDn5HKkcC,"@237898 Thanks for reaching out, we want to help make sure that this is resolved. We recommend reaching out to our iTunes support team and seeing what the issue is. You can contact them through this link: https://t.co/SDIe7UiyJN"
514751,"@AppleSupport Every 2 minutes this happening on my phone screen and restart everything. I did some research and so many people have the same issue. Any solve?

İphone 7 - iOs 11.1.2 https://t.co/fgtACrmziU",@238528 Hey there. We've received your DM and will send you a response there shortly.
515839,@AppleSupport my phone keeps restarting on its own please help,@238856 We can certainly take a look at this with you. What model iPhone do you have? Does this only seem to happen when you're using a certain app?
515877,@AppleSupport my iphone6 keeps restarting every 2 minutes after I updated to iOS 11.1.2. Please help with this issue!,@238869 We'd love to help sort out the trouble with your iPhone restarting! Does this happen when you use a particular app? Is your battery low when this occurs?
518384,I accidentally deleted my photos app @115858 #Help,@239565 Glad to hear you were able to get that sorted out. Let us know if you have any issues in the future!
519260,@AppleSupport iphones keeps restarting approximately every 2 minutes. Running ios 11.1.2. Is this a known problem?,@201153 We want to help out! Send us a DM to get started. https://t.co/GDrqU2kzhr
521292,I hate iOS 11. It killed my phone.,@240339 We want to help! DM us and let us know more about the issues you are having. We can look more into this issue from there. https://t.co/GDrqU2kzhr
521294,"@AppleSupport i have an iphone 7 plus and just updated to the latest ios, my phone is non stop crashing coming up with a black screen with a loading circle even when i'm not using apps !!! and it is heating up rapidly. i've restarted it pls help.","@240340 We'd love to help you sort this out! Please send us a DM, and we'll get this resolved as quickly as possible. https://t.co/GDrqU2kzhr"
521305,Hey @AppleSupport my iPhone 6 is running on iOS 11.1.2. Its keep restarting after 10 sec. do something for it. Thank you,"@240342 Hello. Thanks for reaching out. Let's work together to get your iPhone working again. Please tap here, meet us in a DM, and share which country you're located in: https://t.co/GDrqU2kzhr"
523845,"Did anyone else’s iPhone stop displaying recent/missed calls?  So frustrating.  Man @115858, you guys are losing your mojo.",@241081 Relying on your iPhone is vital and we understand the concern to ensure your iPhone is working as expected. Please DM us the iOS version that's currently installed on your iPhone and we'll go from there. https://t.co/GDrqU2kzhr
539886,@AppleSupport have an iPhone 5se and iPad both on 11.2.1 that starting at midnight December 2 would crash and go to the lock screen every minute. Setting the date to dec 1 “fixed” it. Is there a better way to resolve this?,@245208 We've got some information to share with you that can help. Check out the following resource: https://t.co/osZOKKTalm
541169,@115858 whats wrong with the latest update everything is lagging,"@245543 Have you updated to iOS 11.2 yet? https://t.co/80YRnjDFDk If not, be sure and backup before updating. DM and let us know how it goes. https://t.co/GDrqU22YpT"
541178,@115858 #ios1112 has left new #iPhone8 useless. Keeps going back to home screen. Any ideas on next update?,@245546 We've released an update that should help with this issue. Check out this article: https://t.co/osZOKKTalm Let us know if this helps!
542284,@AppleSupport sort out your issues I can’t use my phone!,@245852 We've received your DM and you can expect a response there shortly.
543701,Anyone else’s #iPhone without prompt mini restarts then shows passcode screen? @AppleSupport every 30 seconds,@246292 We know you rely on your iPhone and we're happy to help! Please check out the following article: https://t.co/osZOKKTalm If you need to update the iOS be sure to create a backup before beginning. DM us if you have additional questions. https://t.co/GDrqU22YpT
543705,"@115858 
I’d like to thank you for the amazing products you have made over the past few years. 
How ever this is what’s happening to my iphone. Need some help. Thank you Apple. https://t.co/tPlbmGKQfv","@246294 We know how important it is to have your iPhone running properly, and we'd love to help. Please take a look at the steps listed here, be sure to create a back up before updating: https://t.co/osZOKKTalm  If you're still having trouble, let us know in DM. https://t.co/GDrqU22YpT"
543764,Does anyone know why my phone is doing this reset thing by itself every 2-3 minutes?? Help! @O2 @AppleSupport https://t.co/4ZOA5MmThy,"@246320 We're here to help. We released an update overnight that may address this issue. Follow these steps to update your iPhone and let us know how it goes: https://t.co/osZOKKTalm
Be sure to create a backup before upating."
545190,"@AppleSupport every time I restart my 11.1.2 phone I get SMS notifications from years ago, then 1/2 the time the home screen stops working.  Backup restore and happening on my iPhone X now too https://t.co/LEI5HWOEni","@241769 That's certainly not what we'd expect you to experience. We'll do all we can to assist. First thing, we'd suggest is to back up the iPhone and update to iOS 11.2 which was just released. You can use this guide if you need it here: https://t.co/80YRnjDFDk"
545192,Apple you’ve destroyed the iPhone with the release of #ios11 it’s not stable and reboots every few minutes… #garbage @115858 @AppleSupport,"@246723 We're happy to help. An update has been released that addresses this issue. If you haven't already, back up your iPhone and follow the steps here: https://t.co/osZOKKTalm

DM us if you have questions. https://t.co/GDrqU22YpT"
545196,Acheter un iPhone hyper cher pour qu’au final il bug a cause d’une mise à jour qu’ @115858 t’oblige a faire ! 😡😡,@246724 We offer support via Twitter in English. Contact us for help in your preferred language here: https://t.co/IBIY3vMgPj
545222,@115858 can someone explain to me how I just disconnected my phone and it said 63% and 1 min later it’s at 20%!!! How does this happen,@246733 That is certainly not the experience we want you to have. Which iOS version is your device currently running?
546523,"@AppleSupport How to fix ""No Service"" in ios 11.1.2 in iphone 6s fix bugs....","@247082 We want to help. Could you please check under Settings &gt; General &gt; Software Update to see if you have iOS 11.2 available? If so, please make sure you have a current backup, and install the update. Let us know after that if you're still having the same issue."
546672,@AppleSupport waarom start mijn camera telkens op met Livefoto aan? Dat wil ik niet. Ik heb het uitgezet in de instellingen van de camera maar hij start toch met aan???,@247128 We offer support via Twitter in English. Contact us for help in your preferred language here: https://t.co/IBIY3vMgPj
546689,@AppleSupport unable to add my debit card details for iTunes..Plz help,@247131 It's important to be able to get those apps in the iTunes and App Store when you need them. Our iTunes Store Team can help look into this with you. You can reach them here:  https://t.co/SDIe7UiyJN to get started.
548175,@115858 @AppleSupport Just clearly says Apple Pay cash right I’m not crazy right because it is nowhere in this update https://t.co/kFXUojLAJM,@180258 Let's look in to this together. Check out the following article regarding Apple Pay Cash and let us know if you're still having issues: https://t.co/DtZT7rYVIs
549603,@AppleSupport how do change the ugly black text back to white in iOS 11.2? https://t.co/VBChUCJfzs,"@247974 Text color will change depending on the color of the background. With light backgrounds, you get dark text and vice versa. That way you can be sure to be able to read the text."
549642,@115858 my mac is all fcked up with the new update 😭,@247990 We can help you. What issue(s) are you experiencing with your Mac after the update? Which macOS version did you update your device to?
550678,@AppleSupport I have a ? About Apple Watch,"@248283 Sure thing, we're here for you! Shoot us a DM with your question and we'll go from there. https://t.co/GDrqU22YpT"
550821,"@115858 , plenty of us have iPhones restarting every 2 minutes...looks like an iOS 11.1 date bug (it's now December 2 and the clock is fabulously broken). Completely unacceptable. Where the heck is your software quality control? This is malpractice level bad programming.",@248327 We've seen the reports and have a guide for addressing the concern. We actually released iOS 11.2 today to release new features and patch things as necessary. Check out our guide regarding the restart issue here: https://t.co/osZOKKTalm DM us any questions. https://t.co/GDrqU22YpT
550851,@AppleSupport Hi. I was advised by my network provider to contact you about my phone sending me ‘message failed to send’ when text messages are being sent and received by myself and the recipient.,@248335 Thanks for reaching out. We're happy to help. Could you tell us which iPhone and version of iOS you're using? Could you verify if you're sending SMS text messages or iMessages?
553636,Yo @115858 y’all are bugging with these glitches. My phone should not be starting every 30 seconds.,@249138 We're happy to assist! We've released iOS 11.2; check out https://t.co/VvefsRfjiM for details and steps to help with this issue. Be sure to create a backup before beginning. DM us if you have additional questions. https://t.co/GDrqU22YpT
554825,@AppleSupport my 6s constantly freezes/closes out of apps and gives me the dashed spinning white circle. This happens multiple times a day. I’ve done multiple hard resets and no luck. I’m also out of the country so I can’t call the US roll free number,"@249507 Thanks for reaching out. We know how important your iPhone is and we'll do our best to get things taken care of. To get us started, when the apps close out, does the iPhone restart? What is your current iOS version?"
556193,"@AppleSupport how do I transfer the ringtones I created, from my old iPhone to my new iPhone?","@249927 We love custom ringtones and would love to help. If the original files that you created are on your computer, you can use these steps to transfer them: https://t.co/Pm4DavkQln Otherwise, you won't be able to get them from one iPhone to another."
559055,"@AppleSupport hey, i just downloaded the new IOS update and my iphone keeps clicking things and type by itself what should i do?","@250651 Let's look into this together to help you find a solution. Which model iPhone are you using, and can you verify the specific version of iOS installed from Settings &gt; General &gt; About?"
560455,Hello @AppleSupport support! Why is my iPhone X beeping constantly and not charging when plugged into wall?,@245341 We can help get to the bottom of this charging issue with your iPhone. Let's pair up in DM and we'll get started looking into this. https://t.co/GDrqU22YpT
565940,@AppleSupport Con quien puedo ver una devolución?,@252655 We offer support via Twitter in English. Get help in Spanish here: https://t.co/IBIY3vMgPj or join https://t.co/OczyRx7IOs
566789,Seems @115858 iOS 11.2 #Camera has a focus issue.  Just in time for my cousins wedding tonight.  Guess I won't be taking any pics.  #AppleFail #iPhoneX,@252885 We want you to be able to take great photos. Try these steps: https://t.co/WHn2yzho7h If you're still having this issue send us a DM and we'll work on it together. https://t.co/GDrqU22YpT
566795,"@AppleSupport lack of spacebar, explain. https://t.co/xA8Bmdd9lm","@252886 We'd like to help. If restarting does not resolve this, send us a DM. https://t.co/GDrqU22YpT"
566812,"@115858 autocorrect is starting to drive me crazy. Yes, I meant to type ""it"" not ""I.T"". And, what is ""Ibe""? I need ""I've"". Anyone else having this problem? #iphoneprobs #autocorrectsucks #fixitapple","@252892 Let us help with that. To start, send us a Direct Message and tell us what iOS software version you're using. We'll pick it up from there. https://t.co/GDrqU22YpT"
566826,@AppleSupport my phone has been crashing a lot since I updated to iOS 11.2 help please,@252897 Happy to help with this. What apps are you using when this happens? DM us and let us know. https://t.co/GDrqU22YpT
567610,"Hey @115858 @AppleSupport the new update sucks!! Had 100% on my phone, 3 songs on Apple Music and it’s down to 82% .. any ideas?","@253131 Let us know via DM which issues you've run in to, then we'll be happy to help out from there. https://t.co/GDrqU22YpT"
568411,"You'd think that @115858—a company with virtually unlimited resources—could get services right. Other, much smaller, teams can do it. #WTAF #AppleFail #ApplePhotos … https://t.co/JIEhdgnTmW",@253367 Can you see your iCloud photos on any other device? We would love to get this resolved for you.
583590,@115858 cut the bullshit #plannedobsolescence https://t.co/DtfI3eFNTf,"@257645 We've got some information to share that can help. Take a look under ""Get help with your UNiDAYS account"" in the following article: https://t.co/ovhvOGgQpP"
584688,"me and my bro's iphone 6 fucked out the same way (resets itself on loop every 2mins) at exactly the same time (0000hrs 2.1.2018) after the update. It can't be a coincidence right @115858 ?? Fuck this, I want my Nokia 2280 back.","@257976 We're happy to help! Are you experiencing this after updating to iOS 11.2? If not, this article should help resolve the issues you're both experiencing: https://t.co/osZOKKTalm Let us know, we're here for you."
584737,"Okay, I thought this was just me, turns out, there are quite a few facing this problem #Staingate @AppleSupport. My Early 2015 MBP has the entire anti-reflecting coating peeling off from all sides. It ain't a pretty site, I would love to chat about the replacement program.","@257989 Please send us a DM, we'd like to gather some information about your Mac and also ask a few clarifying questions regarding the issue. https://t.co/GDrqU22YpT"
584812,@AppleSupport @116333 this is the price I paid as i keep loyal to apple products  and my cell is more than year old . https://t.co/oIs4KhnfRu,@249104 Is your iPhone still restarting after following those steps? Let us know in DM and we'll investigate the issue further. https://t.co/GDrqU22YpT
584824,@AppleSupport Can I use my wired  printer  having USB on my MacBook pro which has  has c type?..Pls suggest if USB hub and c-type to USB female will work for it?,"@118356 The configuration you've described will work just fine, however if you'd like to avoid using a hub, you could also opt to purchase a USB-B to USB-C cable instead to connect your printer directly to your MacBook Pro."
592221,@AppleSupport my phone keeps restarting itself and it doesn't turn all the way off it just gets rid of whatever I was doing and it only happened every like hour or so but now it's happening every like 3-4 minutes and I can barely even use my phone??,"@260153 Thank you for that information. Create a current iTunes or iCloud backup, and follow the steps in this article: https://t.co/osZOKKTalm"
592243,@AppleSupport I have problem with the iCloud that didn’t pass all the contact to an iPhone X. Do you have any solution?,"@260159 Let's take a look together! To start, can you DM us more information about what occurred? Also, is this occurring on multiple devices or just the iPhone X? https://t.co/GDrqU22YpT"
592281,I guess @115858 thinks it’s funny to mess up your phone with ‘updates’ whenever a new iPhone it’s released🤷🏽‍♀️WTF #iOS11,"@260171 If you're having issues with your iPhone, we'd like to know more. Send over the details of what's happening via DM. We'll take a look. https://t.co/GDrqU22YpT"
593501,@AppleSupport  no one seems to know what’s going on my lost order #customerservicefail #help,"@260525 We'd be happy to help out however we can. Have you spoken to our Sales Support team yet? If not, to whom have you spoken so far?"
593599,@AppleSupport what’s wrong with my software update. Y’all got me messed up.,"@260556 We'd love to help! Which device are you using, and what's the issue that you're seeing? Do you know which exact version of the operating system it's running?"
594633,yesterday i went on a great date with my mans and couldn’t capture any of it on my phone cause the shit was on but my screen wasn’t working @115858 thanks a lot 😑,"@260880 We want you to be able to capture life’s special moments, and we’d love to team up with you on your iPhone. To begin, which apps were you using when the screen didn’t work as expected? Also, does restarting the device help: https://t.co/OWRDHWSt4h"
594703,@AppleSupport could you tell me how to get Apple 🍎 pay through text to work,"@260901 If you're in the US, those features will require iOS 11.2 and will begin rolling out early next week."
595801,@AppleSupport My ipod 5th gen can charge but it always gets stuck on the apple logo and the recovery steps have not worked. It's also not being recognised by my laptop or itunes. It'a been like this for a few months. What do I do?,"@261183 We’d love to assist. To begin, which computer do you own, Mac or PC? Also, which iTunes version do you have installed on it?"
596847,@115858 @AppleSupport @115948 I updated my phone and now Apple Music doesn’t work 😡,@261482 Let's get that music back so you can continue to enjoy it. What happens when you go to your Music app? Do you see any songs? Is iCloud Music Library enabled: https://t.co/9VQ9VywZJ2?
596917,Anyone else’s it correcting to I.T?,"@261505 We'd like to have you back up and update to iOS 11.2. Test it out after that and see if the issue has been resolved and let us know the results. 

Backup and update iOS: https://t.co/ahjigcvFRG https://t.co/GDrqU22YpT"
596933,Sick of my phone crashing 😡 @115858  your shite,@261511 We're here to help with any issues you're having with your iPhone. Select the following link to join us in a DM and let us know more about what's happening. https://t.co/GDrqU22YpT
599139,@123857 Has Disk Utility gotten less crappy in High Sierra?  Seems in Sierra every action I have to do twice because the first time it fails!,@262105 We'd like to help if we can. Send us a DM with some details and we'll look into it further. https://t.co/GDrqU22YpT
600409,@AppleSupport cant access my apple account. Is there a known issue causing this? My X just completely died too,"@262394 We're always here to help. Could you let us know what exactly is happening when you say you can't access your Apple account? For example, are you getting an error message?"
603260,@AppleSupport Talking about the bedtime reminder in the clock app. No option to turn off reminder. https://t.co/MZgdECYnpd,"@263306  To turn Bedtime reminders off, simply tap the Bedtime switch."
610289,"IOS 11 is so crap, none of the buttons even work on my facetime to change camera, end call, anything and the phone is wayyy slower @115858","@265097 We want to help! Which device and exact iOS 11 version are you using? Have you tried any steps, like restarting, yet?"
613050,@AppleSupport Is this really from Apple? It’s asking to verify my account with all my info and credit card info as well. Help. https://t.co/BXh5MdCWXp,@265100 That message doesn't appear to be from us. You can check that further with the steps here: https://t.co/LNMCdqt6fD as well as find out how to report that to us. Let us know in DM if you have any other questions. https://t.co/GDrqU22YpT
613127,@115858 this update is fucking terrible and has completely ruined how my phone operates so thanks a bunch for forcing it upon my life,"@265793 We want to do everything we can to resolve any problems you're having. What issues have you been experiencing? Send us a Direct Message, and we'll discuss what we can do to help. https://t.co/GDrqU22YpT"
617291,@AppleSupport @ I am a I phone 6 owner I install all recommended updates when prompted on my phone however this hasn’t resolved the problem with the battery in the phone and the phone shuts down whilst showing I still have charge Please help me?,"@266452 We'd like to see how we can help with your iPhone. Send us a DM with the iOS version it's currently running, and we'll continue from there. https://t.co/GDrqU22YpT"
617309,"Dear @115858, put some limitations on apps for sending updates after certain period.10 app updates everyday is not done. These updates eat up large portion of data. @AppleSupport 

#apple #iphone #apps #updates https://t.co/XXcRztoXSk",@266459 We certainly appreciate your feedback on this. Please feel free to submit your feedback here: https://t.co/eTPVYVFyd8
619442,@AppleSupport So I took the #crapple #apple update and the battery is still 💩 I got to 10% battery in no time and then the screen went black,@157897 We're here to help. DM us and we'll get started. https://t.co/GDrqU22YpT
619502,"Hey @115858 @AppleSupport we need a lil favour. Safari 11.0.1 &amp; it’s relationship with High Sierra needs to be fixed. Many people are having multiple problems since the High Sierra update, specific sites are not loading. Multiple community posts have not fixed problem. Please help","@267012 We're happy to help. Send us a DM, and we'll take a closer look at the issues you're experiencing with Safari there. https://t.co/GDrqU22YpT"
630123,It makes no sense that you cannot pair/unpair an Apple Watch without factory reset. I just worked out! Fix this! @AppleSupport @115858,"@150253 We'd love to help. If you have a backup, you can restore that to your watch when it's re-paired. https://t.co/ZgliRI8nbI"
631768,"My phone just completely stopped working out of nowhere, so if ya need me message me on here. 
Thanks @115858",@269718 We want to try to help. Tell us more about what is going on with your iPhone? Did it power off and now it won't turn on? What was the iPhone doing before it stopped working?
637428,"نصيحة لا تحدثوا أجهزكتم بالتحديث الأخير 
11.1.2 لأن النتيجة تعطيل جهازكم!
 Advice: 🔴 Do not update your🔴 device with the latest version 11.1.2
Because the final result will be as shown!! 😅
 Cc : @AppleSupport 
@115858 https://t.co/pSN7qpnFWR","@271139 Thank you for reaching out. We want to help you with getting your iPhone updated. From the screenshot you provided, error 4013 can be resolved with the steps in this article. Let us know the result: https://t.co/lMMVPdjGNN"
637450,Yo @115858 so yall sending updates every week but not one of them fixes the fact that my apps continuously crashing/freezing? 🤔,@271145 We're happy to assist. Which iOS version are you currently running? Go to Settings &gt; General &gt; About for the version.
644935,@AppleSupport iOS 11.1.2...I’m guessing about a month ago.,@273068 Let's have a look at this together. Can you please DM us? https://t.co/GDrqU22YpT
644947,"@AppleSupport Yes , i maximum and minimum volume but no sound changes occur and this problem occurs when video call use speaker , this happens after ios 11,   I flash downgrade 11.0.3 - 11.1.2 but nothing changes and I have restarted but nothing changes. @AppleSupport",@273071 Is this happening when using FaceTime or other applications to make video calls?  Let us know in DM. https://t.co/GDrqU22YpT
646817,@AppleSupport is this a legitimate email from you guys or a scam. I haven't opened the pdf. https://t.co/KJZWUkcniQ,@273625 It's great that you're being cautious. We can verify this isn't an authentic email from Apple by the sender address and content of the message. We've got a helpful guide to share with you to identify and report such fraudulent emails: https://t.co/sayPykspsk
649776,"@AppleSupport iOS 11.1.2 has made my iPhone 8+ practically unusable. Horrendous lag. Also if someone texts me while listening to music, it pauses the music.",@274458 Thank you for taking the time to reach out to us. We want to help. Do you notice a difference when using Wi-Fi versus cellular data? Let us know in DM. https://t.co/GDrqU22YpT
652997,"Thanks, @115858. 

$900B company.
$1,100 iPhone X. 

Every time Tha\T’ I type “that”, it autocorrects to “Tha\T’”. 

FIX IT!!!!!",@275271 Hey there. Congratulations on your new iPhone X. Let's figure out what's happening with autocorrect. Please DM and tell us what version of iOS you see under Settings &gt; General &gt; About &gt; Version. https://t.co/GDrqU22YpT
656247,Made me update the software on my MacBook Pro and now it keeps crashing wtf @AppleSupport,"@276126 We want to help, as that's not the experience we want for you. When you power up your device, does it boot to the user screen or is something else happening?"
656337,"@276157 @AppleSupport I lost my visual voicemail today, stopped working same screen as @276157 is reporting ... turned off java, that didn’t help, I am on public beta iOS 11",@276158 Join us in DM and we can help provide options for working with issues while using beta versions of the iOS. https://t.co/GDrqU22YpT
659499,"Dear @115858, when are you about to fix the issues on freezing screens on older models for iOS 11 ? Beta releases don’t cut it yet.",@277037 We'd like to help out. What iOS version and device are you currently using?
662787,@AppleSupport Yep. All of the most recent updates are installed,"@277907 If Instagram continues to crash, we would suggest removing it and re-downloading it from the App Store as detailed here: https://t.co/1wjBfT2kGk"
668548,"@AppleSupport  Hi, I have a 3 year Apple Support through a University.  Does this cover Accidental Damage , drops &amp; spills ...? Rsvp-thanks.",@279409 We're here to help. DM us so we can look more into this with you. https://t.co/GDrqU22YpT
668576,@AppleSupport WHY TF has been phone been glitching. Like I’m really tired of y’all. I have an iPhone 7 this shit should not be happening.,@279420 Issue with your iPhone? We can help. DM us with more information and we'll see what we can do to help. https://t.co/GDrqU22YpT
669865,Is it me or is the new IOS11 sucking up battery power like its going out of style?? I cant seem to keep my devices charged...@115858,@279771 Send us a DM and let us know your device and version of iOS. We're happy to help. https://t.co/GDrqU22YpT
675393,Is there some kind of a bug causing random blurs in the iPhone 7 Plus camera? @115858  @AppleSupport,@218074 We'd like to help. DM us what iOS version you're on. https://t.co/GDrqU22YpT
676795,The #ios11update  (11.01 update) has caused my iPad Pro to reboot constantly.  It is unusable. How can I fix this @AppleSupport ?,@281447 We'd love to help. DM us and let us know if you have a current backup. https://t.co/GDrqU22YpT
676798,@AppleSupport Cómo hago para que mi app de @12762 suene incluso si mi iPhone está en silencio o en no molestar 🌙? Gracias. 😀,@281448 We offer support via Twitter in English. Get help in Spanish here: https://t.co/IBIY3vMgPj or join https://t.co/OczyRx7IOs
682087,"@AppleSupport hello, I keep getting this message when trying to update my phone, what can I do? https://t.co/c2JFGFLDrM",@282787 Thanks for reaching out to us. We are always happy to help. Send us a DM so we can look into this together. https://t.co/GDrqU22YpT
682101,@AppleSupport y’all need to get it together. I’m tired of my I’s autocorrecting to scientific calculator hieroglyphic symbols. You think I️ is acceptable?,@282792 Here’s what you can do to work around the issue until it’s fixed in a future software update: https://t.co/xXaXeeSRt9 https://t.co/GDrqU22YpT
685590,@115858 i turned off the Bluetooth but the pencil didn't disconnect by itself as always. Is this the new feature of ios 11 too? Because it waste pencil battery a lot,@760384 Hey there! You can read about accessories paired via Bluetooth in iOS 11 here: https://t.co/G7BHuQnDS6
685811,Dear @AppleSupport @115858 ... My iPhone X is stuck on Apple logo and its driving me insane. I have tried everything online. Please advice :(,@283709 Thanks for reaching out. We can take a look into this for you. Have you tried all the steps outlined in this article here? https://t.co/8MvHMFZ83h DM us the results. https://t.co/GDrqU22YpT
688912,"@AppleSupport hope you will remove the lag from the last update ! 
We can’t even write a text without lagging #appleupdatelag",@284600 We'd like to work with you. Let's continue our conversation in DM. https://t.co/GDrqU22YpT
689368,@AppleSupport something wrong with my iMessage send help ASAP 🤦🏻‍♂️,@284729 Hi. You came to the right place for help. Tell us which device you have and what's happening with iMessage and we'll be glad to help.
689398,@115858 get your coding team together to fix this shitty update so my phone can stop freezing and glitching,@284740 We can help. What iOS version are you currently using?
693950,Imagine if every day you came to the office with fear that someone might have flipped your desk and thrown away all the stuff you worked on. Well that’s how I feel every morning. @115858 please fix problems related to wakeup from sleep on MacBook Pro!,@285466 We are here to help. DM us the details of your issue and we can take a look at this. https://t.co/GDrqU22YpT
694516,So..my Gf can Unlock my IPhone X with her face but I can’t unlock hers !! HOW IS THAT POSSIBLE??  @115858 @AppleSupport #iPhoneX,@285610 We'd like to look into what's happening. Please shoot us a DM using the link below. https://t.co/GDrqU22YpT
701606,"iphone 5s is completely bricked now and itunes restoring gives an error that it cant be restored unknown error, what am i supposed to do now?
@AppleSupport",@287491 We can help! Tell us more about what's going on please. Had you been experiencing an issue that required you to restore?
701622,"@AppleSupport @115858 ios 11.1.2 is incredibly good. Battery performance increased by 200x, muct better than ios 10. Great work apple team, you deserve a salute from all users. U can just dream about such comments. Ios 11.1.2 battery performance is worst. Don’t see any hope now 😖",@287497 You are absolutely in the right place for help with your iOS device. We're excited to get to the bottom of things. What type of device are we working with? Please send us a DM. https://t.co/GDrqU22YpT
703070,I’d be #grateful if @115858 would fix the bug in texts where I send one and the screen goes completely blank so I can’t get to any other texts and then I have to restart my phone. 😘 #thanksgiving,@287946 Thanks for reaching out to us for support. We would love to help you. Please DM us so that we can look into this together. https://t.co/GDrqU22YpT
704260,@AppleSupport MacBook Air from india under warranty - battery drains. All checks done. India support team doesn’t understand . #appleindia support team breach of security verification . Need help. #timcook #applesupportindia,@288287 We'd be happy to look into this with you more in detail.  Please reach out to us via DM and we'll get started. https://t.co/GDrqU22YpT
704520,"Hey, @AppleSupport, this is bad for my Series 3, right?  Don’t really want to have to take it into my Apple Store, since the earliest is Sunday..  #annoyed https://t.co/QKZUd2MGFY","@288357 We know how important it is for you to be able to enjoy your Apple Watch and we'd like to help. To start, please DM us with the country where you're located. https://t.co/GDrqU22YpT"
706888,"ermm,",@285470  We’d love to help. On what device were the pictures stored? Let us know to continue.
706923,What the hell is going on with this #iOS11 update now I can’t even switch from app 2 app without my phone freezing on me @115858 fix this 😡,@275893 We're happy to assist. Which iOS 11 version are you currently running? Go to Settings &gt; General &gt; About for the version.
707428,I HATE THIS AUTO BRIGHTNESS BULLSHIT ON IOS 11 ... HOW DO I TAKE IT OFF ?!?!?!?! @115858,@289123 This article explains how to adjust your auto-brightness settings: https://t.co/bkqEVCrK2l
707453,"@40790 (siendo user de apple, no hater) es iOS11 la peor actualización de @115858? Todos los días fallos continuos. Hoy móvil blocked 10 min",@289129 We offer support via Twitter in English. Get help in Spanish here: https://t.co/IBIY3vMgPj or join https://t.co/OczyRx7IOs
707972,Who the hell decided this was a good design choice @115858 ??????? https://t.co/3BI60NimEO,@289241 We are here for you. Let's take a look at this further for you. Reach out to us in DM. https://t.co/GDrqU22YpT
709513,@115858 my phone has frozen abt 3 times in the last 10 mins when r y'all gonna fix this,"@289652 We'd love to lend a hand! Which iPhone are you using, what iOS version is on it, and when did this issue begin?"
710060,@AppleSupport evening can you help Siri has lost her beep even with sound and volume up can you help the same with AirPods in nothing,"@289784 We'd love the chance to help with this. Which software version are you using? Are you using ""Hey Siri"" to activate Siri?"
711178,"@AppleSupport 
what should I do ? https://t.co/w4Pncxkzkm",@290078 We would like to help you with your App Store.  What happens after you sign in there?  Please respond in DM. https://t.co/GDrqU22YpT
713785,@AppleSupport  app store downloads have been impossibly slow for the last week since iOS11 &amp; I mean impossible,@290730 We'd like to help! Send us a DM with the country that you are located in to continue. https://t.co/GDrqU22YpT
714209,@AppleSupport 11.0.2?,@290847 Did it allow you to complete the setup of visual voicemail or did it give an error message? DM the answer below. https://t.co/GDrqU22YpT
714778,"yo! the new OS is cool &amp; all, but ever since the update my iphone6s+ keeps randomly freezing, then i have to reset to restart @AppleSupport",@290986 We're here to help. Have you had the chance to update to iOS 11.0.2? Is there any app in particular it seems to freeze on?
715495,#ios11 broke my iphones connection with my 2015 highlander Wtf @115858 @AppleSupport,"@291200 Hey, we'd like to help. Are you connecting via Bluetooth, USB, or CarPlay? Also, what's the exact iOS version?"
716075,Now my phone won't charge.....i see what y'all did @115858,@291350 We're here to help with any issues you may be having. Have you tried the steps here: https://t.co/uqxquyfdn0
716497,"@AppleSupport Hello, I’m having an issue with my iPhone where my caller ID keeps showing up even though I turn it off, any help?",@291486 We'd like to look in to this with you. DM us about this caller ID issue and we'll continue there. https://t.co/GDrqU22YpT
716620,@AppleSupport I woke up one morning to find that my #wifi button just won't turn on and my Bluetooth won't connect ??,@291517 We'd love to help you sort out the trouble wit Wi-Fi and Bluetooth! Which device is having the problem? Send us a DM. https://t.co/GDrqU22YpT
717211,@AppleSupport I suffer from the surface of the iPhone is very slippery like a mirror 😬,"@176850 Let's look into this together. Could you tell us more about what's happening? Also, which device are you using?"
717221,@115858 @AppleSupport #iOS11 is awful my iPhone 7+ has crashed a good 30 times since installing it. Steve Jobs is rolling over in his grave,@152082 We're here to help. Send us a DM with the details of what's happening. We can work from there. https://t.co/GDrqU22YpT
717232,iOS update made my phone freeze many times. You should fix that. I’m not the only one bother bout the update @AppleSupport,"@291712 We'd love to look into this with you!  To start, can you DM us what iOS version and model iPhone we're working with? https://t.co/GDrqU22YpT"
717615,it would be gr8 if apple could release iOS updates that don't make my phone crash &amp; die every fucking day !!,@291829 Thanks for reaching out to us. We'll be glad to help. Check out the steps in this article for help: https://t.co/fUZ0NRJxcn
718093,@115858 your updates for #iPhone bite. Can't even connect to WiFi at @32366 #ditchiPhoneGoAndroid #iPhone7Horrible #sad #lotsofissues,@291952 Being able to connect to Wi-Fi is very important and we want to help resolve this issue. May we get a description of the issue?
720475,Why is my iPhone X so hot? Is it suppose to be like that @115858 @AppleSupport,"@198612 Let’s take a look at this together. Meet us over in DM with more details, and we’ll work with you there. https://t.co/GDrqU22YpT"
720580,@115858 eye’m about to lose my mind with this stupid bug. The letter after H doesn’t work anymore. #FIXThis. 😡😡😡,@292460  Here’s what you can do to work around the issue until it’s fixed in a future software update: https://t.co/xXaXeeSRt9 https://t.co/GDrqU22YpT
721328,@AppleSupport @115858 Facing some Wifi Issues on Iphone 6S  Ios 11. Wifi runs even after switch off in control center...,@292662 There is new functionality in iOS 11 for Control Center. Take a look: https://t.co/G7BHuQnDS6
722023,Bon ça va 2min avec le wifi et le Bluetooth qui s’activent tout seuls la  . Votre iOS 11 de merde la @115858,@292842 We offer support via Twitter in English. Contact us for help in your preferred language here: https://t.co/IBIY3vMgPj
722502,The new iOS is slowly but surely killing my phone. @115858 smart move to get us to buy the new phone! #FirstWorldProblems,@292987 That's not the experience we want you to have. What issues are you having with your iPhone?
722559,There's zero info on the Internets on why this would happen w/ Apple Watch Series 3 (just unboxed) + iPhone 5s (iOS 11.0.2). @AppleSupport? https://t.co/0Up2FQOul8,@293002 Watch Series 3 (GPS + Cellular) requires an iPhone 6 or later with iOS 11 or later. For more information: https://t.co/G7Vx4wwBSl
722979,I’m having serious problems with my @115858 phone since this update. (7plus) Anyone else experiencing this? Help,@293111 We're here to help. DM us a bit more about what is going on and we can pick up from there. https://t.co/GDrqU22YpT
726695,"@115858 new iOS won't search files within dropbox when I do a basic search on my phone. also is auto-capitalizing stupid words like ""bad""",@294070 We can happily help look into this with you. Which iPhone do you have &amp; what version of iOS are you running?
735912,@AppleSupport wanna make the next IOS 11 update to stop the random freezing and fix the sound issue? K thanks,@296028 We want to be sure you get the most out of your device's performance. Send us a DM and let us know what device you're using. https://t.co/GDrqU22YpT
735956,@AppleSupport since update my alarm comes on very loud and no longer has a setting for a nice subtle wake up - scares the 💩 out of me,@296041 Let's work to look into this together. Reach out to us in DM and we'll be happy to help. We look forward to working with you. https://t.co/GDrqU22YpT
736449,@AppleSupport sent you a DM already. Please respond.,@179727 We received your DM and will continue there.
739110,Hola @AppleSupport mi esupendo IPhone 6 Plus ha dejado de funcionar correctamente la pantalla no responde. Lo he restaurado a modo fábrica,@272720 We offer support via Twitter in English. Get help in Spanish here: https://t.co/IBIY3vMgPj or join https://t.co/OczyRx7IOs
739123,"@AppleSupport hi #apple, I’ve a concern about the latest ios is too slow on #iphone6 and i am not happy with it. Any solution please?",@296769 Have you updated to 11.0.2 yet? https://t.co/80YRnjDFDk Send us a DM and let us know more details. https://t.co/GDrqU22YpT
741052,@AppleSupport bonjour après mise à jour hier 11.0.2 sur iPhone 7 Plus iPhone ne fait que de deconner repertoire flou et menu se superpose,@297229 We offer support via Twitter in English. Contact us for help in your preferred language here: https://t.co/IBIY3vMgPj
742280,"Upgraded iPhone6 to iOS 11. Performance is SLOW: switching apps, loading content, typing. 7 secs to start playing VM msg!? @AppleSupport",@297500 We'd like to help. Are you experiencing this issue on the latest version of iOS 11.0.2?
742298,@AppleSupport Why does my iPhone 6S Plus keep doing this at random when I click the home button? https://t.co/f6OrwzQ7gj,"@297504 This is expected. If you double tap on your Home button, it drops down the apps to make them reachable with one hand."
742990,i updated my phone just for the glitches to get worse than before @115858 ok i hear you im getting a new phone,@165923 Let's talk. How about we meet in a DM and check a few things with you? Tap here to meet us there: https://t.co/GDrqU22YpT
744260,"Dear @115858, instead of just telling me that your shitty device is ""unable to download x update"", why don't you tell me WHY?!","@297948 We can help! What device is this occurring on? Let us know via DM, then we can go from there. https://t.co/GDrqU22YpT"
746070,"Hey @applesupport #iOS11 is a big joke. Since the upgrading, my phone is slow slow so slow. Plus #freezing and #lagging. Hum 😤",@298351 Let us help you with that. What iPhone model are you currently using?
751780,Help me. @AppleSupport @118936 @8492 https://t.co/jDrT3fTjr0,"@299681 You're in the right place for help. To start, what iOS version is shown in Settings &gt; General &gt; About?"
756432,"@AppleSupport please stop making my messages disappear, I’m trying to win at cup pong &amp; 8ball. Thx(:",@300790 We'd like to look into what's happening a bit closer. Could you join us in DM with more details? https://t.co/GDrqU22YpT
756531,@AppleSupport iPhone 6 with iOS 11.0.3. It’s an insurance replacement from June. The phone is also very warm. I have all the battery drainers turned off.,"@300802 Just to clarify, are you referring to these suggestions? https://t.co/bivpdfBNJ6 If you've tried those, let us know in DM. https://t.co/GDrqU22YpT"
761898,@115858 this happened to my iPhone 5s won't turn on what do I do?? https://t.co/KNe23glijJ,@302033 Thanks for reaching out to us here. You'll need to connect to iTunes. Are you accessible to a computer currently? https://t.co/GDrqU22YpT
762555,"Since updating my phone I don’t receive WhatsApp notifications until I open the app. @AppleSupport, sort it out. Annoying af. 😒",@302194 We'd be happy to assist you with this. Can you provide us which iOS version you're using?
763627,@AppleSupport I got an iphone 6 with straight talk just like my 5....erased all content and tried inserting my sim card but it is saying the carriers dont match. how do i fix this,@302490 We know it's important to be able to use your iPhone as expected. What is the exact error message you're running into?
764845,"Since updating my iPhone, my screen has been super glitchy &amp; partially unresponsive. Get it together @115858","@302804 Let's take a closer look together. Which iPhone model do you have, and what's the exact iOS version number installed?"
764853,@AppleSupport… FIX MY TEXT MSG NOTIFICATIONS COS THIS UPDATE KEEPS MAKING ME MISS MY MESSAGES‼️😑 please and thanks😅,"@302805 We want to help. What is the exact iOS version you're using? Since updating, have you had a chance to restart?"
764896,@AppleSupport I’m trying to help my sister.  She’s getting my old iPhone tomorrow.  Switching from an iPhone 5C to the 7plus.  She doesn’t want to create a new account. But has 100 contacts she no longer needs.  Any ideas to delete them quickly with as little hassle as can be?,@201000 How kind of you to help your sister prepare for her new iPhone! Do you know if she uses iCloud to back up her contacts?
765489,@AppleSupport Anyone else noticed that if you turn off Bluetooth via control centre it comes back on? I have to go in to settings (1),@302959 We can get you some more information on that. Send us a DM and we'll go from there. https://t.co/GDrqU22YpT
767430,@AppleSupport woke up this morning to my home button not working and not being able to use it and this message coming up... help please https://t.co/rbEL58WPSg,@303410 We'd like to help. Let's try any steps you haven't done from this article: https://t.co/xqiXha6yeB Let us know the outcome.
770122,The Apple Pay setting disappear after I upgrade to Mac OS 10.13. I wonder how to fix it. Reinstall system or something else? @AppleSupport,"@303899 For this type of issue, reach out to our Apple Pay specialists here: https://t.co/IBIY3vMgPj"
771977,#IOS11 had completely destroyed by battery life on an iPhone and iPad. Thank you very much @115858  @AppleSupport,@304391 We want you to enjoy using iOS 11 on your devices without worrying about battery life. Have you updated to iOS 11.0.3 yet?
773053,my tvs stuck @AppleSupport help https://t.co/yKCeLgyF1o,"@304677 We're glad to see that you got it sorted! Thanks for keeping us in the loop. If you need anything else, just let us know."
773650,@115948 @AppleSupport what is going on? i can’t see the track names! #ios11problems https://t.co/9qn28n3Sig,@207159 We're happy to help. Does restarting the iPhone resolve the issue?
774652,app store unresponsive after ios 11.0.3 update. pls fix @115858 @AppleSupport tried to update my apps/download apps and it’s not working,@305069 We're here to help. Is there a specific error message when attempting to connect to the App Store? Are you on Wi-Fi or LTE?
775243,@AppleSupport last iOS upgrade has slowed down too much my iPhone📱 😡,@305229 Let's see how we can help. Are you experiencing this with any specific apps? What is the exact iOS version installed?
778894,@AppleSupport WTF! I upgrade to IOS 11 and now my battery dies 3x as fast??? What’s that all about? I AM NOT buying a new phone yet!,@306015 We'd like to assist. Could you please send us a DM so we can gather some information and get started? https://t.co/GDrqU22YpT
782376,Bugün tam 5 kere şarj oldun be sevgili apple ... @115858,@306758 We offer support via Twitter in English. Contact us for help in your preferred language here: https://t.co/IBIY3vMgPj
790037,"@115858 iOS 11 is really bad! - everyone I know is reporting battery issues, apps crashing, slow performance, odd glitches, etc. FIX IT!",@308396 We want to do all we can to help. Let us know the iOS version in Settings &gt; General &gt; About to get started.
792154,These kernel panics are pissing me off. @AppleSupport can I send you some Panic Logs?,@308889 We're anxious to determine what's going on. Please shoot us a DM and we can get started. https://t.co/GDrqU22YpT
794533,"The @115858 #iwatch with LTE just doesn't work. 
No connection at al it's basically just a series 2 with LTE that doesn't functionl.","@309440 Hey Dane, we'd like to help. Which carrier are you using? Let us know in DM and we'll continue there. https://t.co/GDrqU22YpT"
795795,The frequency at which I sometimes have to delete and reinstall @AppleSupport Watch apps to restore complication functionality is unsettling,@309742 Sounds like it. We want to help! Which Apple Watch and watchOS are you using? Which apps are causing issues?
801723,@AppleSupport iOS 11 sucks! All kinds of issues with apps freezing up. Have to reset phone before calling. smh,"@311037 Let's take a look at what's going on. When the app freezes, can you switch to another app or screen?"
802447,"@AppleSupport Dropbox app on iPhone downloads full size pix to upload, but Photos app doesn’t ever readjust and storage is full",@184591 Let's look into that. Send us a DM and we'll go from there. https://t.co/GDrqU22YpT
804085,@115858 @AppleSupport my iMessages still isn’t working 😡😡😡,@193542 Let's get to the bottom of this together. DM us and we'll get started.
806386,@AppleSupport My phone has just decided that is should be I.S and I.S autocorrecting every I.S to I.S. SEND HELP! PLEASE! How do I fix?,@312163 Which iOS version are you using? Let us know in DM. https://t.co/GDrqU22YpT
806904,Dear @115858 can another update have a feature during #facetime where I can share my screen to show my friend something on another app #Apple,@312269 We appreciate your feedback. Please send this to us via our website: https://t.co/eTPVYVFyd8 DM us if anything comes up. https://t.co/GDrqU22YpT
807380,"Dear @AppleSupport, ongoing battery issues with iPhone 6S running iOS 11.0.2. No indication in 11.0.3 update of a fix. Reported on web b4.",@312388 Let's look into that. Send us a DM and we'll go from there. https://t.co/GDrqU22YpT
808446,@AppleSupport as soon as I get ios11 my r ejust wants to jiggle everything,@312640 We’d like to help with that. Can you start by letting us know more about the situation via DM? https://t.co/GDrqU22YpT
808851,@115858 @AppleSupport so I just tried to update my 6s. What is this? https://t.co/VaAVmuYio3,@312732 Let's work together to get this resolved. Are you updating over Wi-Fi or through iTunes on your computer?
811638,"@AppleSupport Hi trying to download a game on to my phone but keeps telling payment failed, can't sign in to itunes too","@313383 Hi. We're happy to help with this. Let's take a look at this article: https://t.co/U96y4MTG7k
Let us know if this helps."
816200,Portrait Lighting on iPhone 8 Plus lets you create dramatic studio lighting effects.,@301916 We are here for you. Could you let us know the exact iOS version you are running?  You can see at Settings &gt; General &gt; About.
816431,@AppleSupport Still realllllly slow across almost all my apps and especially Siri voice commands,@314423 Thanks for the update. Let's work on this further in DM. Send us which device you are seeing these symptoms with. https://t.co/GDrqU22YpT
817049,@314592 @AppleSupport I also have the same problem,"@314593 Reach out to us via DM, and we'll be happy to take a look at this with you from there. https://t.co/GDrqU22YpT"
818245,"@AppleSupport They were all saved. But now it is asking me every time and it says they are ALL wrong, that wasn't possible to process.","@312886 Thank you. Are you manually entering the passwords, or are they saved passwords?"
818598,@115858 seriously why since upgrading to #IOS11 does my phone call my emergency contact after 30ish minutes on charge??? That’s twice.,@314987 We want to help you out with this situation. Please send us a DM with more details on what's happening. https://t.co/GDrqU22YpT
822251,My phone is lagging rlly bad bcus of this update I wanna speak to ur manager @AppleSupport,@315849 Thanks for reaching out. We're here to help. DM us so we can look into this further with you. https://t.co/GDrqU22YpT
825106,@AppleSupport iPhone 7 and series 2 Watch.  Both are updated to the most recent software.,@316510 Thanks for that. Are you currently up to date to iOS 11.0.3? You can check in Settings &gt; General &gt; About https://t.co/GDrqU22YpT
825115,@AppleSupport just updated to the new iOS and my music app keeps crashing and it deleted all my downloads,@316512 We'd like to help. What kind of device do you have and are you updated to iOS11.0.3? You can check in Settings &gt; General &gt; About
825911,.@115858 some iOS11 issues: random words get automatically capitalized when I’m typing in iMessage. Literally just had “pizza” corrected 4 me,@316706 Maybe we can help clear some of these issues. What is the exact iOS version you're running? Which iPhone are you using?
827142,@AppleSupport Wait nvm I fixed it lol,@317027 That's awesome! Let us know if we can help in the future.
829580,"@115858 me siento indignada con las nuevas actualizaciones que estais sacando.
Vais a solucionar el problema ya?",@317559 We offer support via Twitter in English. Get help in Spanish here: https://t.co/IBIY3vMgPj or join https://t.co/OczyRx7IOs
831759,"Hey @AppleSupport why I can’t do anything with the videos at the Home Videos folder? ( this is very, very frustrating)",@261509 We'd like to help. DM us what software version you're on. https://t.co/GDrqU2kzhr
834500,"My iPhone 7 has decided to scroll, toggle, press keys ALL BY ITSELF @AppleSupport good thing we have the screen recording to capture this https://t.co/9T6LbfOM6O",@318714 Send us a DM and we can look into this for you. https://t.co/GDrqU22YpT
847709,@AppleSupport Are there any issues with the App Store? Been trying to download two apps all morning.,"@321473 You can check our system status at anytime here: https://t.co/7NVrDovSd8 Send us a DM, we'd like to help you with those downloads. https://t.co/GDrqU22YpT"
848285,@115858 iPhone upgrade made my touchid stop working what’s the fix???,@321595 Let's work together. Touch ID is a great feature we enjoy using. Can you provide us which iOS version is on your device?
849516,"Dear @AppleSupport, since the latest update my phone now dies at 25% (as in powers off). Please fix.Signed - human now tethered to a charger",@321850 We'd be happy to look into this with you.  Please reach out to us via DM and we'll get started. https://t.co/GDrqU22YpT
849880,"@AppleSupport Since iOS11, not able to open Notes app on iPad Air, drinking power like fish &amp; Arabic&amp;Urdu font can’t write Allah correctly😩","@321937 We'll help you get all that sorted. First, to verify, have you updated to iOS 11.0.3? If not, let's back up and do that first."
849882,@AppleSupport My Iphone keeps shutting itself and the apps down and sometimes it randomly turns itself out??? help,@321938 We want to make sure your iPhone works the way you expect it to. Let's get paired up in DM to get started. https://t.co/GDrqU22YpT
849932,"@115858 
iOS 11 glitch...
Can you fix this?
iOS 11.0.2
Latest update https://t.co/qwvERCyVfp",@321950 We're here for you. What iPad are you using?
849951,@AppleSupport I got a 6s phone. Can we change this with 7 plus? I can give the difference,@321954 We can get you to the right place. Find info on iPhone trade-up programs on your region here: https://t.co/1OpwRY51id
850008,The number of times my #iPhone freezes everyday after updating to #iOS11 is ridiculous. Thinking about switching to #droid @AppleSupport ??,@321969 We want to help. Which version of iOS 11 do you have installed?
851225,@AppleSupport These both started at 100% and have been used consecutively. Look at that disparity! https://t.co/SrMNzTJRvr,@222893 Let's work together in DM to investigate what's going on with your AirPods. https://t.co/GDrqU22YpT
852981,@AppleSupport can i ask something? why my iphone 6s has ghost touch issue since i updated it to ios 11.0.3 the parts is still original tho,@322625 We'd like to look into this with you. Click the DM and we'll get started working together there. https://t.co/GDrqU22YpT
852984,@115858 facing sound problem wid my iPhone 7 during voice/video calls and even while playing videos (online/offline) since updated 4 iOS 11,"@322626 We can take a look at your sound issues together.  Is this with the speaker, or headphones?  No sound at all, or poor quality?"
853177,"@AppleSupport 
I received this suspicious e-mail. Is this an phishing email? https://t.co/rsAdOn7LwS",@322682 That appears to be a phishing attempt. Here's how to handle it: https://t.co/LNMCdqt6fD
854538,@AppleSupport hey im have a ongoing problem with my podcast app can you help me out,"@322952 We’d be happy to lend a hand. What are you experiencing? Also, which device and version of iOS are you using?"
854549,@AppleSupport i preordered niall horans new album before it was released and now its saying that i have to pay for it again,@322953 Are you able to download the album from your purchase history? Let us know and we'll help out.
854554,@AppleSupport should my watch randomly do this? https://t.co/Ee5eWjkFDc,"@322954 That's odd, but we're here to help! Which watchOS is it running? Have you restarted it since it began? Let us know in DM. https://t.co/GDrqU22YpT"
854582,Ive been stuck on the same screen for 3 hours with no progress trying to update my iphone. Who the hell can help me?! @AppleSupport @115858,@322962 We're here for you. Tell us how you were updating your device. Was it through iTunes or your Settings app?
855394,@AppleSupport @115858 @216188 https://t.co/8MhtcgFAKU,@323150 Great catch on this phishing attempt. Reach out to your carrier to report these types of text messages.
855426,.@115858 @AppleSupport one of the worst updates ever - what’s going on with our iPhones???,@323158 We're here for you. What issue does the iPhone experience? Which update did you notice the issue with first?
856160,"wtf is wrong w/ itunes, I’ve been waiting for a song to download for over two weeks now 🤦🏼‍♀️ @115858",@323313 We're happy to help with your download. Are you receiving any error messages when trying to download the song?
857923,"@115858 @AppleSupport iOS 11 a big disaster. Phone gets hanged, automatically shuts down suddenly Bluetooth switch on suddenly.",@323728 We'd like to learn more about what's going on. Which iPhone and which exact version of iOS 11 are you using?
858926,"Uh, hey @AppleSupport my iphone 8 plus won't turn on. I plugged it in when I went to bed and I can't get it to turn on now. -______-","@323933 Let’s work together to get your iPhone up and running.  Reference this first. https://t.co/8MvHMFZ83h
Let us know if it comes on."
859763,Qué pasa con iCloud Drive? Los archivos no cargan por un “error desconocido” @115858,@313545 We offer support via Twitter in English. Get help in Spanish here: https://t.co/IBIY3vMgPj or join https://t.co/OczyRx7IOs
860030,"My keyboard is still soooo slow, even with the iOS 11.02 😐@AppleSupport helppp!","@324196 We understand the inconveninece of your device moving slowly, and we're happy to help. What device are you using?"
862738,@AppleSupport why can’t I control music from the Control Centre when my phone is locked since ios11?,@309317 Let's look in to this together. Does this happen with the Music app or which app are you using for listening to music?
862785,@AppleSupport I want to be able to easily turn off wifi and bluetooth,"@324867 We can help out. Tell us, which device are you using?"
864870,Next Update improve Screen Recording abd Live Photo screenshots when I’m FaceTime because mine aren’t saving! @115858 @AppleSupport,@325402 They should be saving! Send us a DM and we'll work with you to get that working. https://t.co/GDrqU22YpT
867489,@115858 my 7+ is running fucking awful. Please stop wrecking old phones. At least with loyal customers. Cause this honestly makes me mad,@325987 We can help you get your iPhone working as expected. Can you tell us which iOS version you are currently using please?
868182,@115858 How many updates will it take to fix the problem?My iphone7 is already updated to 11.0.3 and still freezing every time I open my apps,@326134 We'd like to look into this with you. Reach out via DM using the link below. https://t.co/GDrqU22YpT
870318,"Totally going to have to return / hopefully replace my AirPods…battery issue makes them unusable

// @AppleSupport",@326641 We want to help. Send us a DM and we'll go from there. https://t.co/GDrqU22YpT
871284,"@AppleSupport, depois da atualização do IOS meu iPhone 6S só serve pra suporte de porta #chatiada","@326854 Since our Twitter support is available in English, get help at https://t.co/IBIY3vMgPj or join https://t.co/pvaOFfPbjt"
873903,Hey @AppleSupport thanks for having your new iOS ruin my phone. Touch ID is spotty and the message interface is horribly glitchy,@327471 That's not the experience we want you to have. We want to see how we can help. Which iPhone and iOS version are you on?
873954,Ever since the update my phone drops like 15% at once randomly. Explain @AppleSupport,@327481 We're glad to help you resolve this power issue. Could you let us know which iPhone you carry? Are you updated to iOS 11.0.3?
873969,Hey @AppleSupport let’s talk about the 🐘 in the room: #ios11 is a battery killer. Fix it. We 💰 a lot for this 📱. #CustomerExperience #osfail,@327484 We're here for you. Please DM us the version of iOS 11 you're using and we can go from there together. https://t.co/GDrqU22YpT
875132,"iOS 11 or as I like to call it, how to screw your battery in one easy download, what have @115858 done? #wtf #rubbish #frustrated",@327774 We certainly want to help get your battery life back to normal. Go ahead &amp; reach out to us in DM &amp; we'll continue there. https://t.co/GDrqU22YpT
877917,@115858 fix your iOS! It’s trash! I can’t open ANY of my apps without them crashing and your music widget is broken,@246113 We want to help.  Send us a DM letting us know if you are updated to iOS 11.0.2. https://t.co/GDrqU22YpT
880870,@115858 battery life with this new update is absolute garbage,"@329163 We'd be happy to look into this with you! Send us a DM, and we'll get started there. https://t.co/GDrqU22YpT"
883999,"I'm friggin ticked off that 1 1/2 gen old phone  (iPhone 6s) is having a hard time with #ios11, it feels as @115858 does this crap on purpose",@329923 Let's look into this. Send us a DM and we'll go from there. https://t.co/GDrqU22YpT
889060,@AppleSupport I have bought an iPhone 7 exactly a month ago and my usage is not much as compared to my friends iPhone still I face a lot of problems 1. Battery drains 2. Mobile heating 3. Hangs while using basic app 4. Charge doesnot works sometimes,@331072 Let's look into this together. Could you tell us the exact iOS version your iPhone is running? You can find this by going to Settings &gt; General &gt; About
889189,"@AppleSupport , The volume icon appears both on top n middle as show in picture. ios 11.0.1 📱 6 https://t.co/TQwP8p3Wh4",@331102 We want to help. This may be happening because you're changing the system volume and app volume at the same time. There is an update to iOS 11.1.2 out. We suggest you back up and update your iPhone to get the latest app updates and features: https://t.co/ahjigcvFRG
889215,"@AppleSupport Buenos días, después de esperar durante 10 días presupuesto de reparación para un iPad con número de caso 100351092743 ahora resulta que está mal gestionado. Con esto pierdo opción de black friday y cybermonday. Nada satisfecho con el soporte recibido",@331107 We offer support via Twitter in English. Get help in Spanish here: https://t.co/IBIY3vMgPj or join https://t.co/OczyRx7IOs
890590,hey @115858 @116333 please fix this https://t.co/5bC8r0UAg8,"@331455 We're happy to help. Send us a DM with the device model you're using, and we'll get started. https://t.co/GDrqU22YpT"
892807,Yo @AppleSupport why is my phone battery garbage since the new update?,@331996 Let's work together to figure out what's going on with your battery. Please send us a DM. https://t.co/GDrqU22YpT
895985,"@AppleSupport hi, i purchased an iPhone via bank transfer option in 2014 at Turkey region, but now paying with credit card is only option",@332784 Hello. Our Sales Support team will be happy to assist you with our available payment methods here: https://t.co/8yjRd1Xo0i
897695,So is my phone the only one that’s trippin rn? Cuz lately after the updates I can’t hear phone calls and my phone freezes. Yo @115858 fix it.,@333189 We be glad to look into this. Which device and software version are you using? Let us know in DM. https://t.co/GDrqU22YpT
898234,I'm trying to figure out how my phone on DND but I'm still being disturbed @115858,@333304 We can help. Which iPhone and version of iOS are you using? Can you please reply in DM? https://t.co/GDrqU22YpT
898667,@AppleSupport Just got AirPods. Love them. Question - is there any way to ignore an incoming call on them without having to touch my phone?,"@221354 We're glad you're enjoying your new AIrPods! For more info on what you can do, take a look at: https://t.co/1gycpwHngk"
902872,@AppleSupport @116333 WTF are you doing !?! #iOS111 and your Podcast app is still not able to work ! Crazy !! https://t.co/4bWP1SioZe,@334334 We want to help. Which version of iOS 11 are we working with? You'll find that in Settings &gt; General &gt; About. DM us.
903700,All my text messages mysteriously disappeared but they're still taking up space! I am sick of y'all @AppleSupport,"@273560 We're here for you. To start, which device are you experiencing this on, and which software version is it running?"
905815,Laptops speakers are busted. Thats my third broken apple product in under a year :(. #SitarayGardishMai,@335043 We'd like to look into this with you. Please DM us more about what's happening with your speakers. https://t.co/GDrqU22YpT
907409,"@AppleSupport is there a way to make the screen shots automatically save to my photos, instead of having it pop up in the corner?","@198217 The screenshot should still save, if you don't tap on it from the corner. Is that not happening for you?"
910636,"@AppleSupport Is over charging a concern with Apple devices? If so, do these products really help? https://t.co/raNc0iKMce",@336287 That's a great question! You can learn more about charging and the batteries we use here: https://t.co/cKKGWSxTRk
916945,@AppleSupport I need help as soon as possible please,@337693 We want to help. Let's discuss it in DM. https://t.co/GDrqU22YpT
919174,@AppleSupport So disappointed to have ordered an Nike Apple watch well before release only to learn my watch is delayed.,@338201 Our Sales Support team is in the best position to assist and can be contacted from here: https://t.co/8yjRd1Xo0i
919178,@AppleSupport I was sold a secondhand Apple Watch and I’ve had no reply from the past owner!! The watch is in activation lock 🔐 https://t.co/TfEkOlFhyM,@338203 We appreciate you reaching out. DM us with more details of the issue and we'll go from there. https://t.co/GDrqU22YpT
922785,"@AppleSupport iOS 11.0.2 basically bricked my 8. Power button doesn't work, screen doesn't work, only podcast I'm listening to. msgs greyed https://t.co/nZNY0kppNn",@339051 We can certainly take a look. Meet us in DM with additional details to get started: https://t.co/GDrqU22YpT
928022,"Dear @AppleSupport, My iPhone is draining power like crazy since I updated from iOS 10 to 11. I went from 100% to 4% in like 6 hours!! https://t.co/MvddpOzyVi",@340192 This is not the experience we want you to have. Which iPhone model do you own?
928032,My MacBook Air is saying it needs updating but a restart is required does this mean I will lose all my photos etc? @AppleSupport @115858,"@340193 Restarting/updating will not cause you to lose photos. However, a backup is always recommended: https://t.co/Mw8OK9APy7"
932332,@AppleSupport umm I can’t make these disappear? I’ve tried deleting them and hard resetting my phone and they just come back?! https://t.co/G8j4rJfoMb,"@341152 Thank you for reaching out, we'd be glad to look into this with you. Which iPhone and version of iOS are you using? https://t.co/GDrqU22YpT"
934489,"After many hours researching, troubleshooting and @115858 support, still can not access my #AppleMusic playlists on my #iphones. What next!?!",@341675 Let's look into what's going on with your Apple Music playlists. What was happening when you try to open them?
936166,@AppleSupport I UPGRADED MY PHONE LESS THAN 24HRS AGO AND ITS RANDOMLY SHUT OFF TWICE SINCE THEN. WHAT THE FUCK??!,"@341942 We're here to help! Please send us a DM, and we'll get to work on this. https://t.co/GDrqU22YpT"
937422,"iOS 11 just a never ending cluster of BS. While I love the look/functions, my touch screen/scripting is total crap 💩 @AppleSupport",@208399 We're happy to assist. Which iOS 11 version are you currently running? Go to Settings &gt; General &gt; About for the version.
937464,@AppleSupport how do u remove “desktop” &amp; “documents” folders from iCloud once you’ve unchecked the sync option &amp; removed files from iCloud?,@342226 We'll be glad to assist. Which device are you using?
939087,How come anytime you update any @115858 product it stops working? #annoying,"@342617 We're here to help. Could you tell us which device you're using, the software version it's running, &amp; some more details on what is happening?"
939162,Is this from you or a scam please @AppleSupport email is __email__ can send photo privately as got my email address on it. Thanks,@140829 We're here to help. That email address is not an official Apple email address meaning the email you received is not official Apple correspondence. Here is more information on phishing attempts and how to avoid them: https://t.co/LNMCdqt6fD
939567,"all these updates ruined my phone, wow. So slow, crashes everytime. Freezes &amp; overheats. Still not getting an android though @115858","@342722 Your iPhone is important to you; we'll do all we can to help. To start, connect with us in DM: https://t.co/GDrqU22YpT"
939637,Who is turning my Bluetooth on every damn night because it’s not me?!!!! @115858 @AppleSupport THIS UPDATE SUCKS BALLS!!!!!!!!,@342743 Let's look into that. Send us a DM and we'll go from there. https://t.co/GDrqU22YpT
940635,"@AppleSupport you guys need to fix those bugs in this iOS 11.0.3 👐🏽 my phone is freezing, I can’t open music app!!! 😤",@342987 We want to help. Which iPhone model do you own?
942443,Everytime a new iPhone comes out the old ones start messing up @115858 fix this stop tryna make us buy new phones 💀💀‼️‼️‼️,"@343416 We're here to help. DM us, and let us know what's going on. We'll do whatever we can to assist. https://t.co/GDrqU22YpT"
942543,"@AppleSupport Hello, what happened to the Manage Apps tab on Itunes? I need my pc to mangae my apps.",@343445 We are here for you. Let's take a look at this further for you. Reach out to us in DM. https://t.co/GDrqU22YpT
942769,I SHOULD HAVE NEVER UPDATED MY IPHONE IT KEEPS FUCKEN TURNING OFF WTF @AppleSupport,@343497 We are here to help. DM us your exact iOS version and we can take a look at this for you. https://t.co/GDrqU22YpT
944222,My headset jack doesn't work anymore wtf it was working perfectly fine just yesterday @115858  wth,@343887 We'd like to help. On what Apple device are you experiencing this issue on?
948867,Fix the problem with the app store @115858,@345023 Please tell us what issue you're having with the App Store? We'd like to help.
949680,"@AppleSupport I need ya'll to replace my phone, my screen went black without me dropping it and no water damage.",@345237 Give this article a try: https://t.co/8MvHMFZ83h Then let us know in DM how it goes. https://t.co/GDrqU22YpT
955017,@AppleSupport iOS 11.0.3 is crushing my battery.  What a joke you’ve become.  Never thought after 9 years I’d consider walking away from you,@346590 We're here to help. Please DM us your Apple device and we'll get started. https://t.co/GDrqU22YpT
955690,Dear @115858 I need y’all to update the iOS agin to where I can turn off the automatic brightness! I had having my brightness all the way up!,@346743 Your auto-brightness can be enabled/disabled through Settings &gt; General &gt; Accessibility &gt; Display Accommodations.
956386,@115858 please fix iOS 11 yesterday. Nothing works. I’m on high speed WiFi and my apps are taking 6.35 years to update.,@346924 We're happy to assist. Which iOS 11 version are you currently running? Go to Settings &gt; General &gt; About for the version. https://t.co/GDrqU22YpT
957617,@AppleSupport 2 of the batteriew from the Battery Charger are bad straight out of the package. What's the easiest way to get these replaced https://t.co/yiHCkMD3e8,"@347215 We'd like to help. Please send us a DM, so we can look into this. https://t.co/GDrqU22YpT"
957635,@AppleSupport any ideas why Apple Music isn’t working? displaying this message when trying to download music. But not letting me download. https://t.co/KwuDQvla12,"@347220 We'd love to lend a hand!  Which device are you using, what iOS version is on it and when did this issue begin?"
959330,"@AppleSupport Hey, i want ios 10 back on my phone, ios 11 almost broke it.",@347605 We're here to help. There's no supported method of downgrading your iOS. We're happy to assist with any issue you may have.
959345,@115858 Why does #iMovie keep crashing?! It’s frustrating.,@347609 We completely understand why that would be frustrating. Are you using iMovie on an iOS device or a Mac?
960016,"@AppleSupport I’ve just found ‘springboard’ in my settings, what is it &amp; why do I need it? https://t.co/NzWbcOilUB",@347785 We'd be happy to look into this. Can you DM us the exact version of iOS you are running? https://t.co/GDrqU22YpT
962218,@AppleSupport (Late to iOS 11.) DND feature developed by drivers? I commute by train. https://t.co/f3DbjKvoGh,@348326 We'd be happy help you control the Do Not Disturb Driving feature. Check out: https://t.co/BdISLrN866
964867,"@115858 @AppleSupport i just heard, is it true you’re not doing the airport routers? I was planning on getting one for my Apple devices 😢☹️😪",@349012 We still have the Airport devices available. Our Sales Support team can assist with purchasing: https://t.co/8yjRd1Xo0i
966823,Thank you @115858 for your shitty iOS 11 update.  My phone is essentially a paperweight.,"@349462 We'd be happy to help. What's going on, exactly?"
974478,I got a new iPhone and I turned my iCloud photos on to transfer them and my Live Photos got lost :( @AppleSupport,@351092 We want to help. Let's meet in DM. https://t.co/GDrqU22YpT
975099,@AppleSupport since updating my 6+’s iOS to 11.0.3 my touchscreen had frequently stopped working and I’m having serious slowness issues,@351241 We want to help! Meet us in DM using this link so we may proceed: https://t.co/GDrqU22YpT
975795,"@AppleSupport Where to Check for what is still in restore please? No details for making the ‘cancel’ call.
Been ‘restoring’ for over 24 hrs. https://t.co/4NVMOVTmei",@351411 Let's meet up in DM to discuss options on how to proceed from this point. https://t.co/GDrqU22YpT
981237,"Where my WhatsApp notifications at, @115858? 🙇🏻‍♀️#iOS11  
@AppleSupport",@352656 Let's take a closer look at this issue together. DM us your current iOS version to get started. https://t.co/GDrqU22YpT
982102,"It’s quite impressive @AppleSupport  but you made iPhone 6s with iOS11 behave like android device- good job !!! Lags everywhere, bad battery",@352857 We're here to help. Let's take this to DM so we can better assist you. https://t.co/GDrqU22YpT
988535,@115858 u keep saying to update my phone. Now my texts are screwed if I use a “-“......and only half a message gets sent. Stupid,@354212 We'd love to help. Does it only send the part of the message before the symbols? DM the answer below. https://t.co/GDrqU22YpT
989693,@115858 I payed 100 USD for half a fucking movie.,@331569 We want to help. Please tell us more about what's happening in DM. https://t.co/GDrqU22YpT
990414,@115858 How is it that I can load Youtube videos faster than I can load my own videos in my library! Fix your shit,@354607 Let's get this figured out. Which device are you using? Let us know in a DM. https://t.co/GDrqU22YpT
991125,@AppleSupport This is the exact problem. I can not edit / download photos which are stored on #iCloud paid subscription https://t.co/uGxXGLeY8g,@354774 Please send us a DM and we can look into this together. https://t.co/GDrqU22YpT
993298,I love how my weather app names Saint Johnsbury with two different temperatures @AppleSupport @116429 https://t.co/GYT2L5UNNM,@355303 We know it's important to get the right information when needed. Let's try restarting the iPhone. Does it continue?
993504,@115858 next update let us leave facetime voicemails. please and thank you  😊,@355357 We've got a great site where you can let your suggestions and voice be heard! Head over to this site: https://t.co/eTPVYVFyd8
994490,@AppleSupport just updated to 11.0.3 and can no longer swap my screens by pressing the left side. Is there a different way of doing it now??,@353908 We want to help. Can you let us know in DM which device you're using? https://t.co/GDrqU22YpT
996568,@AppleSupport  https://t.co/XHo7AFu6ID,@355978 We'd be happy to assist today. What error are you getting when trying to install an update on your device?
1002288,@AppleSupport Dear iphone. I would like to help my old friend. She lost her phone but when she found it. The phone was locked. Any help?,@357258 We'd be happy to help.  Is the iPhone locked with an unknown passcode?  Or locked with an iCloud email account that isn't hers?
1002746,Who else facing #Notifications #Problem @4305 for #iPhone #iOS @AppleSupport New Things won’t show up until you open the #App #Whatsapp,"@357354 We're here to help out. Any recent changes to the device? First, check the notification settings: https://t.co/2txgOv5s2M"
1003864,@AppleSupport @115858 battery came down to 9% from 71% in just a span of 25 mins. Plz fix this bug #ios1103 #pathetic,@357601 We know how important battery life is. Let's look into this together. Can you provide us which device you're using?
1007094,@AppleSupport my battery dies so much faster wifh iOS 11.0.3. Can you do another update that fixes the battery issue?,"@358317 Thanks for reaching out. We know how important battery life is, and we'd be happy to help. When did you update your iOS?"
1007575,@115858 I am experiencing sluggish loading of facebook quite a number of times. Unable to run @188.Help needed.,"@358428 Sure, we can help. Which device and iOS version are you using? Is this the only app experiencing sluggish performance?"
1009296,Omg. Do not upgrade your iPhone to the new iOS! What a joke. Everything crashes. @AppleSupport,@358819 Let's work together so you can use your apps without interruption! Have you updated all your apps since updating iOS?
1011517,So does @115858 purposely sabotage our phones when we are almost up for an upgrade? My battery drains so fast and my charger isn’t working!,@359327 We're here to help. Have you already updated to iOS 11.0.3? Are you using the charger that came with it? Let us know in DM. https://t.co/GDrqU22YpT
1011771,@115858 como faço para melhorar o desempenho da bateria do meu IPhone 6S? #Ios11Fail,"@359392 Since our Twitter support is available in English, get help at https://t.co/IBIY3vMgPj or join https://t.co/pvaOFfPbjt"
1011861,#iOS11 se come literalmente la #batería de mi #iPhone6 😡. Lamentable mejora por parte de @115858 . ¿Alguna sugerencia @AppleSupport ?,@359418 We offer support via Twitter in English. Get help in Spanish here: https://t.co/IBIY3vMgPj or join https://t.co/OczyRx7IOs
1013016,@AppleSupport I cannot delete photos on my IPhone 6. Help!!!,"@359711 We want to make sure you get the help you need. To confirm, are you experiencing this issue within the built-in Photos app?"
1013797,@115858 #ios11 .0.3 keeps crashing my apps. Please fix bug. I will NOT be upgrading to a new iPhone if this is what I should expect.,"@359880 Thanks for contacting us, we can help you. Which apps keep crashing?"
1017132,@AppleSupport hey apple my alarm is not working on my phone i already deleted every alarm and set up one again &amp; still nit working,@360657 Good thinking on that troubleshooting. Please meet us in DM and we can work together. https://t.co/GDrqU22YpT
1018091,@AppleSupport Sorted now - another 4 hours of my life I won’t get back...🙄,@360890 We'd like to work with you. Let's take a look at this together in DM. https://t.co/GDrqU22YpT
1019633,I had this phone maybe 3 months. The iphone 8 comes out and now my shit start freezing and the screen not comin on. Smh @115858,"@361253 Hi there. Allow us to help. What version of iOS is on your device? Also, what iPhone Model do you have?"
1020327,@115858 thank you very much for screwing up my phone with this new update. I can’t keep in app open for one minute... smh,@361437 We're here to help. What happens when you try to open an app?
1021156,"@AppleSupport can I downgrade my iOS, it’s turned my phone from Bolt to Snail...  a non-responsive mess #awful",@154184 We'd like to hear more about what's going on. Let us know in DM if you've noticed this issue with any apps in particular. https://t.co/GDrqU22YpT
1022960,@AppleSupport dnd in the auto somehow switches on during video recording in the building. Very annoying ;(,@362066 Let's look into this together. Is this after updating to iOS 11.0.3? Let us know in DM and we'll work together to get this sorted. https://t.co/GDrqU22YpT
1022962,@115858 my phone has been f**ked up for over three weeks now. Sort out these updates. #imgoingbacktonokia,@362067 We'd be happy to look into this with you.  Please reach out to us via DM and we'll get started. https://t.co/GDrqU22YpT
1033204,"@AppleSupport
recently got the iPad 2017. Read a lot of eBooks. However, since iOS 11 update, Foxit reader frequently crashes! Help fix it.",@364446 Thanks for reaching out. We want to ensure that the FoxIt Reader is up-to-date. Try these steps: https://t.co/fUZ0NRJxcn https://t.co/GDrqU22YpT
1048031,@115858 when I do screenshots and go back to my album it’s all white? Whats wrong with my phone?,@367707 Let's help figure out why. Does this happen with multiple screenshots you take? Have you tried rebooting to see if that helps?
1049031,"@AppleSupport hi, I am having problems with the Bluetooth when talking in the car, tried my old phone and it works fine. Any ideas how to fix it.",@367927 We're here for you. What iPhone are you using and what happens when you try to use Bluetooth in the car?
1052199,@AppleSupport I am again having problems with the music app. I’ve uninstalled it and installed it again. It’s still not working,"@340170 We’ve got you covered. What’s happening with your Music app? Also, were you able to update your iOS to 11.0.3?"
1053639,Open Calculator on your iOS 11 device and try to quickly calculate 1 + 2 + 3. You'll end up with 23 instead of 6. iOS 👌👌👌,@368955 We'd like to look into this. Send us a DM to continue. https://t.co/GDrqU22YpT
1058940,@115858 where the fuck did my 4000 photos go https://t.co/v6zHWEAEhM,@370011 We know how priceless your photos are and can get you help. Contact our Applications Team through https://t.co/IBIY3vMgPj
1060559,"Dear @115858 can you fix iOS 11? My iPhone is trash now. Thank you, a loyal customer ready to switch",@370399 We'd like to help sort out any issues you're experiencing. Please DM us and let us know exactly what's going on. https://t.co/GDrqU22YpT
1062212,@AppleSupport anything on whatsapp notifications problem or lets say bug?,@370801 We are here to help. DM us the details of your issue and we can take a look at this. https://t.co/GDrqU22YpT
1064907,This is the lock screen on my iPhone. Where’s the clock n date gone? IOS 11.0.3  @AppleSupport https://t.co/fp8TXZikwS,@133186 Thanks for reaching out. Does restarting bring your date and time back?
1064962,"How is this possible @AppleSupport, I have an Apple iPhone charger and an Apple cable ? Why won't it charge ? https://t.co/5dktjIWoLh",@371436 We're here to help. Let's take this to DM so we can better assist you. https://t.co/GDrqU22YpT
1065821,I woke up ten minutes before I leave to catch the train then my phone wasn’t working but a nice lady from the station might get me an apartment in Brooklyn so hey,@371641 We understand depending on our alarms and we want to help. Click the DM link and let us know the exact iOS version to begin. https://t.co/GDrqU22YpT
1067817,"@118845 I bought a pair of beatsx 6 months ago. I love them- use them everyday all day. All the sudden, they won’t turn on. Little help?",@371980 Of course we can help. How long have they been left on charge? Have you tried a different Lightning cable?
1071237,@AppleSupport Not able to call or talk to people on my iPhone 7+... is this due to the iOS 11?,@372794 Let's look into this together so we can get your cellular features working again. Do you have signal bars? Have you restarted?
1073811,.  @AppleSupport  I have not been able to update a single App on my iPhone or iPad since downloading the last iOS update.  How do fix this?,@373365 We can help. Which version of iOS 11 are your iPhone and iPad on currently?
1073816,@115858 you guys are really terrible. Not the service we came to respect. Bluetooth is horrible and the pixel is looking like a change 4 me,@373366 What kind of issues are you having with Bluetooth? Let us know so we can help.
1075419,"Anybody else facing Airdrop issues on iPhone 7? #io11 

@115858 @AppleSupport","@373730 Let’s sort this out together. Give us some details on the issues you’re noticing, and we’ll take it from there."
1077366,@115858 ios 11 fucked up my phone im mad fuck this,"@374180 We can offer some assistance. To get started, which iPhone are you using and which version of iOS is it running?"
1078558,@AppleSupport hi any idea how I can move a ringtone from old iPhone 6 to new iPhone 6s? Used to be able to use iTunes but no longer,@374424 We'll do what we can to help you. Was the ringtone purchased from the iTunes Store?
1080370,@115858 why is it that when I update my phone to the new software it refuses to charge? Is this a ploy for me 2 buy a new phone? NOT DOING IT,"@374863 Being able to charge your iPhone is essential; we'll do all we can to help. To start, let's try: https://t.co/EqJrZrFL9k"
1083907,@AppleSupport @115858 ??? What is this? Is this a trap? https://t.co/XzG6zNyc9y,@375678 We'd like to help! Let's try the steps outlined in this article: https://t.co/qr0pQfKgYD
1083993,@AppleSupport I just upgraded to 11.0.3 and top layout is messed up. Suggestions to fix? Already turned on/off. Thx https://t.co/hvYhQJTnlW,@375695 Thanks for reaching out to us. Are you seeing anything in particular that seems out of place?
1085267,@AppleSupport phone been super glitchy since update. 1st time it’s been this bad. Freezing quite a bit. Apps lagging. Send help &amp; whiskey,@376000 We're here to help. What iOS version are you on?
1092517,@AppleSupport where do send spam Apple store emails?,@122934 We can help with Phishing reporting. You can read more on that here: https://t.co/6Ye6EtAX51
1094142,@115858 IOS 11.0.3 has made me hate my iPhone 6s. Please fix it.,@378235 We'd be happy to look into this with you.  Please reach out to us via DM and we'll get started. https://t.co/GDrqU2kzhr
1098692,Apparently this is a glitch in iOS 11 for iPhone 6. @AppleSupport can you make landscape native for the entire usage in iPhone 6 and others? https://t.co/wyJvswtJuM,@379260 What kind of issues are you seeing with landscape mode on your iPhone 6 using iOS 11? Is it just with the lock screen?
1100841,@260566 brandneues iPhone X aus der Schachtel genommen. Hinten Kratzer drauf. Seid ihr da zuständig oder @AppleSupport ?,@379728 We offer support via Twitter in English. Contact us for help in your preferred language here: https://t.co/IBIY3vMgPj
1102812,@115858 my scroll down thingy isn’t working. Fix it but without adding ten other bugs.,@380235 Which device are you using? Let us know in a DM. https://t.co/GDrqU22YpT
1106481,@115858 I just updated my phone. What is wrong with Siri? Give me my old Siri back. New Siri can’t answer anything https://t.co/K1jz10IJ3q,@381139 Hi there. We want to help. Which version of iOS 11 do you have installed on your iPhone?
1117162,"After updating apps,here’s wt i always get. #legit 🤦🏻‍♂️ that i nid to force reboot it (powerbuttn+homebuttn) #epicfailupdate @AppleSupport https://t.co/5oMpNfrRMl",@383601 We want to get in front of this with you. Have the Apps finished updating?
1122194,@AppleSupport I have 5s phone which is hang since today morning. Please help. https://t.co/WjDQBg9CPW,"@384682 We'd be honored to help out! Is this behavior occurring in multiple apps, or specifically in this app?"
1122778,@AppleSupport Still facing lot of bugs like this one after updating to version 11.0.3 https://t.co/V21XAZ7cmS,@384803 That's not expected behavior. Send us a DM with the country that you are located in to continue. https://t.co/GDrqU22YpT
1128273,"@115858 what’s going on with this new update? Getting notifications from days ago, can’t access swipe up menu, apps shutting down on me?!",@385989 Which device and version of iOS are you using? Check Settings &gt; General &gt; About and let us know in DM. https://t.co/GDrqU22YpT
1130474,@115858 @116333 not very happy with IOS 11.0.3 too many crashes and issues 10 was alright. Please check. Cheers.,"@386416 We'd like to help. Send us a DM, and we'll go from there. https://t.co/GDrqU22YpT"
1131381,"@AppleSupport Impossible to connect my wifi during a long time with 11.02 and with 11.03. It is a real problem. A new patch, please...",@386624 Thanks for your message. We have received your DM and will continue there.
1133217,@AppleSupport ios 11.0.3 and updating caused this.,@387021 Does this persist through a restart? Is there any specific actions you can do to make this occur? Let us know in DM. https://t.co/GDrqU2kzhr
1133594,Thank you @AppleSupport @115858 with the most recent update. I can now play music through my USB again 🙌🏾. Now fix the text messages issue,@387107 Please tell us what's going on with text messaging in DM. We'd like to look into this.
1138315,ala começou a arrombação de novo @AppleSupport @115858 😡😡😡 https://t.co/dkmvDZwcCA,"@388128 Since our Twitter support is available in English, get help at https://t.co/IBIY3vMgPj or join https://t.co/pvaOFfPbjt"
1141018,"@applesupport Latest iOS11 bug, you cannot add new cities in weather anymore. (11.0.3).",@388584 Send us a DM please. Let us know the country you're in and the when you exactly updated to 11.0.3. https://t.co/GDrqU22YpT
1141637,@115858 YALL ARE TRASH FOR THIS IOS UPDATE!!!!,@388727 Send us a DM to let us know what's happening. We'll see how we can help. https://t.co/GDrqU22YpT
1143227,.@AppleSupport what happened to my bar graphs? https://t.co/bRP4r2uDiN,"@330533 Great question! Is it only one day which is not showing the bars, or several? Also, when did you first notice them missing?"
1144190,@AppleSupport It’s an iPhone 7s,"@389300 Got it. Do you sync your calendar events with an account, like iCloud, Gmail, or Yahoo? Let us know in DM. We'll go from there. https://t.co/GDrqU22YpT"
1145086,Hey @115858 u gotta do something bout the new update! ITS TERRIBLE! So annoyed!! 😠,@389494 Let's look into this together. Could you tell us which iPhone and iOS 11 update you're currently using?
1145127,@AppleSupport is it possible to buy a wired keyboard with numeric pad? Thank you.,@389506 Thanks for reaching out. We can definitely point you in the right direction. Check this out: https://t.co/cQg0QM39T7
1146695,"Alright.

That’s it. 

Is it possible to downgrade from iOS11 to whatever stable version there’s from the previous ones, @115858? 

I’ll pay.",@389897 We'd like to hear more about what's happening with your device. Send us a DM with the details. https://t.co/GDrqU22YpT
1146730,@applesupport since OS11.03 calls on speaker drop off speaker back to phone,@389902 Thank you for reaching out to us. We'd like to work with you to get this resolved. Please DM us the steps you have already taken.
1147021,@AppleSupport I been trying to download the upgrade every night and it won't allow me. I even deleted it and re downloaded it and nothing,@389954 We want to help. Which software version is currently on your device? Are you receiving an error message when updating?
1148871,@AppleSupport hi my boyfriends iPhone has been hacked a message that read “lost iPhone” popped on the screen and his password has been,@390363 Meet us in DM and we’ll explore your options together. https://t.co/GDrqU22YpT
1149798,What are y’all gonna do about iPhones dying every hour! My battery was just on 100% now it’s on 67% 🤦🏾‍♀️ @AppleSupport @115858,"@390572 Let's help. Which version of iOS are you running? Also, let's try the steps here: https://t.co/bivpdfBNJ6"
1150998,@AppleSupport hello i got a mail from you guys but i dont trust it is it send by you people it says my apple id is blocked any advise ?,@390857 We're here to help. Take a look at this article to help identify &amp; report phishing attempts: https://t.co/sayPykspsk
1151237,@AppleSupport just bought series 3 watch and all apps open and close straight away?,@390911 Thanks for reaching out to us. Please let us know if you have taken any troubleshooting steps. We don't want you to repeat steps.
1151852,"@AppleSupport I keep getting the icloud music cannot be enabled , message on my iphone. I have apple music and have just tried a reset.",@302963 Let's get you to the right spot for help. Reach out to our iTunes Store team. They'll work with you:  https://t.co/SDIe7UiyJN
1153864,@115858 my phone has been acting weird since this update 😩,"@391474 Let's work to get that resolved. What seems to be going on with your iPhone? Also, which version of iOS is installed?"
1154832,"Funny how @12195 and @16201 on @115858 tv can stream with no problem, but the movie I rent through Apple just can't... sad.",@391676 Reach out to us here for specialized Apple TV help: https://t.co/IBIY3vMgPj Have other questions? DM us. https://t.co/GDrqU22YpT
1155281,There’s a terrible bug in the #Appleupgradeprogram @AppleSupport where you phone thinks you have already selected a phone #iPhoneXproblems,@391769 Our Sales Support team is in the best position to assist and can be contacted from here: https://t.co/8yjRd1Xo0i
1156304,@AppleSupport why can't I lock my iphone during a call? I could with the last OS....,"@321608 Hello Richard, we can look into this together. If you try to lock your iPhone during a call what happens?"
1156765,@AppleSupport is this you? https://t.co/JROCbTWx9T,@392115 This is not from us. Here's how to identify and report fraudulent emails: https://t.co/LNMCdqt6fD
1159199,La mise à jour d’@115858 pour corriger les bugs du clavier à empiré le problème sur mon portable 😠,@392692 We offer support via Twitter in English. Contact us for help in your preferred language here: https://t.co/IBIY3vMgPj
1160703,@AppleSupport does this “downloading originals” include photos I just took &amp; are MIA!?! 😡 https://t.co/TgvXHUj4rs,@393079 We know how important your photos are and we'll help. Have you recently turned off the iCloud Photo Library? Please DM us. https://t.co/GDrqU22YpT
1162083,I️ &lt;——- is really annoying. @115858 get on it please,@393415 Here’s what you can do to work around the issue until it’s fixed in a future software update: https://t.co/qODbOsp4wz
1162159,Anyone got a way of stopping this @115858 message popping up all day? Or is it time to buy a @1647 @AppleSupport https://t.co/NMK1dmlHv8,"@393438 We'd like to look into this with you. To get started, which exact iOS version do you have installed? Is your iMessage activated?"
1166634,The music player on ios11 looks fucking stupid when your phone is locked @115858 . Show me cover art,"@394419 We can help out. To start, which version of iOS 11 is your device on? Also, are you an Apple Music subscriber?"
1166720,@AppleSupport It’s done already ... but still no improvement,@304120 Thanks for taking the time to complete those steps. Let's continue in a DM. https://t.co/GDrqU22YpT
1168448,Now I have lost hope on counting how many settings on iOS11 I turned off and they have unsolicitedly came back on again @AppleSupport,"@394840 We'd like to look into this together. What kind of device do you have, and what issues have you noticed with Settings?"
1168840,@AppleSupport - my phone all of a sudden stopped automatically joining my house wifi. I am sitting here and I noticed that it was LTE. Why?,@347729 We'd love to help! Which iOS version are you using? Do you have Wi-Fi Assist enabled? Here's how to check: https://t.co/DNbz8VNCBY
1170140,@AppleSupport my iPhone freezes 3 times a day since updating to 11.03. Only remedy is a hard reset. Please help,@395224 We're here for you. DM us which iPhone you're using and we'll go from there. https://t.co/GDrqU22YpT
1170816,@AppleSupport We got our Apple TV 4k on Friday &amp; have had this issue almost every time we try to use it...any insight? https://t.co/ErdNkSGQ6b,@395363 Let's get you pointed in the right direction. Reach out to our Apple TV experts here: https://t.co/IBIY3vMgPj
1172973,"@115858 pls fix your IOS 11. My phone freezes, apps crash constantly and my phone crashes all together. I can’t with this already",@395884 We're here to help you with this. Is this happening after updating to iOS 11.0.3? Let us know in DM and we'll get started. https://t.co/GDrqU22YpT
1176332,@115858 please fix the iPhone’s battery problem on iOS 11,"@396703 We know how important battery life is, and we'd like to help. Please send us a DM to get started. https://t.co/GDrqU22YpT"
1176343,@AppleSupport App Store not loading and installing updates. Is there known problem?,@396705 We're showing all systems are up: https://t.co/7NVrDovSd8 Which device are you attempting to connect with?
1178935,@115858 is really screwing me over right now! I need some customer service,"@397284 Hi there. Please DM details, we'll meet you there to help out. https://t.co/GDrqU22YpT"
1180119,Anyone else with this #ios11 bug? I need a fix ASAP. System files taking up all freed up space under “other”.🤦🏾‍♀️ @AppleSupport @115858 (I have the latest update.) https://t.co/8sl7hL785t,"@397535 If you're running into issues with the available space on your iPhone, we'd like to help you out. Please send a DM to let us know what version of the iOS software you currently have installed. https://t.co/GDrqU22YpT"
1184110,"@116333
When will the problems of iOS 11 expire, even though 3 updates have been released 😪

@119462
@123857",@398438 We'd be happy to look into this. DM us and we'll go from there. https://t.co/GDrqU22YpT
1185823,"@AppleSupport i haven't been able to install IOS11 at all, been trying for months. I've got enough space on my phone, I've tried everything😔 https://t.co/QbEWxv9AvL",@398832 Thanks for reaching out. We're here to help. DM us so we can look into this further with you. https://t.co/GDrqU22YpT
1195170,@AppleSupport the new i.OS has messed up my phone big time. Each update does not help,@400852 Thanks for reaching out. We're here to help. DM us so we can look into this further with you. https://t.co/GDrqU2kzhr
1197231,@115858 has left me w/ defective device 4 over 2 weeks. Did EVERY kind of reset. Defective iOS. 0 help from management after I escalated,@307277 Hi. We'd love to find out more about what happened and what's going on currently. Send us a DM. https://t.co/GDrqU22YpT
1201136,"My phone is plugged in and charging but losing charge????

@AppleSupport wtf","@402233 Having a reliable iPhone is important, and we'd like to find a solution together. Are you using an Apple certified charger?"
1201373,"@AppleSupport for broken display,service in Pune says they can’t back up and they will essentially wipe data from phone.Why cause data loss?",@402274 Before any type of service we recommend creating a backup by following the steps here: https://t.co/4f8hwT5to6
1201973,@115858 Since the last update my iPhone 6s has been showing symptoms of psychosis. it now believes its an android phone. What’s going on?,@402408 We're here for you. Send us a DM with the issues you're experiencing and we'll continue there. https://t.co/GDrqU22YpT
1202025,How do you recover photos in your camera roll that turn into grey boxes?? They were clearer pics of this cute shot of my cat :((( https://t.co/JwYOX1KvTl,@11242 We're happy to help however we can. Please let us know a bit about what's going on and we'll get started.
1202873,"iOS 11.0.3: My iphone 6: gps broken, my wife's iphone 6S: sloooooooow. What the f*** is happening??? @AppleSupport",@402593 We'd be happy to look into these issues with you. Send us a DM and we'll get started there. https://t.co/GDrqU22YpT
1203406,Alright @117735 and @AppleSupport. MY iPhone 5s always drops my home wifi. But no where else. Whose fault is it? Getting really annoying.,@402707 We want to help.  What version of iOS is on your iPhone?  Does the issue happen on any other Wi-Fi network?
1204171,@AppleSupport my iPad keeps doing this every time I try to update? Ive tried it when plugged in and even deleted everything so I have memory https://t.co/gIdHKB9LQu,@402876 Let's work together to get you updated. How much storage space is available on your iPad?
1206040,"@AppleSupport it will charge to 15% and then will drain, it won’t go any higher and will drain even when plugged in but the light is always green",@363318 We'd like to investigate further with you. Send us a DM and we can troubleshoot more from there. https://t.co/GDrqU22YpT
1215618,@AppleSupport - My watch show the app icons after updated the OS. Is there a fix for this?,"@144092 We're here to help. Just to clarify, do you mean that your app icons aren't showing after the update?"
1218354,@405866 @115858 I feel your pain. My phone’s battery drains rapidly and now I have absolutely no volume for anything.,@576059 We're here for you! What's wrong with your battery and volume? Please DM us the iOS version and device model. We'll work together. https://t.co/GDrqU22YpT
1221035,".@115858 ever since I updated my iPhone my alarms aren’t working. At 1st I thought I was turning them off in my sleep, but NO, they’re broken",@406503 We're here for you. Can you let us know which version of iOS 11 you have? You can check from Settings &gt; General &gt; About.
1221909,@AppleSupport Where do you go to report iPhone bugs?,@406717 Thanks for reaching out to us. Please let us know more about the issue you are having and we can go from there.
1224338,Ayee @115858 will you all have another update available because there’s a problem,@407233 We're here to help. What seems to be the issue?
1225231,"@AppleSupport 11.0.3 is a little better, not full on there. Mail still has long pause when first opened. This didn't happen with previous iOS. Thx!","@130461 If any of the issues persist, we'd like to take a closer look in DM. Send us a message and we'll follow up there. https://t.co/GDrqU22YpT"
1225813,Me ajuda aí @115858 @AppleSupport @118721 https://t.co/o7OAlcw3sm,"@407571 Since our Twitter support is available in English, get help at https://t.co/IBIY3vMgPj or join https://t.co/pvaOFfPbjt"
1232306,Anyone else with the new iOS and/or an 8+ having this issue on the lock screen? It’s driving me insane @AppleSupport https://t.co/KtmDoP1IqB,"@409017 We'd be happy to help. Have you tried restarting your device? If not, let's try that."
1233623,@AppleSupport my phone keeps auto correcting capital i to something else (see pic). iOS is completely up to date. Help? https://t.co/mhDdVvErye,"@409338 Let's get this working correctly. First, try Settings &gt; General &gt; Reset &gt; Reset Keyboard Dictionary. Then restart and test again."
1234135,@AppleSupport I'm downloading the new IOS for my iPhone 7 and its frozen with the littlest bit to go! i've tried to force restart and hard restart it. what can i do?!,@409464 HI there. Please meet us in a DM and share what you see on your iPhone now. Tap here to continue: https://t.co/GDrqU22YpT
1236890,"@116333 i have problem to trust apple now
my iphone die Without touching it only logo on the screen The agent told me you need new iphone",@410116 Perhaps we can help.  DM us with your iPhone model and iOS version running on it and we'll look into this with you. https://t.co/GDrqU22YpT
1237630,"iPhone 7 Plus has been bugging out since the last few updates. Things freeze, scrolling stops working, texting is messed up @AppleSupport",@410314 We are here to help. Please DM us and we will continue from there. https://t.co/GDrqU22YpT
1237998,@AppleSupport How do I get rid of these enormous headers after the recent iOS/iPhone update? https://t.co/XT4UQ4t8GS,"@410390 As it turns out there isn't an option to change the header font, but we'd like to hear your ideas: https://t.co/eTPVYVFyd8"
1238007,All I've been getting from @115948 for 3 months. @AppleSupport https://t.co/yBCgQnnxZO,@183431 We are glad to help. Does this occur when using a Wi-Fi connection too?
1242286,Moe why tf does my phone keep fucking dying????? @115858,@411418 We're here to help. Please DM us the version of iOS you're using and we can go from there together. https://t.co/GDrqU22YpT
1244447,"My phone keeps glitching and turning off and I went to Apple today, they did nothing to help me and I still have apple care wtf @115858 🤦🏻‍♀️","@411945 We'd like to look into this with you!  To start, can you DM us what country you're located in? https://t.co/GDrqU22YpT"
1246426,@AppleSupport I Need Help With An Old Email,"@188307 Tell us a little more, and we're happy to help!"
1247256,@AppleSupport So when are you fixing iOS 11 so my phone actually functions again? I don’t think 3+ restarts a day is ok,@412635 This is not the experience we want you to have after updating. Reach out to us in DM. https://t.co/GDrqU22YpT
1247261,@AppleSupport Is This Real? https://t.co/6tPFFWIfu1,@412636 Thanks for reaching out. We're here to help. DM us so we can look into this further with you. https://t.co/GDrqU22YpT
1247319,Has anyone had an issue with an @115858 AirPort Extreme router making a high-pitched squealing noise?  #askingforafriend @AppleSupport,@412649 Hi there. Please visit us here: https://t.co/0PATYGSGKU for help with your AirPort Extreme. https://t.co/GDrqU22YpT
1247826,My biggest regret rn is updating the software on my phone 🙃 @115858 help,@412766 That's not what we like to hear. We want to help you. What issue(s) are you experiencing?
1248381,"I think my @115858 TV has had it...
Keeps crashing constantly and won’t connect up to the internet #appletv",@412889 Our Apple TV experts are a great resource for issues like this. You can reach them here: https://t.co/IBIY3vMgPj
1252437,@AppleSupport does this rotation animation look normal? https://t.co/28b0OrLcad,@262173 Where all does the rotating animation seem to appear weird in what applications or does it only happen within SafarI?  Let us know in DM. https://t.co/GDrqU22YpT
1261231,@AppleSupport I have an Apple Music account and songs downloaded but it won’t let me play them? Just takes me to the join Apple Music page?,@415458 Let's sort this out together. Have you checked to confirm you're logged into Apple Music on your device?
1261241,@AppleSupport I installed 11.0.3 on my iPhone 6+ and now things like my phone and calendar are freezing &amp; crashing all the time!,@415463 We want to help. DM us the country you're located in and we'll go from there. https://t.co/GDrqU22YpT
1261243,"@115858 @AppleSupport @115948 
What’s going on totally cant use Apple music ,keeps asking me to join already been a member for months!! https://t.co/8c5dFtctxW",@415464 We’re currently investigating this. We'll update our System Status page as more info is available: https://t.co/7NVrDovSd8
1261343,Any help appreciated: My original @AppleSupport headphones volume control don’t work on my iPhone6s. They work on other phones so issue 1/2,@415482 We’d like to help get your 6S working with the EarPods.  Have you had a chance to test your phone with other EarPods?
1261367,@AppleSupport No!,@415489 It's hard for us to say exactly why they may have disappeared temporarily. Please DM us if the issue returns. https://t.co/GDrqU22YpT
1265228,@115858 IOS 11.0.3 has destroyed my  iPhone 7 ... help!,"@416264 Hey Alex, we'd like to help out with your iPhone. Send us a DM. https://t.co/GDrqU22YpT"
1265249,What the heck?  Used my headphones for the first time on my i7 and now my phone won’t come off headphone mode.  @AppleSupport,@416272 Let's see what's going on. Did you use the EarPods that came with your phone? Reply in DM to get started. https://t.co/GDrqU22YpT
1265260,S/O to @115858 for the new update that has my notifications coming in all wack&amp;has my phone dying in less than 2 hours Y’all are the realest,@416274 Allow us to assist. Send us a DM so that we can help you with this. https://t.co/GDrqU22YpT
1266515,Bruh wtf is wrong with my Apple Music wont add new music. @115858 if yalls don’t fix I’m switching back to @115888,"@416545 We want to get your Apple Music working again. To start, can you tell us which iPhone and iOS version you're using?"
1266527,@AppleSupport Didn't work... :(,@416548 Thanks for following up with us. Could you meet us in DM to investigate further? https://t.co/GDrqU22YpT
1267189,Ya haz algo!! @AppleSupport arréglate!!!,@416690 We offer support via Twitter in English. Get help in Spanish here: https://t.co/IBIY3vMgPj or join https://t.co/OczyRx7IOs
1270288,Trying to forward an article via text message using new iOS 11.0.3.  Message Failure.  Thanks @115858,@134424 We want to help. What device are you using and which app are you sending the article from? What happens when you try?
1270333,@AppleSupport  @170480 @115858  iphone 5s cihazların onarımını mı yoksa cihazı degistiriyorsunuz  cihaz şarj almıyor,@417419 We offer support via Twitter in English. Contact us for help in your preferred language here: https://t.co/IBIY3vMgPj
1276345,@AppleSupport This fixed it. Thanks,"@418756 Perfect! Glad to hear it, let us know if we can help again in the future for you."
1276351,@115858 the new update zaps my power. #notcool,"@418758 We'd like to help. Please send us a DM with more details, and we'll get started. https://t.co/GDrqU22YpT"
1281471,@AppleSupport Ever since downloading IOS 11 My iPhone 6S has been slower and slower. It freezes all the time. I don’t know what to do!,@419821 We want to help out. DM us and we'll continue there. https://t.co/GDrqU22YpT
1282394,@115858 why did my phone hold charge before the update and not now?? could go days before.. now not even a half day.. on 8% already???,"@420008 We'd like to check into this with you. To get started, could you let us know which iPhone &amp; iOS version you're using?"
1282431,@AppleSupport I DM’d you.,@420019 We'll help! Are you on the home screen when this occurs? Tap Settings &gt; Display &amp; Brightness &gt; Auto-Lock. Which is selected?
1283974,"@AppleSupport having so many problems with my phone, Not sure what to do 😕 https://t.co/4SwbJzp1cK",@420345 Hi there! Let's work through the steps here: https://t.co/Ui1yTnOCUz DM if it continues
1292112,"@AppleSupport The latest update has been a nightmare. Phone Bluetooth drops while driving, sluggish response, freezing of screens...UGH!!!!",@422166 We received your DM. Check there for our response.
1298513,@115858 the new update super sucks!! My phone is acting like something I would normally throw away!! Please can you give us a better update??,"@423470 We'd like to help with your iPhone. To start, DM us with details about what it is or isn't doing. https://t.co/GDrqU22YpT"
1298605,@AppleSupport Does apple plan to sell full priced unlocked iphoneXs for preorders today?,"@119473 Thanks for reaching us. For all questions regarding pre-orders, reach out to our Online Store here: https://t.co/8yjRd2eYRQ"
1303336,Anyone else get this email? @AppleSupport @118936  is this a scam? https://t.co/rSPA2bamyz,@424566 Great catch! That is a phishing attempt. You can learn more about phishing at https://t.co/LNMCdqt6fD.
1304272,YOOOOO @115858 fix the fuckin IOS my phone acting up,@424776 We've got your back. What type of issues are you having? Send us a DM. https://t.co/GDrqU22YpT
1305631,"@AppleSupport why is it when I FaceTime people, after a few minutes the call ends??",@425105 Let's work together and get this resolved. Which device is this occurring on and which iOS or macOS is installed on it?
1326000,I'm not getting the iOS 11 update. How can I fix this @AppleSupport,@412637 We'll be happy to look into this with you. Which device is affected? What OS is installed currently?
1331921,@applesupport on iphone 6 volume controls and music controls for spotify no longer work after updating to IOS 11.0.3,@430723 We're here to assist. Are the iPhone’s volume up/down button’s not working as shown here: https://t.co/45AlFnF6Ae
1332330,@115858 how is it I’m charging my iPhone and the battery is going down??,"@430812 Hey, let's look into the battery life together. DM us the iOS version and we'll work together from there. https://t.co/GDrqU22YpT"
1332767,@AppleSupport how do I switch of automatic brightness on this new iOS?,@430908 Auto-Brightness moved to Settings &gt; General &gt; Accessibility &gt; Display Accommodations. https://t.co/bkqEVCrK2l
1332784,我遇到了“个人热点”无法关闭的bug，即使我打开“飞行模式”并关闭“个人热点”，关闭飞行模式后，热点依旧显示被连接。iOS 11.0.3 @AppleSupport,@430914 We offer support via Twitter in English. Contact us for help in your preferred language here: https://t.co/IBIY3vMgPj
1336281,help @AppleSupport,"@431723 We got your DM, and we will respond to you there."
1336288,Currently on iPhone upgrade program Placed the order showing nothing in the orders tab. Anyone else have this issue? #iPhoneX @AppleSupport https://t.co/hgQDE8X6jm,"@431725 We can help with this. Since it says the order is pending, it's being processed. Check back periodically until it shows up."
1336312,"@AppleSupport 
I made a mistake and I ordered twice. how to cancel the first order","@380998 Oops! We understand, things happen. Reach out to our Sales team and we'll sort it out: https://t.co/l9vC3IRh4z"
1336351,"Also @115858, might be helpful to have a chat and phone lines that work for help in ordering. #iphoneX",@431735 Our Apple Online Sales Support team is here for assisting you with any orders. Reach out to them here: https://t.co/8yjRd1Xo0i
1342683,Dear @115858 your flagship iPhone 8 on the newest OS is buggy as hell. Please fix. I’m tired of restarting my phone to fix small OS hiccups.,@433146 We're glad to help. What is going on with your device? What are some of the bugs?
1342694,"My @AppleSupport iPhone 6S battery, goes from 100% - 0 within 2 hours! What am I doing wrong? 😭🤔💖",@433148 Battery life is important. We'd like to help. When did it start draining like this?  Which iOS version are you running?
1342746,@AppleSupport My alarm clock isn’t going off on my iPad Air 2 and it’s making me late for school.,@433161 We're here to help. How long have you been experiencing this? Which iOS version (Settings &gt; General &gt; About) is installed?
1342798,"Hey @AppleSupport, Mail on #HighSierra is a broken mess that crashes whenever I try to compose an email would be appreciated if you fixed it","@433174 We can help with that. To get started, be sure you've installed all available updates in the Mac App Store."
1344609,It’s bad enough to be a goofball wearing TWO airpods but now I have to be a goofball wearing ONE airpod @115858 help,"@229524 Let us know via DM which country you are in, then we'll be happy to help out from there https://t.co/GDrqU22YpT"
1346348,@AppleSupport do you know why Apple Pay payments made via watch don’t show in the recent transactions?,@433958 You'll find more information about transaction history here: https://t.co/vJzVkWOsWQ
1346672,So do not want to make this trip to @115858 but my charger yet AGAIN burnt out. I’m over these iPhone chargers,@434034 We're here to help find the best solution. DM us what country or region you're located in. https://t.co/GDrqU22YpT
1347730,"@115858 @AppleSupport wht kind of update is ios11
My phn 6s been showin only white screen with black apple logo since 4 hrs. Phn dead nw Help",@434281 We know how critical it is to be able to use your iPhone. Have you tried restarting the device? See: https://t.co/8MvHMFZ83h
1349519,ios 11.0.3... wtf?! @AppleSupport Embarrasing! This is way slower then the original ios to the first iphone.,@434696 We're here for you! Which app(s) are you experiencing this? DM us here: https://t.co/GDrqU22YpT
1350656,@AppleSupport is there a way to adjust the width of the highlighter pen in iBooks?,@155578 We're here for you. DM us which device you're using and we'll go from there. https://t.co/GDrqU22YpT
1352959,"@AppleSupport If I purchased a ATT version of the iPhoneX, will it work on the Sprint Network?","@435531 AT&amp;T and Sprint use different technologies; one won't work on the other. See details in the FAQ here: 
https://t.co/lzeawymxcf"
1354531,"Hey @ATT and @AppleSupport, I have an iPhone reserved with reservation number but the system won't let me complete the order. PLEASE HELP",@435875 Let's get you pointed in the right direction. Reach out to our Apple Online Store support here: https://t.co/8yjRd1Xo0i
1355435,.@115858 fix the damn music app!!,"@436061 We know how important our music is. Tell us what's happening when you go to use the Music app, and we'll see how we can help."
1357919,"@AppleSupport the new iOS 11 really fucked up my phone fam.. all my damn apps freezes, I keep restoring my phone and still the same shit 😒😒😒",@436583 We'd be happy to review this for you. Please DM us and we'll get started. https://t.co/GDrqU22YpT
1358045,@115858 how come I can’t type url into my browser on iOS 11? The keyboard doesn’t appear #Bugs,"@436619 We'll be happy to help out. Which exact version of iOS 11 is installed? Also, what device is affected by this issue?"
1359168,"@AppleSupport Phone constantly freezes and will shut off, when I have adequate battery left. Did not have ANY problems before your last update",@436878 Hi. We'd like to help. Tell us more about the issue you're having.
1360175,@AppleSupport Ios11,"@437108 Okay, thanks. Have you backed up recently? If not, let's do that now. Here's how: https://t.co/4f8hwT5to6"
1363262,Hey @AppleSupport got the new update and now my battery life is “shit”. Please explain.,@437426 Let's see what we can find with you today. Can you verify the version shown in Settings &gt; General &gt; About for us to proceed?
1365538,Wotizdis @115858? https://t.co/INEnYWtfBP,@437924 We're happy to help. Have you made a recent purchase? DM us from here if possible to assist further. https://t.co/GDrqU22YpT
1366340,"@AppleSupport lost all my contacts, photos and it won't let me sign into iCloud 😫","@438069 We'll make sure to get this straightened out. DM us, and we'll see you there. https://t.co/GDrqU22YpT"
1366343,"Don’t update your iOS device to 11.0.3. It’s crazy buggy and very frustrating. Hey @115858 , you need to QA your code before release!",@438070 We'd love to help when you have some time. Just send us a DM and we'll get started. https://t.co/GDrqU22YpT
1367049,Wondering if persistent-red-dot &amp; duplicate-notification issues on @115858 Watch / iOS 11 are fixed by upgrade to WatchOS 4?,@438227 Those are certainly issues we can take a look at together. Which WatchOS version is on the Watch? Settings &gt; General &gt; About.
1367596,@115858 ever since I updated my iPhone to iOS 11 it runs slow and keeps freezing up and crashes. Get a new update out asap this is annoying,@438363 We'd like to see how we can help. Which iPhone and iOS 11 version are you using?
1367630,"Typing on my iPhone, Awatch on wrist, MacBook on desk and ipad in my bag... trying to complete my reserved order.  @AppleSupport tripping 😐!","@438374 We're happy to help. To help with orders, our Online Sales Support Team can help you here: https://t.co/8yjRd1Xo0i"
1368450,@AppleSupport I just received a `password reset` email that looks authentic but I didn't initiate any reset. Please advise.,"@438520 Thanks for bringing this to our attention. For help handling this, take a look at the following:  https://t.co/LNMCdqt6fD"
1368850,My iphone fucking completely broke today and I've only had that motherfucker for a year this is some ho ass shit @115858 what the fuck,"@438621 If you have damage to your device we'd like to help you review your service options. Please send us a DM telling us the exact issue you're experiencing, along with your location so we may assist. https://t.co/GDrqU22YpT"
1370217,I keep turning the WiFi off on my phone but somehow I keep ending up connecting to someone’s raggedy WiFi. Wassup @AppleSupport,@438947 We want to make sure we get you the information you need. Go to Settings &gt; General &gt; About &gt; Version. What iOS is installed?
1370382,went to @AppleSupport at MOA told me my SIM card tray wasn't reading my SIM card. I got a new replacement &amp; my new one still says it. 😡😡,@438989 We're here to help. Can you please tell us which version of iOS you are currently running?
1370826,@AppleSupport Please explain why iPhone 6 Plus is slower after installing latest iOS update. frustrating to wait 10 to 15s to send a msg,@439087 Let's look into this for you. Send us a DM with your exact iOS version to get started. https://t.co/GDrqU22YpT
1372519,I️ can’t #apple,@439426 What issues are you having? Let us know so we can help.
1374605,@AppleSupport I have an issue with my order. You’re not answering your phone or chat requests. I have until noon tomorrow. What to do?,"@439958 We appreciate your patience! For any concerns with your order, continue trying to reach Sales support: https://t.co/8yjRd1Xo0i"
1378515,"No puedo descargar apps, algo le pasa a mi cuenta @12228 @115858 @AppleSupport  😭",@440910 We offer support via Twitter in English. Get help in Spanish here: https://t.co/IBIY3vMgPj or join https://t.co/OczyRx7IOs
1386579,@AppleSupport why does my phone always act up every time Apple releases a new phone? Why?,@135215 We’re available to assist. Which iPhone model are you using and what’s happening with it?
1386597,@AppleSupport @115858 can you please explain these question marks? I️ don’t understand. I️ didn’t pay for this,@442641 We'll do all we can to help. DM us what device and OS you're using to get started: https://t.co/GDrqU22YpT
1386620,🗣Fix the keyboard @AppleSupport,@442645 We're happy to help. Tell us what issue you're having with your keyboard.
1386690,@AppleSupport I got the new #iPhoneX before the weekend. Is it just me or cant you close apps like before with push them up? It dosent work.,"@442666 We can assist. There is an extra step. From the App Switcher, long press any app until you see the minus sign. Then swipe up."
1387613,@AppleSupport iPad mini2 (11.0.3) can’t download Plex app! App Store says “Unable to Download App. ‘Plex’ cannot be downloaded at this time”,@442860 Please let us know what troubleshooting steps you have taken so far. We don't want to repeat steps you have already taken.
1389308,"@115858 @AppleSupport My iPhone Battery drains like crazy, need an update soon 😕",@443190 We can help. Which iPhone do you own? How long does a full charge last?
1391876,Hey @115858 ? Maybe fix the iOS and make it so I can actually receive ANY notifications? I keep missing important texts 😡,@443728 We'd be happy to see how we can help. Which device and OS version are you using?
1393401,"@115858 
hello, There is an issue on iPhone look at the pictures. The lift part is empty. iOS 11.0.3 https://t.co/tA4WdAxkRI",@444061 We're glad to help. We’ll be glad to look into this together. Does this happen after a regular restart? https://t.co/OWRDHWSt4h
1393436,"@AppleSupport my phone has been acting up. The Bluetooth, brightness, WiFi keeps turning on and off. And my music randomly turned on at nite",@444069 We want to help. Which iOS version are you using? Could you give us a few more details about these issues?
1394902,Another bug while accessing files via Whatsapp @AppleSupport @291582 https://t.co/Nw0dksZrpT,@308029 Thanks for reaching out to us. Please send us a DM and we can chat with you there. https://t.co/GDrqU22YpT
1396211,"Also, whilst I’m in a complainy Mood @115858  I updated my iPhone now the WiFi and Bluetooth turns itself on when it wants. WHY?",@444674 We've made some changes in iOS 11 to Control Center. Look at this link for more info on those changes: https://t.co/vzVz37YMv0
1396248,@applesupport need 2 change order shipping address (or cancel). Can’t change on web. Been trying 2 call past 24 hrs - no answer. What’s up?,@444686 We want to help get you pointed in the right direction. Could you let us know your country in DM? https://t.co/GDrqU2kzhr
1397307,"@AppleSupport @115858 plz stop fucking up my phone n slowing it down, i dont want the iphone x n i certainly dont have the flipping funds!!!",@444930 That's not the experience we expect you to have. Which iPhone and iOS version are you using?
1403797,MY PHONE WONT STOP SCREEN RECPRDINGD JDIVJVDU @115858 FIX IOS 11 NOW https://t.co/POxaYZrTbj,@446366 Sounds like you're having some trouble with your device. We'd like to help. Send us a DM. https://t.co/GDrqU22YpT
1405941,@115858 get you’re shit together with this I️ issue,@446803 Here’s what you can do to work around the issue until it’s fixed in a future software update: https://t.co/xXaXeeSRt9
1406235,@115858 should fix iOS 11 I am still having trouble not making calls and not being able to change the volume using the bottoms on the side,@446868 Send us a DM so we can take a closer look into this. https://t.co/GDrqU22YpT
1406836,@115858 why does my phone keep changing it to I.t ? Annoying 🙄,@446994 We'd like to help. DM us the version of iOS you're running on your iPhone and we'll go from there. https://t.co/GDrqU22YpT
1407778,How is it possible blue circle stay at zero?! 😳 #Apple #AppleWatch @AppleSupport https://t.co/xUHkg5l0b9,"@447226 Making sure our activity is reported correctly is important and we want to help. To start, see this link: https://t.co/evTpsN4Raj"
1407847,"@115858 my cellular data does not work for most of the app i.e whatsapp, Instagram after 11.0.3 update. Pls fix the issue.",@447240 We're here to help. Would you please tell us more about the issue? Are you getting an error message?
1408404,I can’t see the new emoji’s yet I updated my phone... @115858 what is going on?,@447353 Thanks for reaching out to us. When did you complete the update on your iPhone?
1408429,@AppleSupport 11.1,"@238859 We want to check available options. Meet us in DM, please. https://t.co/GDrqU22YpT"
1408448,my iphone stop freezing and lagging every 15 minutes challenge,"@447358 We know how important battery life is, so let’s work together on this. To start, which iOS version is your iPhone on?"
1410797,@AppleSupport — Upgraded 2 new iOS &amp; having text problems—I’ll type out a text &amp; only part of a line or 2 will send the rest is gone,"@382513 We'd like to help. What kind of device are you using? Also, does this happen only when using the Messages app?"
1410828,@AppleSupport I️ have the IPhone 7 Plus and the newest 11.1 iOS,@447909 We would like to take a look at this further. Reach out to us in DM. https://t.co/GDrqU22YpT
1412723,"@AppleSupport hi, since my 7 plus has iOS11 my phone doesn’t always connect to WiFi. I have to engage airplane mode then switch WiFi on...",@448297 Thanks for letting us know. We are glad to help. Are you fully updated to 11.0.3 at this time?
1413230,@AppleSupport aye fix my phone. this question marks pissing me off,@448426 We'd love to help. What iOS version do you see in Settings &gt; General &gt; About &gt; Version?
1414579,@AppleSupport @115858 can you fix this autocorrect problem?! The letter i is changing to something weird.,@448740 We'd be happy to help. Send us a DM and we can start there. https://t.co/GDrqU22YpT
1416060,@AppleSupport why is my IPhone 7+ replacing I with a question mark in a box? I’m on iOS11.1 😅 not cool,@449093 We'd like to look more into this. Reach us via DM to continue and gather more information. https://t.co/GDrqU2kzhr
1416066,"Hello @AppleSupport do u see that weird “A?” it keeps turning my I’s into this: I️ — I’ve tried everything except restore to fix it, HELP https://t.co/fWvgbdJXkz","@138058 We're here to assist! We received your DM, and we'll continue with you there shortly."
1416891,Why is the letter “I️” an emoji now and what is this whole A with the square and a question mark?????,"@449306 We'd like to take a look into this. Please send us a DM, and we'll get started. https://t.co/GDrqU22YpT"
1416991,@AppleSupport is Apple Music song’s also Mastered for iTunes? Or is it only just for drm-free iTunes Store Music?,"@449330 Some content is, some isn't. You'll find more info on ""Mastered for iTunes"" at the following link: https://t.co/fIJxeeqAfq"
1417398,H E L P @AppleSupport https://t.co/YdiRqptXcr,"@449449 We know how important it is for your keyboard to work perfectly. DM us, and we can help. https://t.co/GDrqU22YpT"
1419124,@AppleSupport what’s going on here?👀 https://t.co/4F3wUv6ROa,@449861 Thanks for letting us know. Please send us a DM and we'll continue this conversation there. https://t.co/GDrqU22YpT
1420230,"@AppleSupport It’s glitchy, it freezes and randomly black screens and when I unlock it the background stays stuck behind my apps",@450155 We're here to help. What exactly is going on with your phone?
1420616,my phone keeps fucking freezing @115858 can you please at least wait to do this until the iPhone x comes out thanks,@450260 We'd love to help! It's certainly not what we want you to experience after updating. What's the exact iOS version you're using?
1427636,Anyone else think this new iPhone update is slowing down their phone? @115858,"@451630 We’d love to help with the performance of your iPhone. To start, send us a DM confirming the iOS version you are using. https://t.co/GDrqU22YpT"
1433345,How to fix when the apps always went down after idle a while @115858 @AppleSupport https://t.co/j4XWN5uZ4K,"@452803 We want your iPhone working for you; we'll do all we can to help. To start, are you tapping the Home button when this happens?"
1434182,I️,@452983 We'd like to learn more about this. Which device is it happening on? Reply in DM to get started.
1434307,@AppleSupport WHY WONT MY PHONE UPDATE,@453018 We can help! Are you receiving any error messages or anything like that? Reply in DM so we can get started. https://t.co/GDrqU22YpT
1434839,Wow... Apple Music back on the fuck shit,@453144 Thank you for reaching out to us today. We want to get you back to your music. Are you connected to Wi-Fi when this happens?
1436702,Got this strange notification after 12 hours of updating to ios 11.2 public beta..what does this mean? @AppleSupport @291582 @115858 https://t.co/Fs7nMKwXVo,@453525 We're here for you. Reach out via DM using the link below. https://t.co/GDrqU22YpT
1436704,@AppleSupport iPhone is updated to the latest iOS version now. So far it’s working fine! It’ll hopefully stay that way 🙂,@453526 We're so happy to hear that! Please feel free to get back in touch if you need help with anything else. Have an awesome day.
1439404,@AppleSupport I'm getting a 403 error trying to get to my account on https://t.co/u7WeBvYoVz. Is the dev site down?,@454046 Thanks for reaching out. You can contact our Developer Support team here: https://t.co/MN29maiV1D
1441959,@AppleSupport Hi I think u should put a search bar on your emoji keyboard thx,@454555 While we don't have a search bar you can tap to replace words with emoji. Check out the steps here: https://t.co/HZ16f3e0B9
1442005,"how do i have my phone plugged in charging, and it still be dyin???? @115858 ??? this update is 🚮🚮🚮","@454573 Hey, let's work together on the battery life. First, can you tell us the exact iOS version?"
1442863,What does this even mean? I bought the album! https://t.co/ABaEMieDd4,@454788 We'd like to help with syncing your music.  Are you an Apple Music Subscriber?  Did you purchase the song from your computer?
1443154,@AppleSupport I have an iPhone 6 and when I'm trying to update my software it says iOS 12.2.1 failed verification because I am no longer connected to the Internet. I,"@153675 We know updating is important, we're happy to help. To clarify, are you attempting to install the public beta or iOS 11.1.2? Also, are you using a home, business, or public Wi-Fi network?"
1443377,explain what’s going on @AppleSupport https://t.co/um7lCPvBSq,@454900 Let's take a look at this together. Have you already updated to iOS 11.1? Let us know in DM. https://t.co/GDrqU22YpT
1444456,@AppleSupport hello I've sent a DM asking for support help. Please assist.,@455191 We've received your DM and will continue with you there.
1448110,"@AppleSupport As a frequent FaceTimer, I find the new outgoing FaceTime ringtone absolutely ear splitting. How do I change the ringtone??",@456046 Great question. Head over to Settings &gt; Notifications &gt; FaceTime &gt; Sounds to change the tone.
1451548,"@AppleSupport Same thing on my imac. When i try to change game center accounts. Bring back the GC app, it worked! Most players have multiple accts. https://t.co/DeD5fdKhUE","@456842 How long have you been having this issue? Also, does this happen on all network connections?"
1451589,"Yo @115858 yall needa fix this “i” shit moe, that shit blowing me","@456858 Let's work together. To start, please DM us with the device model and exact iOS version you're using. https://t.co/GDrqU22YpT"
1451606,@AppleSupport why every time I️ put I️ on Facebook a damn box show up and don’t tell me to update because I️ did that already,@456863 Thanks for reaching out. Send us a DM with your exact iOS and iPhone model. We'd like to assist. https://t.co/GDrqU22YpT
1453214,@115858 fix yourself my camera doesn’t work on any app,@457245 DM us and let us know more about what you're experiencing. We're glad to help. https://t.co/GDrqU22YpT
1455310,what’s going on with this question mark and this box EVERYTIME I️ TYPE THE LETTER “I️”,@457778 We'd be happy to look into this with you.  Please reach out to us via DM and we'll get started. https://t.co/GDrqU22YpT
1457393,@115858 Why can’t I type the letter “i” with iOS 11.1? I have to touch the predictive text option to avoid this from happening..?,@458260 We can offer some guidance. Meet us in DM and we'll continue from there. https://t.co/GDrqU22YpT
1458061,@AppleSupport @458414,@458412 Are you running iOS 11.1? Let us know in DM and we'll go from there. https://t.co/GDrqU22YpT
1458109,@458432 @AppleSupport yes oh my god,@458431 We can look into this issue with you. Which iOS version is your device currently running?
1459875,"Is anyone getting a question mark box symbol when they try to use ""I"" on their social media via their iPhone? @AppleSupport",@314428 Send us a DM and let us know what version of iOS you're running. We'll go from there. https://t.co/GDrqU22YpT
1461619,@AppleSupport can you fix this glitch please!! Can’t type the letter I️,@459226 We can offer some guidance on this. DM us the device and iOS version and we'll go from there. https://t.co/GDrqU22YpT
1466136,IM SO OVER THIS @AppleSupport YALL DO THIS EVERY YEAR DAWG! WHY CANT WE REFERENCE OURSELVES IN 1 ST PERSON W/O IT TURNING TO HIEROGLYPHICS,@460301 We're happy to help would you mind sending us a DM and we'll go from there. https://t.co/GDrqU22YpT
1466168,@AppleSupport I️ can’t type the word “it“ without getting “I.T” and the letter “i” without getting “A box questions mark(I️)” help https://t.co/YU7lcUPkXM,@460308 We're here to help. Send us a DM by clicking on the link below. We'll continue there. https://t.co/GDrqU22YpT
1466871,Hey @115858 can you fix this?! https://t.co/rWa2j32vXO,@460468 We'd like to check this out. Is your device running iOS 11.1? Let us know in DM. https://t.co/GDrqU22YpT
1467794,@AppleSupport WTF? Since updating to iOS 11.1 and watchOS 4.1 I’ve not earned any achievement badges despite smashing targets. You have also https://t.co/qOtJtpR2h1,@317764 We'd like to look into this together. We know it's important to have the badges you earn. DM us &amp; we'll go from there. https://t.co/GDrqU22YpT
1469204,"@AppleSupport No updates available, and yes iMessage slow to open, and texting is incredibly slow and laboured.",@461019 Do you have any available updates for WhatsApp? Is iMessage slow to open or does it freeze once in app?
1469377,Hey @115858 &amp; @123765 - any reason why 'God' always tries to autocorrect to 'Hod?' What's a Hod anyway? #pleasefix,"@461042 Thanks for reaching out. Let’s look into this together. To start, which device is this happening on?"
1470716,@AppleSupport hola . Realice la última actualización de mi iPhone y se puso muy lento incluso me cuesta escribir mensajes . Some help pls?,@461369 We offer support via Twitter in English. Get help in Spanish here: https://t.co/IBIY3vMgPj or join https://t.co/OczyRx7IOs
1471803,Dawg I️ updated my phone and I’m still seeing boxes @115858,@461638  We thank you for keeping the device updated. Can you DM us your device model? https://t.co/GDrqU22YpT
1471811,@115858 aye fam! Y’all gone fix this annoying question mark shit or no?,@461642 We'd like to look further at this. Please DM us. https://t.co/GDrqU22YpT
1473313,@AppleSupport I’m gonna need y’all to stop charging me for stuff I don’t have I just got charged $9 for no reason,@461988 We're happy to help. Let's start here: https://t.co/taIxXM0mAZ
1474728,Hey guys @AppleSupport I got some troubles here with Apple Music. I would appreciate some help,"@462352 Got it, thanks. Is your Apple ID showing signed in? Let us know in a DM, we'd like to take a closer look and continue to help. https://t.co/GDrqU22YpT"
1474831,Phone won't let me update my apps @115858 now I can't vote on @9469 bag a shite iPhone,"@462376 Are you getting an error when you attempt to download? Let us know, we'd like to assist."
1476929,Why are my I’s being replaced with some weird stuff @115858,@462923 Let's see what we can find. Does this happen in every application? Meet us in DM to discuss further. https://t.co/GDrqU22YpT
1477594,@115858 I really need help with technical issues...,"@463088 That's what we're here for. What did you need help with, in particular?"
1478354,@AppleSupport This shit still doing this a ? I️ thing ... like I️ don’t have an Android this is wack. Dumb AF,"@463291 We'd love to help out. Please Direct Message us using the ""Private Messaging"" link below: https://t.co/GDrqU22YpT"
1478379,"@115858 iOS so horrible. My phone is pretty much useless. Siri never works, apps are slow, and the letter “I️” doesn’t even appear correctly https://t.co/LsE06aIcEQ",@463299 We want everything to be working perfectly on your iPhone. DM us and tell us the exact version of iOS 11 you're using. https://t.co/GDrqU22YpT
1484067,@AppleSupport y’all need to fix this new update man. All these question marks are blowing mine,@464625 We'd love to help. Let's take a look at this further for you. Reach out to us in DM. https://t.co/GDrqU22YpT
1484148,New iPhone update is wrecking my phone. Decent battery life before  the update and now my phone dies at 9% @115858 quit forcing the hand,"@464648 Hey, let's work together on the battery life. DM us the exact iOS version and we'll go from there. https://t.co/GDrqU22YpT"
1484349,"why does the letter “i” turn into some other shit now?

@115858",@464699 We're here for you. Send us a DM and tell us which device model and iOS version you're using. https://t.co/GDrqU22YpT
1484366,When it was happening to other people it was whatever but now that it’s happening to me it’s a problem. 🗣Apple fix the I’s!!!!,@464706 We'd love to help with your text! Please send us a DM with which version of iOS you're using. https://t.co/GDrqU22YpT
1488898,@AppleSupport Why is there an upper case “ i “ in my recently used emojis and why the fuck does my “i “ keep getting auto corrected A ?,@465820 We'd like to look into this further with you. Which device are you using? DM us and let us know. https://t.co/GDrqU22YpT
1488924,Why do my I’s constantly change to this when typed alone #ios11.1 @AppleSupport https://t.co/PnFCfbb6Bc,@465829 We're glad to assist. Please join us in DM. https://t.co/GDrqU22YpT
1497852,This iPhone update is straight garbage my phones has been fucked ever since @AppleSupport,@467766 We’re here to address your concerns. Please share a few additional details about your issue in DM. https://t.co/GDrqU22YpT
1497950,@AppleSupport WHY IS MY PHONE DOING THIS WHEN TRYING TO TYPE “i”?? https://t.co/CHbUzW7UVe,"@467792 Let's meet up in DM, where we can provide some information. You can reach us at the link below. https://t.co/GDrqU22YpT"
1500751,@AppleSupport @118101 is this a spam or genuine? Think I know the answer but best to check https://t.co/eW0whWNg5V,@468422 Check out this link for tips on how to identify and report phishing messages: https://t.co/yGvlh3cZ5Y
1502024,@AppleSupport why do my calls not go through all the time? Sometimes it’ll ring once and hang up. They aren’t blocked and I updated,@468638 We'll do all we can to help. Is Voice Over LTE enabled?
1508702,@AppleSupport have we found a solution to stop iTunes from creating duplicate playlists when syncing?,@470180 We want you playlists to sync correctly.  Which devices are you using?  Are you an Apple Music subscriber?
1509345,"Also, dear @AppleSupport, please fix this:
Hi, I️ am a girl.",@470337 We're happy to discuss this with you in more detail. DM us the iOS version installed to get started. https://t.co/GDrqU22YpT
1509957,iOS 11.1 is awful! I had to restart my phone just so I can could open up Twitter. Everything freezes and is unusable @AppleSupport pls fix!,@470469 We would like to help with your iPhone.  Which iPhone are you using?  Did this just happen after the 11.1 update?
1515369,I wanna know why I’m still getting emails from people I been unsubscribed from @119033 @AppleSupport @61811,@471579 We'd like to help. Let us know in DM when you unsubscribed to continue. https://t.co/GDrqU22YpT
1516121,Fix this ➡️ I️ ⬅️!!! Please and thank you @115858,@471759 We can give you some guidance on that. Please send us a DM so we can assist. https://t.co/GDrqU22YpT
1516183,"@115948 @AppleSupport hey guys, we've applied to Apple Music Connect but haven't heard back - what is your turnaround time? Cheers",@471778 Let's get you in contact with our Connect help desk. More information can be found here: https://t.co/myULYUfP1j
1516647,@AppleSupport  Watch on os4 does not change time to reflect local time zone after coming off airplane mode. Phone adjusts. They do connect.,@471875 We want you to be able to use the Apple Watch when changing time zones. Does it change after it connects to the iPhone?
1521214,@AppleSupport Just on the phone with Apple support for an hour and a half trying to get on the Apple upgrade plan and no luck. Any help?,@472845 We'd like to see what we can do for you. DM us with which country you're in to continue. DM us here: https://t.co/GDrqU22YpT
1521993,@115858 your update doesn’t allow Bluetooth to play my Spotify and Podcast!! #why,"@473028 Let us take a look!  To begin, what model device and OS version are we working with today?"
1522691,why do i️ still see squares after updating my phone @AppleSupport,"@473165 Hello, and thank you for mentioning us. We'll be glad to take a look with you. Please send us a DM. https://t.co/GDrqU22YpT"
1524119,@AppleSupport When will this 👉🏾 I️  be fixed?,@473496 We can provide you more insight in Direct Message. Click on the link below please. https://t.co/GDrqU22YpT
1525123,@AppleSupport has to be the worst when it comes to responding to customers! @116333,@473725 We've received your DM. Look for us there.
1525189,@AppleSupport i have the iPad Air 1 in my movies section i have some movies showing up in 4k can i still watch them on my iPad Air 1?,"@461656 We're happy to look into this with you. Is the movie going to be synced over from a computer, or downloaded directly on the iPad?"
1526005,@115858 hi I️ have a weird problem with question marks and the letter “i” any advice ? https://t.co/twPF43PzaQ,@473931 We want your messages to display properly. Send us a DM with your current iOS version. You can use this link here: https://t.co/GDrqU22YpT
1526014,@AppleSupport Just got my iPhone X but activation is failing because the activation server is unavailable. Any help?,@197224  Congratulations on your iPhone X. We'd be happy to help out. Please take a look at the following article: https://t.co/ywHIZGN4Ac
1526092,This apple update is trash. Every time I️ try to text back it sends a dick pic instead of the text @115858 help!!!!,@473951 We're here for you. Please DM us and we'll continue from there. Thanks. https://t.co/GDrqU22YpT
1526990,@AppleSupport Can you guys fix the letter “I” already it keeps changing into I️ every time I type on every social media!,@474167 We just got your DM about this and we'll be able to follow up with you there with more help.
1530046,@AppleSupport Help ! ☹️💔 https://t.co/jRj654Gmga,@474866 Let's take a look. Follow us to DM letting us know what country you're in to start. https://t.co/GDrqU22YpT
1534978,Been trying to activate my new phone for 4 hours. @applesupport I ordered this phone because old one broke. Sure could use a working phone!,"@476000 We appreciate your patience and apologize for any delays you're seeing. Try again in a few minutes, and let us know the results."
1536223,@115858 the updates you sabotaged my phone with during the release of the 8&amp;X are above and beyond this time. My phone blows now🙌🏻 please fix,@476327 Let's look into that. Send us a DM and we'll go from there. https://t.co/GDrqU22YpT
1537594,".@AppleSupport Apple Pay doesn't work anymore at most terminals, Still does at some, strangely. iPhone 6+, iOS 11.1",@476665 Our team that best helps with Apple Pay would love to assist you from the following link: https://t.co/IBIY3vMgPj
1539351,Every time I️ type the letter “I️” it turns into a question mark. Wtheck,"@477153 Thanks for reaching out to us. If you're on iOS 11.1, try these steps: https://t.co/xU1AGHStV6 https://t.co/GDrqU22YpT"
1539984,Thanks @81 this is probably why my new @115858 #iPhoneX wont turn on https://t.co/78IT3YwqBy,@477304 We're happy to help. Reach us via DM to continue. https://t.co/GDrqU22YpT
1540524,@115858 @AppleSupport why the hell is the system taking 10 of my 16 gb????? https://t.co/JXbFBuY1PG,@477436 Let's look into that. Send us a DM and we'll go from there. https://t.co/GDrqU22YpT
1543539,"@30053 Marietta GA store, some of the worst customer service. @115858, you should evaluate your bus. relationship with these clowns",@478160 We'd like to learn more about your experience. Send us a DM. https://t.co/GDrqU22YpT
1544119,@AppleSupport why is my phone doing this?! Whenever I type “I” it changes to this. Made the keyboard change and it’s still happening. https://t.co/KkbUFzDjte,@478318 This might help sort that out: https://t.co/xU1AGHStV6 Let us know if it does in DM. https://t.co/GDrqU22YpT
1544477,Y’all employees in Brandon are HORRIBLE @115858,@478397 Hi. Your Apple experience means a lot to us. Please send us a DM. We'd like to hear from you. https://t.co/GDrqU22YpT
1544501,@AppleSupport I’ve updated my iPhone 8 to the latest iOS and I’m still seeing the black question mark boxes in place of emojis. 😫,@478406 Thanks for reaching out. Send us a DM and we'll take a look. https://t.co/GDrqU22YpT
1545201,"@115858 get ur shit together, my phone is having so many issues.",@478575 We'd love to help you. Please join us in DM. https://t.co/GDrqU22YpT
1548763,@AppleSupport fix this. It’s so frustrating. Wtf. https://t.co/noOOSZN3z3,@479432 Let's help take a closer look. Please DM us the version of iOS you're using and we can go from there. https://t.co/GDrqU22YpT
1549974,@AppleSupport my Apple Music isn’t working idk what’s wrong i pay for I️t every month,"@479738 We know how important your music is. DM us, and let us know what's going on with it. We'll help. https://t.co/GDrqU22YpT"
1552167,My phone keeps deleting my notes @AppleSupport How can I restore them?,@480272 Let's help take a closer look. Please DM us the version of iOS you're using and we can go from there. https://t.co/GDrqU22YpT
1552181,I updated my phone and I️ still get that box instead of the letter “I️” What the fuck is up @AppleSupport ???,@480276 Please send us a DM and we will go from there. https://t.co/GDrqU22YpT
1556338,Hey @AppleSupport why am I️ getting question mark boxes for the letter ii?! Fix it.,@172724 Try the process outlined here to see if it fixes this temporarily for you: https://t.co/xU1AGIa4ME Let us know how it goes.
1557358,@AppleSupport needs to fix this ? Mark in the box,@257770 Thanks for reaching out to us! Visit this link for steps to fix the problem: https://t.co/xXaXefaskH
1557365,"@AppleSupport hi, I’d love to buy an iPhoneX SIM-free without a carrier, outright. When will I able to do that?","@481404 Great question. What country are you in? Meet up with us in a DM, we'll continue there. https://t.co/GDrqU22YpT"
1557398,I’ve updated everything and finally caved in to pay for more storage and I still see boxes 🤦🏾‍♀️ why @115858 ??? #AppleUpdate 😭😭,@481411 We think this might help with that: https://t.co/xU1AGHStV6
1557422,Okay @115858 can you fix the glitch? It’s getting annoying,@481420 We'd be glad to assist. Which issue are you experiencing?
1560013,Ok @AppleSupport I’m getting sick &amp; tired of these hieroglyphic words your software is changing my words to... fix it STAT ‼️‼️,@482037 We'd like to look into this with you. Let us know exactly what's happening.
1560069,@115858 can you all fix this .. when I️ type “I️” it shows up as A with a question mark in a box... https://t.co/HreKNa8liO,"@482053 Hey there, check out this article for guidance. https://t.co/xU1AGIa4ME https://t.co/GDrqU2kzhr"
1564021,"I updated earlier today and still was seein the boxes 🙃
WHAT THE FUCK @AppleSupport? 🤔 https://t.co/UD67JQclla",@482957 This article can help with that: https://t.co/xU1AGHStV6
1565084,@AppleSupport I am not very happy with iTunes. I was doing something else on my computer and iTunes decided I should update. When I tried to,@483185 That's not the experience we want. Was this on a Mac or Windows computer? Did you try any steps when it was locked? DM us. https://t.co/GDrqU22YpT
1565994,When will my text get back to normal @AppleSupport,@483397 We’d like to help. Check out our guide which should help with a solution: https://t.co/xU1AGHStV6
1566043,Hey @AppleSupport am I crazy? 8 hours? Sunday is daylight savings not tonight... https://t.co/QahnjrXX3m,@483411 Thanks for reaching out! Let's work to get this resolved. Try to restart and see if that persists afterwards.
1571004,@118721 @AppleSupport the UK book store just let me buy this book and now says it not available in the UK?!?! Was quick to take my 💷 though! https://t.co/Vum82Gtcwp,@484418 We'd be recommend reaching out to our experts here: https://t.co/SDIe7UiyJN for further assistance with a refund.
1571010,@AppleSupport what is this thing happening when I️ type I️,"@484420 Thanks for checking that out. Meet us in DM with your iPhone model and iOS version, please. https://t.co/GDrqU22YpT"
1571037,"@AppleSupport hello:) I have a iPhone backup on my Mac through iTunes but I want to move the photos from it to my iCloud, is that possible? Thanks!",@484427 We're here to help! The Family Organizer is responsible for payments. Are your photos stored in Photos on your Mac?
1571669,@AppleSupport my iphone7 gets heated up while using? What’s d solution,@484565 We want to look into this. Which iOS version are you using on your iPhone 7?
1572280,@AppleSupport my EarPods keep disconnecting and reconnecting. Doing it more since recent iPhone updates.,@204871 We'd love to assist you. Have you tried connecting them to another device to see if you experience the same issue?
1572379,"@AppleSupport @116333 Thanks, I finally got support after being on hold for 51 mins. They walked through iTunes restore, everything working great now.",@484725 Have you tried activating again? If not go ahead and try the steps indicated in this article: https://t.co/ywHIZGN4Ac
1573080,The jig is really up @AppleSupport @115858 . Fix the “I” key,"@484892 We know it's important for you to be able to type out the letter ""i"". This should do the trick: https://t.co/xU1AGIa4ME"
1573674,Don’t understand why every time I type the letter “I” it changes it to weird symbols? @115858 fix it pls,@485026 Thanks for reaching out. This article can help: https://t.co/tTi2c9SDuV Let us know if we can be of any other assistance.
1573681,@115858 fix ur shit i’m tired of typing i️ and boxes coming up,@485029 We want your keyboard working for you; we'll do all we can to help. Let's try these steps: https://t.co/sDSg93LaFu
1573713,@AppleSupport where’s my iPhone. W500882342,"@390748 For questions regarding an order that was placed online, you'll want to contact our Online sales team: https://t.co/8yjRd1Xo0i"
1574419,@115858 fix the damn I️ (i) button !,"@485219 Thanks for reaching out! We're glad to help, so we've got a guide to share with you regarding this issue: https://t.co/xU1AGHStV6"
1575091,"ok, these question mark boxes are really irking me now",@485381 We are here to help. Let's try the steps listed in this article. https://t.co/xU1AGHStV6.
1576429,@AppleSupport help! Most of my photos have disappeared from my phone and backup seems to have no pics either!,@485678 We'd be happy to assist with your Photos today. Send us a DM to get started. https://t.co/GDrqU22YpT
1576453,I have the new update but the emojis are still just boxes #wtf @AppleSupport 🤷🏼‍♀️,@485687 Thanks for contacting us. We'd like to look into this with you. Let's meet in DM. https://t.co/GDrqU22YpT
1576465,Is this question mark box thing just @115858 ‘s way of making us lose our minds?! My phone is updated-why do I️ see this everywhere,@485689 We're here for you. Check out this article for help: https://t.co/xU1AGHStV6
1579099,Ummm when is @115858 going to fix these boxes and question marks?!,@486270 Thanks for reaching out about this. Check out this handy article that will get this resolved: https://t.co/xU1AGHStV6
1579101,I can’t stand how fast this bullshit 7+ battery dies.... @115858,@486271 Battery life is crucial to your iPhone experience; we'd like to help. Which iOS version are you currently running?
1579747,@AppleSupport My 6 Plus is virtually unusable after updating to iOS 11.1. When is the next patch coming out? 11.1 is awful. Help...,@486426 We are here to help. DM us the details of your issue and we can take a look at this. https://t.co/GDrqU22YpT
1580512,Why the does @115858 keep changing I️ (i) to a and a question mark in a box...,@486640 Thanks for contacting us. DM us to continue troubleshooting: https://t.co/GDrqU22YpT
1581396,Why am I️ reading tweets and texts with weird symbols after this last update @115858?,"@228105 Let's help. If you're experiencing this behavior, please check out: https://t.co/xU1AGHStV6"
1582174,Apple needs to fix their damn “I️” problem. It’s pissing me off. @115858,@487012 We can help. Check out this article for assistance: https://t.co/xU1AGHStV6
1587397,"@115858 should fix the shuffle/repeat buttons in the Music app. Impossible to tell when it is on/off, and I’m not even colour blind.",@488278 Thanks for reaching out. We highly recommend you submit feature feedback about this here:  https://t.co/eTPVYVFyd8
1588806,".@AppleSupport Why has the batter life on my iPhone 7 been garbage, pls assist",@488581 A working battery is key and we'll be happy to help. Send over more info on what you're experiencing via DM. https://t.co/GDrqU22YpT
1588838,@AppleSupport I am still seeing the square with the question mark Inside even after updating to the new iOS,@488591 We're here for you. Check out this article for help: https://t.co/xU1AGHStV6
1588844,@115858 I️ I️ I️ I️ I️ I️ I️ I️ am sick of your bug issues,"@488593 If you're seeing this on an Apple device, check out https://t.co/xU1AGHStV6 for a process to help today."
1588870,"@115858 @AppleSupport I’m going insane. Every time I type “I” it turns to an A and a symbol box. Only on apps, not on iMessage. HELP",@488603 We're here for you. Check out this article for help: https://t.co/xU1AGHStV6
1589307,At first i couldn’t type i not i can’t say IT properly wtf @115858,"@239253 We’d love to help. To start, send us a DM letting us know which device and software version you’re using. https://t.co/GDrqU22YpT"
1589314,Why tf is this a thing?? @115858 how do I️ fix this? Lol https://t.co/iPh6Le7qWD,@488710 We're here to help. Take a look at this article for assistance with this issue. https://t.co/xU1AGHStV6
1589923,Why the fuck is this happening @115858 https://t.co/mCL5Ajj8io,@488865 Thanks for reaching out to us about your keyboard. We recommend checking out this link: https://t.co/xU1AGHStV6
1591987,@115858 why can’t I️ type an “I️”,@489373 We can certainly help with this. Try the steps here: https://t.co/xXaXeeSRt9 Let us know if you still need help.
1593275,"@AppleSupport hello, buy an iphone7 and the charger no longer works, it has a warranty? Thanks",@489678 We're happy to look into this with you. Are you referring to the charging cable that came with your iPhone?
1593906,I️ can’t type the letter “i” without my phone doing weird things. How do I️ fix this?! 🤔 @AppleSupport https://t.co/lZE2yg9EJ4,@489842 We want to help. Look here for the resolution: https://t.co/xU1AGHStV6
1594924,Why does every single photo on my #iPhone now have an exclamation mark and is all blurry? Never happened before #ios11 @AppleSupport,@490075 We're glad to hear your photos are downloading. We can help look into what's happening with your battery. Let's meet up in DM: https://t.co/GDrqU22YpT
1597627,@115858 I️ need you to fix this sh I️ t https://t.co/rHpLJjTXaP,@490758 Hi there! This should help you out: https://t.co/xU1AGHStV6 Send us a DM if you have questions. https://t.co/GDrqU22YpT
1597687,@AppleSupport lost phone-can't log-in iCloud to report unless texted code &amp; NO PHONE TO TEXT &amp; no 800 calls from Mexico hotel!!,@490775 We want to be sure your account is safe. Reach out to our Apple ID experts here: https://t.co/UJm15vmMM2 https://t.co/GDrqU22YpT
1598074,@490863 @AppleSupport Did Apple support fix your problem? I’m having the same issues and I would like to know what I can do to fix it.,"@490862 No problem! We just wanted to let you know that we've received your DM, and we'll be following up shortly."
1598226,Signed out of my apple id but after signing in again I realized tgat @115948 deleted all of the BTS albums that I downloaded. HUHUHUH But the universe doesnt want me to be sad the neighbor was randomly playing Baepsae HUHUHU HELP @AppleSupport,@490890 Certainly not the experience we want you having. Please send us a DM so we can go from there. https://t.co/GDrqU22YpT
1598244,@AppleSupport why do I still see boxes on my timeline when I have no more updates bro,@490897 We'd like to help you. Can you give more detail on what you're seeing? DM us. https://t.co/GDrqU22YpT
1598547,What’s wrong with my I️ ‘s? 👀  @115858,@490975 We're here to help. Review the steps outlined here: https://t.co/xU1AGHStV6 DM us any questions. https://t.co/GDrqU22YpT
1599696,@AppleSupport there’s an issue with y’all keyboard 👀,@491213 What seems to be happening with your keyboard? DM us and let us know: https://t.co/GDrqU22YpT
1601920,"@115714 @115858 so I update my iPhone 7 and a couple days later, my phone freezes, shuts down and keeps doing this. Nope I’m not buying the X",@491733 That's terrible! Don't feel any pressure to get the iPhone X because of this situation... (1/2) -LR.
1602914,"@115858 Photos has completely destroyed my Face tagging.  Even if I explicitly fix it, Photos goes back and misidentifies again.  Brutal!",@491964 That is certainly not the experience we want you to have. Which device are you using with Photos?
1605080,Has anyone told @AppleSupport that this damn IPhone is typing a capital letter A when you try to type I️?  Fix this IOS 11.  Come on man.,@492383 We can help you with that today. Go to https://t.co/xU1AGHStV6 for steps to correct this issue.
1605473,@200998 did @115858 Apple iOS updates do something to @200998 use of iPhone gps?  Just stopped working perfectly / at all,@492487 We're here to help. Tell us what issue you're having with your GPS. We're happy to look into your issue with you.
1606780,@AppleSupport I turn on hide alerts and I’m still getting notifications for the texts.,@493576 Let's see what we can do about that. Where in settings did you turn off the Notifications for messages?
1606803,Apple Watch users: anyone else have trouble with an exercise (boxing) pausing even when locked? Can’t find a fix for this. @AppleSupport,@493582 We'd like to look into this with you. Which Apple Watch and version of watchOS are you using?
1606809,HEY @115858 “EYE” FUCKING HATE THIS,@163992 Let's see what we can do. Take a look at this source to see if it helps: https://t.co/xXaXeeSRt9
1614457,@AppleSupport why are you guys trying to make me pay for free apps it keeps sending verification required,@397736 We'll help get you on the right path! Reach out to our iTunes support team by clicking here: https://t.co/SDIe7UiyJN
1615492,@AppleSupport That didn’t work . Still see ? And squares with ? In them 😩,@495473 Thanks for the update. Let's meet up in DM to look into this a little closer. https://t.co/GDrqU22YpT
1616714,@AppleSupport. y’all gone fix these question marks or what?,@495777 We've seen the issue you're talking about and we have a workaround for it: https://t.co/xXaXeeSRt9 Did that help?
1616906,@AppleSupport what’s up with my flash light being disabled when I my battery drops under 15%? https://t.co/6bB75YLthY,"@495818 We'd like to gather a little more info so we can provide the best support. To clarify, are you using Low Power Mode when your battery drops under 15%? If so, certain features are disabled in order to conserve power: https://t.co/VtbR4hS4qv

DM us with more questions. https://t.co/GDrqU22YpT"
1617889,Hey @AppleSupport can y’all fix the fact that my phone autocorrects “I“ to and A and son weird question mark? iOS 11 Issue thanks for that https://t.co/OXoa2gmQWv,@496074 Thanks for reaching out. We currently have a workaround for this. Here's how: https://t.co/xXaXeeSRt9
1618253,"Like, I’m not understanding what’s taking @115858 so long to fix it? https://t.co/7AT3G8bjon",@496161 Let us know if this helps: https://t.co/xU1AGHStV6
1618306,worst sign ever,@496177 We are aware of this issue and are working hard to find a resolution. We do have a workaround: https://t.co/xXaXeeSRt9
1619317,I wish I could update my apples but my dumb ass phone doenst let me log into my Apple account so thanks @AppleSupport you guys are great 🙃,@496394 Sounds like something we might be able to help with. Is it your Apple ID that you're having difficulty accessing?
1621163,"@AppleSupport I’m on IOS 11.1,My iPad Pro 10.5 display become unresponsive while charging.Is it hardware issue or software?","@496784 We're here to help! Since experiencing the issue, have you tried restarting your device?"
1621214,@115858 Fix the thing. You know what I’m talking about.,@496801 Thanks for reaching out. Please DM us more details about your issue to assist further. https://t.co/GDrqU22YpT
1622132,@AppleSupport Can someone tell me how I have read-only privileges when I'm administrator of computer? All was good till I got High Sierra. https://t.co/yL1Qn4SqKQ,@497012 We can help. Have you tried to repair the disk with Disk Utility? Give that a shot if not: https://t.co/YdgKAB1wI2
1622581,"@116333 @AppleSupport https://t.co/XKBUXx9QYk

security concern! u need to fix iOS11 wifi, b-tooth &amp; cell toggle before someone gets hurt",@497114 Thanks for reaching out. You can read more about Wi-Fi and Bluetooth on iOS 11 here: https://t.co/G7BHuQnDS6
1624958,@AppleSupport ever sinc i hv updtd my 6s its wifi n blutooth gets automatically on despit switchng them off evrytim,@497645 We'd like to help. Check out this link for more information: https://t.co/G7BHuQnDS6
1625378,@115858 when are you gonna fix our phones I’m getting frustrated with the slowness and app dropping since downloading this new system,@497759 We’re here to help. Please DM us the software version you’re using so we can better assist you. https://t.co/GDrqU22YpT
1625417,DM’d @AppleSupport on here over an hour ago &amp; still not got back to me,"@497772 We've received your DM, and we'll continue with you there. Be on the lookout for a response."
1626549,"Never updating my iPhone iOS again. Everything’s slow, many things don’t work. Only benefit is I don’t see alien emojis everywhere @115858",@498052 We're here to help! Join us in DM with additional information to get started: https://t.co/GDrqU22YpT
1628492,When offset said “ric flair drip go woo onna bitch” .....I️ felt that,@498523 We're here to help. Check out the steps here in this link: https://t.co/xXaXeeSRt9
1628553,My phones been acting super shitty since I updated it..... @115858 😐🧐,@498544 What kind of issues are you having? We'd love to help. https://t.co/GDrqU22YpT
1629794,@65298 @AppleSupport Hahaha help me!,@498856 We'd be happy to see how we can help. What's going on?
1630144,Wtf is going on with my I’s “I️” me traí asta la verga @115858,@498946 Thanks for reaching out. We have a workaround for this here: https://t.co/xXaXeeSRt9 DM us if you still need help. https://t.co/GDrqU22YpT
1631177,@AppleSupport Can you check DM’s I’m reporting a problem with the new update,@499218 We've received your new DM and we've responded there. Keep an eye out for our response there.
1631272,Dear @115858 it shouldn’t take an hour of trying last night and so far 2 hours today to update my watch....😑🙄,"@499247 We see your view when trying to update. Although time frames can vary, Let's ensure it's working. What's shown on the screen?"
1634576,Yo @AppleSupport fix this keyboard glitch. Very annoying.,@500026 Thanks for reaching out. We have a workaround for this here: https://t.co/qODbOsp4wz DM us if you still need help.
1635154,@115858 see... see.... this is what we NOT gon do. Fix this shit right now!! https://t.co/kB11KYE7jr,@500180 This is certainly not the behavior we want you to experience. Could you tell us which iPhone and iOS version you're using?
1635173,@AppleSupport why every time I️ type the letter “I️” It turns  into a box o,@500186 Here’s what you can do to work around the issue until it’s fixed in a future software update: https://t.co/xXaXeeSRt9
1636530,"@AppleSupport i didn’t see that you actually responded oh my gosh, but thank you for the link!  that was the issue and now i know how to fix it!",@500554 We can help. Which version of iOS is installed currently? Does your iPhone show this message: https://t.co/KyywFa9iZ3
1636544,if i️ updated my phone then WHY do i️ still see boxes &amp; question marks. @115858 EXPLAIN,@500559 Here’s what you can do to work around the issue until it’s fixed in a future software update: https://t.co/xXaXeeSRt9
1637139,"@AppleSupport KP w/SDcard import to Photos on High Sierra? Appears to import, but no photos appear. Repros w/2 macs with HS, works in Sierra",@500712 We're happy to help. DM us here so we can better assist you: https://t.co/GDrqU22YpT
1637803,"Ummmm, why does my “I️” look like this? @AppleSupport",@500880 Here’s what you can do to work around the issue until it’s fixed in a future software update: https://t.co/xXaXeeSRt9
1638772,"@AppleSupport Had macbook pro from new 1 1/2 years old.  Keyboard and mouse completely unresponsive after sleep. My work computer, so pissed",@501108 Thanks for reaching out. We're here to help. DM us so we can look into this further with you. https://t.co/GDrqU22YpT
1639035,Does anyone else have an iPhone 5s that iOS 11 has made incredibly buggy? My poor phone can’t cope. #iphone5s @AppleSupport #apple,@501179 What kind of issues are you having with the iOS update? We'd love to help out.
1639177,I️ I️ I️ I️ I️ I️ I️ I️ I️ I️ I️ I️ I️ I️ @AppleSupport  FIX THIS SHIT,@483578 Hey there! DM us if you still need help. https://t.co/GDrqU22YpT
1639198,When you try to type “i” but it shows up as “! [A]” @AppleSupport what’s up https://t.co/s2nPDX6WsO,@116484 We'd be happy to help. Check out these steps to help: https://t.co/xU1AGHStV6
1639257,Good morning and happy Sunday to everyone EXCEPT @116076 and the person who created this new iPhone update!,@501242 Thanks for reaching out. We have a workaround for this here: https://t.co/uQeXsrrlXJ DM us if you still need help. https://t.co/GDrqU22YpT
1640209,@AppleSupport if I want to trade in my iPhone which still has AppleCare+ can I get a refund for that or do I have to just give it up?,@161626 Thanks for reaching out. This article has more details on requesting a refund: https://t.co/ep4XDv2ien
1640724,SOMEONE TELL ME HOW TO FIX THESE DAMN ? MARKS THAT KEEP COMING UP @115858,@501593 Here’s what you can do to work around the issue until it’s fixed in a future software update: https://t.co/xXaXeeSRt9
1640846,My iPhone has been@working ridiculously slow and freezing and glitching like @AppleSupport can y’all relax on me,@501632 We'd like to help! Send us a DM with details on what you are experiencing to continue. https://t.co/GDrqU22YpT
1641223,Bunun mantığı nedir ya? Bi sal artık @AppleSupport https://t.co/ieI7PE9Lku,@501740 We offer support via Twitter in English. Contact us for help in your preferred language here: https://t.co/IBIY3vMgPj
1641354,Yo @115858 wassup with all the question mark boxes???? I updated my phone https://t.co/fsqUiQFjGm,@501785 Here’s what you can do to work around the issue until it’s fixed in a future software update: https://t.co/xXaXeeSRt9
1642403,@AppleSupport how to block unwanted emails,"@502030 We want you to be able to manage your emails; we'll do all we can to help. To start, what device and OS are you using?"
1642622,Wooooooo @AppleSupport get it together! Please! This “I” issue is terrible!,@502096 Here’s what you can do to work around the issue until it’s fixed in a future software update: https://t.co/qODbOsp4wz
1643366,@AppleSupport is dit echt? https://t.co/YyctdkNgMc,@502264 We offer support via Twitter in English. Contact us for help in your preferred language here: https://t.co/IBIY3vMgPj
1643374,@115858  please fuck this i️ i️ i️ i️ i️ i️,@502268 Here’s what you can do to work around the issue until it’s fixed in a future software update: https://t.co/xXaXeeSRt9
1643846,@AppleSupport my keyboard is malfunctioning:/,@502383 We want to help.  Can you tell us more about what you are experiencing?
1645140,DEAR @115858 I️ HATE THIS UPDATE. CAN YOU GUESS WHY?! DO YOU KNOW HOW OFTEN I️ SAY THE LETTER “I️” THROUGHOUT THE DAY?!,@502720 Here’s what you can do to work around the issue until it’s fixed in a future software update: https://t.co/xXaXeeSRt9
1645444,@AppleSupport - I’m trying to backup my photos from my Macbook to my iCloud account. Been downloading for more than 24 hours. Sound correct?,@502797 Thanks for reaching out. We're here to help. DM us so we can look into this further with you. https://t.co/GDrqU22YpT
1645959,@115858 i need your support for this issue. I've updated my password but these messages are appearing! What should I do? https://t.co/bn6KHVlvFT,"@200989 We want to help. So that we may continue, please use the link below to start a DM conversation with us. https://t.co/GDrqU22YpT"
1646216,I️ do not understand why this keeps happening on Snapchat @AppleSupport why does the letter I️ keep auto correcting to this? https://t.co/T6uPXsAojc,@503008 Thanks for reaching out to us. We'd like to have you try the following steps and then restart afterward: https://t.co/uQeXsrrlXJ
1646727,My iPhone no longer seems to vibrate since I updated the iOS @AppleSupport @2202,"@503150 We'd love to help! When you restart, does that correct the problem? Which version of iOS 11 are you using?"
1647327,why these question marks popping up and my phone is updated?!🗣🗣🗣🗣 @115858,@503288 Here’s what you can do to work around the issue until it’s fixed in a future software update: https://t.co/xXaXeeSRt9
1647347,All fucking day!! What’s good @AppleSupport https://t.co/U1nwtRPiwh,@503295 Here’s what you can do to work around the issue until it’s fixed in a future software update: https://t.co/xXaXeeSRt9
1647420,@AppleSupport Thank you!,@503321 You're most welcome! Please feel free to reach out to us again if you need any more help. Have a great night!
1647742,"@AppleSupport I’ve been to Apple store twice and the second time y’all replaced my phone, which also doesn’t work",@503410 We want you to have a working phone. Let us know in DM what exactly is going on with the new unit. https://t.co/GDrqU22YpT
1648396,Thanx for the crap iOS update @AppleSupport I️ didn’t need the letter I️ anyway.  #applebug #pretendyoullmakeaprofitonitandjustfixit,@503579 Here’s what you can do to work around the issue until it’s fixed in a future software update: https://t.co/xXaXeeSRt9
1649057,"@AppleSupport tengo iPhone SE, como activo el teclado de una mano que solo se desliza para escribir",@503741 We offer support via Twitter in English. Get help in Spanish here: https://t.co/IBIY3vMgPj or join https://t.co/OczyRx7IOs
1649595,"@AppleSupport y’all need to send me a new phone , that update have my phone tripping !",@503883 We'd like to help get your phone working. Can you provide details on what's happening? DM us. https://t.co/GDrqU22YpT
1650087,"@AppleSupport IOS11 Blows, This Shit Keeps Draining My Battery.",@504009 We want to help. Send us a DM letting us know if you are updated to iOS 11.1 https://t.co/GDrqU2kzhr
1651891,"@115858 buenos dias les escribo desde caracas venezuela, tengo un problema con mi iphone 5 ya que no quiere acceder al servidor de activacion",@504426 We offer support via Twitter in English. Get help in Spanish here: https://t.co/IBIY3vMgPj or join https://t.co/OczyRx7IOs
1655505,Each iPhone update makes my 6 slower. Not cool @115858 !  Always happens when new phones are released.,@505217 We'd like to help get your iPhone 6 up and running. What is your current iOS version? Find it at Settings &gt; General &gt; About.
1656561,Why are my I️’s showing up as boxed question marks?! @AppleSupport,@505490 Here’s what you can do to work around the issue until it’s fixed in a future software update: https://t.co/xXaXeeSRt9
1657743,@115858 if y’all don’t fix this “I️” thing I’m not going to be apart of the iPhone gang anymore,@505803 Here’s what you can do to work around the issue until it’s fixed in a future software update: https://t.co/xXaXeeSRt9
1659101,Ok I’ve been having this stupid ass glitch on my iPhone too can someone fix it @115858 https://t.co/mQtDQNRpHg,@506186 Here’s what you can do to work around the issue until it’s fixed in a future software update: https://t.co/xXaXefaskH
1659219,@AppleSupport why doesn’t the letter after H work for me after your stupid update? you see this shit? https://t.co/WSoi4FJNft,@506229 We'd like to look into this with you. DM us details and we'll continue there. https://t.co/GDrqU22YpT
1660034,@AppleSupport @115858 facing issues of low call volume and battery drainage since i upgraded to iOS 11.1 beta 1 version on my iPhone 7,@506424 We’re here to help. Let’s team up in DM and we’ll do our best to assist you. https://t.co/GDrqU22YpT
1671266,.@AppleSupport can you please fix the glitches on the new update.,@508715 Here’s what you can do to work around the issue until it’s fixed in a future software update: https://t.co/xXaXeeSRt9
1671911,@115858 FIX THE GLITCH WITH THE I️,@508871 Here’s what you can do to work around the issue until it’s fixed in a future software update: https://t.co/xXaXeeSRt9
1672516,@115858 #iOS11 #iPhone6 Status bar is hidden anytime. Can’t open the notifications centre.  Need to restart the device. No other way to fix this. https://t.co/DFmelbLm9p,"@404509 We're here to help. For further assistance, we'd like to get you to our chat and phone support teams. This link will help you connect with them:  https://t.co/IBIY3vMgPj https://t.co/GDrqU22YpT"
1673522,@115858 why is the letter I️ doing the I️ thing wtf fix it pls,@509236 Here’s what you can do to work around the issue until it’s fixed in a future software update: https://t.co/xXaXeeSRt9
1673611,Can we get this bug fixed so i can write something without these weird characters? Highly annoying. ( I️ ) @AppleSupport @115858,@330060 Here’s what you can do to work around the issue until it’s fixed in a future software update: https://t.co/xXaXeeSRt9
1673632,"Battery life on my #iphone6s is horrible since #iOS111. Please fix it, @115858 😩",@509275 We're here for you! Send us a DM and we'll take a look at the issue together. https://t.co/GDrqU22YpT
1674049,So like is @115858 going to fix the fact that I️ can’t type the letter *i (I️) without turning into something else?,@509368 We’d be glad to help. Let us know if the steps here help via DM: https://t.co/xXaXeeSRt9 https://t.co/GDrqU22YpT
1674720,"Hey, please help me remove this notice that keeps on showing up on my iPhoneX! @AppleSupport It appears every 5 minutes. Very annoying!🤨 https://t.co/NipSiobkaC","@509552 We can look into this message with you so it can get cleared. In the App Store, what updates are showing available?"
1674783,Hey @AppleSupport can you please explain why the hecking heck all my “I’s” are autocorrecting to this nonsense https://t.co/LF2WKumAT1,@509573 Here’s what you can do to work around the issue until it’s fixed in a future software update: https://t.co/tqme2m68En
1675453,"Updated my iPhone. Now anytime I type the word ‘it.’ This happens. 

@115858 do you know what I can do to fix this? https://t.co/sY0vTtayUM",@509735 Here’s what you can do to work around the issue until it’s fixed in a future software update: https://t.co/qODbOsp4wz
1676995,@AppleSupport tried through upgrade programme this morning. Select phone type etc and pick up point. Press continue and pg just refreshes?,"@510099 For the best assistance with our iPhone Upgrade Program, please reach out to our Advisors here: https://t.co/8yjRd1Xo0i"
1677761,Hey @115858 ... I️ I️ I️ I️ I️ I️ I️ I️ I️ I️ I️ I️ I️ I️ I️ I️ I️ I️ I️ FIX IT,@510309 Here’s what you can do to work around the issue until it’s fixed in a future software update: https://t.co/uQeXsrrlXJ
1677777,@AppleSupport since IOS11 having to charge phone 3 times a day! Goes from 50% to 3% in minutes and turns off. Same with wife’s phone! Help!!,@510314 We want to get that battery life issue resolved. Which iPhone do you have &amp; what version of iOS is installed currently?
1678493,🤦🏾‍♂️ @115858 this I️ can’t type i without that stuff coming up needs to be fixed.. it’s actually annoying i can’t just say I lol 😂,@510520 Here’s what you can do to work around the issue until it’s fixed in a future software update: https://t.co/xXaXeeSRt9
1678544,alright @AppleSupport you need to figure your shit out what’s going on with the letter “I” https://t.co/rGRcNJasTM,@510537 Here’s what you can do to work around the issue until it’s fixed in a future software update: https://t.co/xXaXefaskH
1679149,I simply cannot install macOS 10.13.1 update after 5th trial even after nvram reset and a trial in safe mode. Well done @115858 #fail,@510667 Help is here! Is there a specific error you're experiencing while trying to update?
1679220,"It’s why as a Miami fan, I️ struggle to ever forgive ND and it’s fan base for the classless “convict” attack. https://t.co/9FpvA42jQS",@379532 Here’s what you can do to work around the issue until it’s fixed in a future software update: https://t.co/xXaXeeSRt9
1680870,@AppleSupport I’m having issues with sending messages to a few of my contacts. Most of them will deliver but some people won’t,@511088 Let's take a look at it together. Which device and OS are you using? Do those contacts have trouble sending to you as well?
1680880,@AppleSupport wasnt happening yesterday. Seen others upset about it. I️ am also upset now.. What’s with the characters?? https://t.co/eH5JlEdMgP,@511090 Here’s what you can do to work around the issue until it’s fixed in a future software update: https://t.co/tqme2m68En
1681555,@115858 @AppleSupport this #update is awful!!! What is with the ? In a box 😑😑😑😑,@348302 Here’s what you can do to work around the issue until it’s fixed in a future software update: https://t.co/xXaXeeSRt9
1681575,"@AppleSupport on the #iphoneX, the Siri button is now at the bottom right corner. Is there a way to hide it. It is being activated by accident all the time... when I am tying AND scrolling or making corrections for example https://t.co/sXoidUJvVG",@511239 We'd like to take a further look at this with you. Please meet us in DM to continue. https://t.co/GDrqU22YpT
1681668,@AppleSupport I️ https://t.co/IH7HLAqPw0,@511270 Here’s what you can do to work around the issue until it’s fixed in a future software update: https://t.co/xXaXeeSRt9
1683516,@AppleSupport @115858 FIX THIS GLITCH WITH THE LETTER I️ !!!! 🤬🤬🤬🤬,@511717 Here’s what you can do to work around the issue until it’s fixed in a future software update: https://t.co/xXaXeeSRt9
1687704,And @115858 apparently doesn’t cover such defects under their warranty. Congratulations on losing a loyal customer of over a decade. (2/2) https://t.co/rVEchIm8L7,@216874 We want to help! DM us and let us know more about the issues you are having. https://t.co/GDrqU22YpT
1690568,After updating. My Iwatch is not reading my pulse properly. Anyone else having this problem? I’m wearing it the same way. @AppleSupport,@513239 Getting accurate readings is essential. We'd like to help. Which Apple Watch and watchOS version are you running?
1690704,"iphone is now having trouble playing videos without freezing or going black screen afterwards, why @115858",@138691 Let us help you get this sorted out. Can you tell us which iOS version you are using please?
1690725,@115858 fix this “i” issue,@513291 Here’s what you can do to work around the issue until it’s fixed in a future software update: https://t.co/xXaXeeSRt9
1691721,Anyone else having their music pause whenever they get a notification after the new update and know how to fix it?😬 @115858,@513511 Hi. We'd like to help. Are you listening to downloaded music or streaming?
1691875,@AppleSupport @115858 I️ I️ I️ I️ I️ I️ I️ I️ I️ I️,@513559 Here’s what you can do to work around the issue until it’s fixed in a future software update: https://t.co/xXaXeeSRt9
1693346,Fix my iPhone #iphone7 I️ already updated it I️ I️I️ I️ I️ 🧐 #apple #applesupport @AppleSupport #ios11.1,@513891 Here’s what you can do to work around the issue until it’s fixed in a future software update: https://t.co/qODbOsp4wz
1693462,"@AppleSupport predictive emojis not working on iPhone X Messages with iOS 11.1

Please Help!   🙏🏼",@250047 Congratulations on the new iPhone.  Let’s see what is happening there.  Check here first: https://t.co/HZ16f3e0B9
1697347,GET YOUR SHIT TOGETHER IM SICK OF THE I️ @115858,@514854 Here’s what you can do to work around the issue until it’s fixed in a future software update: https://t.co/xXaXeeSRt9
1698396,@AppleSupport I cannot edit my playlists on Apple Music and it’s incredibly frustrating. Any solutions?,@515122 We recieved your DM and will work with you there. https://t.co/GDrqU22YpT
1698426,@115858 my phone sucks fix it,@515127 We want your iPhone to work properly. What issue are you having?
1698448,"What do ya know @115858, my phone started to shit itself after it was updated 👀",@515136 What kind of issues are you having with the iPhone?  We'd love to help out.
1699831,"Ok @115858 @AppleSupport , I️ was writing an email, an important one &amp; “ A ?” Came up. Not ok  &amp; getting in the way of professionalism.",@515483 Hi there! Here’s what you can do to work around the issue until it’s fixed in a future software update: https://t.co/xXaXeeSRt9
1699848,@AppleSupport 😑 https://t.co/VTo46ztLzh,@515490 Here’s what you can do to work around the issue until it’s fixed in a future software update: https://t.co/uQeXsrrlXJ
1699970,@115858 fix the dang “I️” bug in iOS. My work emails are taking ages to type because of this. Ridiculous. https://t.co/l3B41oVpCm,@156533 Here’s what you can do to work around the issue until it’s fixed in a future software update: https://t.co/xXaXeeSRt9
1700809,@115858 you need to fix this issue with typing the letter I!!!,@515724 Here’s what you can do to work around the issue until it’s fixed in a future software update: https://t.co/qODbOsp4wz
1700904,"@AppleSupport Hola, mi amigo compró un iPhone 8 y no ha podido ingresar a su cuenta iCloud. Cómo nos puedes apoyar? Saludos!",@515759 We offer support via Twitter in English. Get help in Spanish here: https://t.co/IBIY3vMgPj or join https://t.co/OczyRx7IOs
1702031,I️ I️ I️ I️ I️ I️ I️ I️ I️ why is this a thing? @AppleSupport,@516047 Here’s what you can do to work around the issue until it’s fixed in a future software update: https://t.co/xXaXeeSRt9
1702051,HEY APPLE WHY CANT I️ TYPE I️ WITHOUT A LETTER A AND A QUESTION MARK POPPING UP @115858 @115858 @115858 @115858,@516056 Here’s what you can do to work around the issue until it’s fixed in a future software update: https://t.co/uQeXsrrlXJ
1702928,so I just got a High Sierra update on my new Mac and suddenly my disk has a password that I am not aware of @AppleSupport what's up?,@516261  We'd like to learn more about this password request. Send us a DM. https://t.co/GDrqU22YpT
1703064,This shit stupid and we need y’all to fix it! 👉🏾 I️ @AppleSupport @115858,@516299 Here’s what you can do to work around the issue until it’s fixed in a future software update: https://t.co/evcqP6KgPj
1703074,@AppleSupport I️ I️ I️ I️ i i i i I️,@516304 Here’s what you can do to work around the issue until it’s fixed in a future software update: https://t.co/xXaXeeSRt9
1703995,@AppleSupport @115858 need to fix this error with people phones can’t text with the letter i,@516525 Here’s what you can do to work around the issue until it’s fixed in a future software update: https://t.co/xXaXeeSRt9
1703999,@AppleSupport why am I still seeing question marks I have an 8 plus and it’s updated,@516527 Here’s what you can do to work around the issue until it’s fixed in a future software update: https://t.co/xXaXeeSRt9
1704030,This iOS update is killing meee @AppleSupport 😤😩😡,"@516539 We'd love to help with any issues you're experiencing. Please tell us all about it, including which device you're using."
1706838,@AppleSupport fix my fucking “I️”,@517266 Here’s what you can do to work around the issue until it’s fixed in a future software update: https://t.co/xXaXeeSRt9
1707654,Why is @115858 playin me tho... where tf is my “I”at?! I just spent $800 on this phone and shit.. fix it please 😒🙄,@517486 Here’s what you can do to work around the issue until it’s fixed in a future software update: https://t.co/xXaXeeSRt9
1708501,My fuckin music pauses when I get a snap and it’s driving me crazy.  @124423 @917 @AppleSupport y’all need to get it together,"@517721 We're happy to help. What app are you listening to music on? Did this just start happening? Also, which iOS version do you have?"
1709945,"@AppleSupport They told me to redownload my songs when I’m having an issue with a TV series. 

Who can help me?",@459465 We're here to help. What specific issue are you having with a TV series? Go ahead and DM us. https://t.co/GDrqU22YpT
1710773,I've retarded my phone reset the network settings about 40 times and I still can't download apps or update my iOS @115858 https://t.co/3ZprxGcTpT,"@518260 We want to help with your iPhone, Reach out to us in DM. https://t.co/GDrqU22YpT"
1710782,@AppleSupport Make. It. Stop! https://t.co/6Vjf7pv275,@358530 Here’s what you can do to work around the issue until it’s fixed in a future software update: https://t.co/xXaXeeSRt9
1711293,"Apple. Fix this problem. I️ should be able to type an I️ without a bunch of symbols. Thanks. 

@AppleSupport",@518396 Here’s what you can do to work around the issue until it’s fixed in a future software update: https://t.co/xXaXeeSRt9
1712426,Eye can’t stand this shit man. We’re losing our minds. @115858,@518680 Here’s what you can do to work around the issue until it’s fixed in a future software update: https://t.co/xXaXeeSRt9
1714177,@115858 @AppleSupport the iOS 11.1 update has a problem w/the letter “I” pronounced like “eye. Can you all fix that. It’s annoying. Thanx🙏🏽❤️,@519106 Here’s what you can do to work around the issue until it’s fixed in a future software update: https://t.co/xXaXeeSRt9
1714188,This stupid ass “i” thing is pissing me off,@519109 Here’s what you can do to work around the issue until it’s fixed in a future software update: https://t.co/xXaXeeSRt9
1714646,"@115858 since I have updated to IOS 11, my phone disconnects with the wifi randomly and I have to reconnect. It’s so annoying. What do I do? https://t.co/v74Iktb1nQ","@519301 Thanks for reaching out. Does this only occur with a specific network or any you join? Let us know, we'd like to help."
1714823,You’d think when you have a $1000 phone that it could type properly! 🤬 @AppleSupport #AppleFail https://t.co/0Z7UMFdWSO,@519351 Here’s what you can do to work around the issue until it’s fixed in a future software update: https://t.co/qODbOsp4wz
1716643,Ok imma need @115858 to get its shit all the way together. That “A ?” Thing is driving me completely insane already.,@299680 Here’s what you can do to work around the issue until it’s fixed in a future software update: https://t.co/xXaXeeSRt9
1717610,@AppleSupport please tell me why the fuck my camera is making this noise and filming stuff like this https://t.co/cKNKAVc2NB,@520093 Let's see what we can do about your camera issues. Send us a DM with more details to get started. https://t.co/GDrqU22YpT
1718280,Man this new update fucking up my phone! And I got an 8 plus! Damn @115858 😂,"@520265 Hey, what's going on with your new iPhone? DM us the details and we'll help you out. https://t.co/GDrqU22YpT"
1718466,"@AppleSupport WTF w/ updates. My #iPhone7Plus now freezes, battery is 1/4 what it was before #ios11update #ios1102 #ios1103. Nothing fixed.",@520323 Thank you for reaching out today. When did you update your iPhone? Let's work together in a DM. https://t.co/GDrqU22YpT
1721289,"@AppleSupport smashed my iPad, have Apple care, store out my color, won’t let me exchange different color. Profoundly customer unfriendly.",@520919 We know your iPad is important. We'd like to look into other service options for you. DM us the country you're located in. https://t.co/GDrqU22YpT
1721790,Anyone’s @115858 #AppStore broken - not showing anything on app update screen? Have 6 apps waiting to install! Argh. https://t.co/yIM05FFI0o,"@521019 We'd love to take a look!  To begin, can you tell us if this occurs only on cellular data or Wi-Fi as well?"
1721796,"Never update your iPhone!! Ugh I hate my phone ever since I updated it! All of my apps close when I open them, texting/typing lags 🚮 @115858",@521022 We're here for you. DM us the version of iOS 11 you're using and we can go from there together. https://t.co/GDrqU22YpT
1721800,"I feel like my @115858 5s just keeps getting slower and slower, gets warmer faster, doesn’t load stuff, battery and so many other problems",@521024 We can check into this together. What iOS version is showing in Settings &gt; General &gt; About?
1725056,Bought a brand new @115858 iPhone 8plus not even a month ago and the brand new charger is broken... already?!?!,@521747 Let's look into this together. Could you DM us and we can begin from there? https://t.co/GDrqU22YpT
1725290,Really hoping that @AppleSupport fixes the issue with the letter “I️” showing up as “A?” 🙏🏾,@521813 Here’s what you can do to work around the issue until it’s fixed in a future software update: https://t.co/qODbOsp4wz
1725657,@115858 FIX THIS F#%&amp;ING I️ THING,@521903 Here’s what you can do to work around the issue until it’s fixed in a future software update: https://t.co/qODbOsp4wz
1726209,I think this is the worst update that Apple has ever had 🙄 #pleasehelp @AppleSupport @115858,@522067 We want your iPhone to work great for you. DM us what's going on with it; we're happy to help out: https://t.co/GDrqU22YpT
1727715,"@118845 Hey bought Beats X and they connect to my macbook perfectly but not my s8+, shows up on bluetooth but wont connect. Please help","@522467 While you may need to reach out to Samsung, let's rule out what we can over Twitter. Any steps tried so far with your Beats?"
1733796,"@AppleSupport I’m stuck with my iPhone the white screen with logo won’t go, I did a hard restart already and iTunes restore, nothing works",@523598 We can work together to figure this out. We've received your DM and we'll continue there.
1734354,Umm yeah @AppleSupport can y’all fix this i issue please... its been 3 days now. And im tired of my i’s being typed as A’s.....,@523733 Here’s what you can do to work around the issue until it’s fixed in a future software update: https://t.co/xXaXeeSRt9
1734398,hi @AppleSupport i️ don’t appreciate my i️ turning into i️ can u fix it thanks,@523750 Here’s what you can do to work around the issue until it’s fixed in a future software update: https://t.co/xXaXeeSRt9
1734487,What’s up with with the A? when you write “I️” @115858 @AppleSupport,@523786 Here’s what you can do to work around the issue until it’s fixed in a future software update: https://t.co/xXaXeeSRt9
1734984,What is wrong with the capital letter “I️” @115858?!?,@523910 Here’s what you can do to work around the issue until it’s fixed in a future software update: https://t.co/xXaXeeSRt9
1735008,@115858 you better fix this tomorrow or I️ swear....of all of the letters to fuck up,@523918 Here’s what you can do to work around the issue until it’s fixed in a future software update: https://t.co/xXaXeeSRt9
1735977,Wtf is I️ Apple .. I️ can’t post anything without looking like an idiot @115858,@524126 Here’s what you can do to work around the issue until it’s fixed in a future software update: https://t.co/xXaXeeSRt9
1736063,@AppleSupport when are you gonna fix the i problem,@524155 Here’s what you can do to work around the issue until it’s fixed in a future software update: https://t.co/xXaXeeSRt9
1738808,"@AppleSupport I’m sorry but battery life in iOS 11.1 is really bad, my iPhone 6s doesn’t last as much as it did before the update to iOS 11.",@524812 We know how important battery life is. Let us know if this helps: https://t.co/bivpdfBNJ6
1742387,What happened to iOS? Haven’t had this many glitches with an @115858 product since my 2nd gen ipod touch that i jailbroke,"@525583 We'd love to help with any issues you're experiencing. Let us know all about what's going on, including which device you're using."
1743507,@AppleSupport Hi gave a perfectly working phone with minor speaker sound issue to the service center.They called back and said its dead now,@191390 We would like to take a closer look at that with you.  Please meet us in DM so we can assist. https://t.co/GDrqU22YpT
1744923,@AppleSupport seriously why isn’t there a new update that fixes the issues with the current update. My phone has been glitching since Friday https://t.co/tAYhMoZcUU,@477463 Here’s what you can do to work around the issue until it’s fixed in a future software update: https://t.co/xXaXeeSRt9
1746023,@115858 I'm tired of y'alls bullshit. Whys my phone acting up???,@526428 We'd love to assist you. DM us the specific issue you are experiencing and we can go from there. https://t.co/GDrqU22YpT
1747396,I️ haven’t updated to 11.1 yet and my phone started yesterday autocorrecting with the square question box in a lot of my text. @AppleSupport,@526769 Here’s what you can do to work around the issue until it’s fixed in a future software update: https://t.co/xXaXeeSRt9
1747427,"@AppleSupport 
Hi, I’m facing an issue / bug on my iPad Pro 10.5 since I updated to iOS 11 om Mail App!
This issue is only on iPad and I’m not facing it on iPhone!
If I marked more than 10 emails and hit delete. The app just freezes and do nothing &amp; less than that its possible!?",@526779 Send us a DM to proceed. https://t.co/GDrqU22YpT
1748004,I feel like with the release of the iPhoneX both my home button and Touch ID stopped working.... seems a little too coincidental @115858,@526934 We want to be sure you can use your device as you'd expect. We can help! What's happening specifically?
1748752,This is really some BULLSHIT @115858 do u understand people need their phone for work???,@238975 We'd like to help. Can you tell us the details of what's happening?
1748831,"@AppleSupport @115858 1.800 reais só pq quebrou o vidro da câmera?? E é obrigado trocar o celular todo, só pode ser uma piada","@527129 Since our Twitter support is available in English, get help at https://t.co/IBIY3vMgPj or join https://t.co/pvaOFfPbjt"
1748931,@AppleSupport is his email real or not ? It was sent to my junk so just curious https://t.co/K3eAtwcdtx,@527159 Thanks for bringing this to our attention. Please review our resource on these emails here: https://t.co/LNMCdqt6fD
1751446,Yo @115858 your keyboard can autocorrect “nsync” to  *NSYNC but you can’t push out a fix for the I issue??,@527706 Here’s what you can do to work around the issue until it’s fixed in a future software update: https://t.co/xXaXeeSRt9
1752073,#imessage my texts are not in order can anyone help fix? @115858,@527850 Texts are important and we're happy to help. What device are you using? When did this issue start? Let us know to continue.
1752357,I️ didn’t even update my phone and now it’s doing that thing,@527919 Here’s what you can do to work around the issue until it’s fixed in a future software update: https://t.co/xXaXeeSRt9
1752410,"@115858 since I got the new update, my phones bugging all the time 😠",@527931 We want to help get your iPhone working properly.  What specific issues are you having?  Which iPhone?
1752417,@115858 please fix this I️ situation,@527932 Here’s what you can do to work around the issue until it’s fixed in a future software update: https://t.co/xXaXeeSRt9
1752929,Hey @AppleSupport can you fix my “I’s” ?! What the heck is up with auto correct https://t.co/3FEjJf0TZS,@528048 Here’s what you can do to work around the issue until it’s fixed in a future software update: https://t.co/xXaXeeSRt9
1753170,Yo @115858 I️ appreciate the new mermaid emoji but can we get this whole “I️” thing fixed???,@528101 Here’s what you can do to work around the issue until it’s fixed in a future software update: https://t.co/xXaXeeSRt9
1753312,Ok @AppleSupport when are ya gonna fix this glitch I’m tired,"@528137 Hey, we'd like to help you in any way we can. Can you provide us with some more details on what you're describing?"
1754065,Ok… this box. How do I get rid of it… it’s starting to give me anxiety. @AppleSupport @115858,@528318 Here’s what you can do to work around the issue until it’s fixed in a future software update: https://t.co/xXaXeeSRt9
1754091,@AppleSupport Hi! I have a question about updating the OS on my macbook. Can you help?,@528325 We're here to help. Send us a DM and we can work with you on this. https://t.co/GDrqU22YpT
1756293,@AppleSupport I have ordered the iPhone X on the upgrade programme. ETA is 1st December however I will be on holiday? What will happen?,@528834 Our Sales Support team can help with that. Reach out to them here: https://t.co/8yjRd1Xo0i
1757915,@115858 these question marks are ANNOYING! This IPhone mess is making me mad,@529246 Here’s what you can do to work around the issue until it’s fixed in a future software update: https://t.co/xXaXeeSRt9
1757929,"The “A ?” auto correct is so annoying. Dear, @115858 please fix this asap!",@529251 Here’s what you can do to work around the issue until it’s fixed in a future software update: https://t.co/xXaXeeSRt9
1758751,These boxes are really killing me @AppleSupport,@529426 Here’s what you can do to work around the issue until it’s fixed in a future software update: https://t.co/xXaXeeSRt9
1761077,But @AppleSupport I’ve never had my screen replaced and this is still an issue with iOS 11...?! https://t.co/l5NQp68BEL,"@149794 We want to help. To clarify, are you saying you're having issues with your iPhone's display not responding to touch?"
1761086,@115858 when are you gonna fix this?? I️ am over it. I️ I️ I️ I️,@529984 Here’s what you can do to work around the issue until it’s fixed in a future software update: https://t.co/xXaXeeSRt9
1761126,@AppleSupport if I delete all the photos from Photos on my Mac. Do they remain in the cloud? Will it delete on my phone?,"@524086 If iCloud Photo Library is enabled, deleting a photo will remove it from all your connected devices. See: https://t.co/8YUslsnsM5"
1762152,So... how long before I️ can write “ I️” again.. @115858 @AppleSupport #imconfused https://t.co/LQosGZteTD,@308781 Here’s what you can do to work around the issue until it’s fixed in a future software update: https://t.co/xXaXeeSRt9
1762164,"Hey @115858! I get it! New phones, new OS updates! But do u HAVE 2 make my 6 run slow af? WTF?!! Please keep us older users in mind 2 please! https://t.co/mYBi8hditV",@332057 Thank you for reaching out. We want to help. Does it run slow with all apps or just certain ones?
1762947,@115858 tbh the new iOS update ruined my life. Wtf is “A [?]”???,@530405 Here’s what you can do to work around the issue until it’s fixed in a future software update: https://t.co/xXaXeeSRt9
1763014,@115858 I️ can’t take this anymore I️ am upset I️ want y’all to fix this,@530426 Here’s what you can do to work around the issue until it’s fixed in a future software update: https://t.co/xXaXeeSRt9
1763040,"@AppleSupport Had a problem for a long time, just set up my iPhone 8 and its still happening, brightness keeps going down even with auto off",@338713 We're here to help. Did you setup your iPhone with data from a previous iPhone?
1763066,"Why does Apple now autocorrect I to I️? It’s really annoying. Also, it’s stupid. Get your shit together @115858.",@530444 Here’s what you can do to work around the issue until it’s fixed in a future software update: https://t.co/xXaXeeSRt9
1763555,@AppleSupport Hello. I believe I’ve been sent a fake e-mail by someone posing as Apple saying my account will be closed. Odd. Can you help?,@136047 Hey there! This article should help: https://t.co/LNMCdqt6fD Join us in DM if you would like additional help! We're here for you https://t.co/GDrqU22YpT
1764466,Can @115858 please fix this dumb glitch now pretty please? I️ I️ I️,@367175 Here’s what you can do to work around the issue until it’s fixed in a future software update: https://t.co/xXaXeeSRt9
1764475,@AppleSupport This keeps coming up? When I’m fully connected to the internet https://t.co/dU5duCObk7,@278176 We can help. Let's work through each of these steps (including deleting and re-downloading) here: https://t.co/p76Gaa97kg
1764485,@AppleSupport I️ know y’all better fix this bug shit I’m tired of seeing question marks,@530788 Here’s what you can do to work around the issue until it’s fixed in a future software update: https://t.co/xXaXeeSRt9
1765090,Nothing more annoying than “This accessory may not be supported by this device” I have a legit @115858 charger!! 😤,@530924 We want to help! What model of iOS device are you using? Do you have the most recent version of iOS 11.1 downloaded?
1765907,"My iPhone 6 is saying it's not connected to the internet. It's connected to my wifi network, which is up and working. @115858 this is 🚮",@176401 Thanks for reaching out! We'll be glad to help you. Does this happen with multiple networks? When do you see the error?
1766114,@AppleSupport this ios 11 update is STILL draining my battery like crazy 😓,@531129 We can help! Which version of iOS 11 are you currently at? You can check in Settings &gt; General &gt; About &gt; Version
1766772,I️ really hate @115858 right now.  I️ can’t believe I️ can’t send legible texts anymore.  People think I️ am retarded. I️ can’t stand it l.,@249405 Here’s what you can do to work around the issue until it’s fixed in a future software update: https://t.co/uQeXsrrlXJ
1767329,If @115858 corrects my “I” to [?] one more time... GET YOUR SHIT TOGETHER,@531424 Here’s what you can do to work around the issue until it’s fixed in a future software update: https://t.co/xXaXeeSRt9
1767381,@AppleSupport what happened to text replacement on iPhone X? It’s not saving nor did it sync over! #iPhoneX,"@531440 Thanks for reaching out, we get the concern over replacements not working. What version number of iOS is the iPhone X on?"
1768145,@AppleSupport Sometimes it still doesn’t work until you delete and add new fingerprints.,"@221217 Thanks for confirming. You mention that you are using iOS 11.3, do you mean iOS 11.0.3 or iOS 11.3 beta? Send us a DM and let us know. https://t.co/GDrqU22YpT"
1768866,Hey @AppleSupport can you please fix this stupid auto correct of the “I️” to “A ?” crap 🙄,@531809 Here’s what you can do to work around the issue until it’s fixed in a future software update: https://t.co/xXaXeeSRt9
1768881,Dear @115858 please fix the I️ thing,@531812 Here’s what you can do to work around the issue until it’s fixed in a future software update: https://t.co/uQeXsrrlXJ
1769298,"280 characters is so optimistic, as if I️ could have a thought that well developed! wow!",@531941 Here’s what you can do to work around the issue until it’s fixed in a future software update: https://t.co/uQeXsrrlXJ
1769305,iPads been on charge for 3 hours and ive only just got to 26% @115858 fix this. https://t.co/VUEWyIFkEl,@531943 We'd like to look into this with you. What type of USB cable and adapter are you using with your iPad?
1769315,I️ I️ I️ I️ I️ I️ I️ I️ I️ I️ I️ I️ I️ I️ I️ I️ I️ I️ I️ I️ I️ I️ I️ I️ I️ I️ I️ I️ I️ I️ I️ I️ I️ I️ I️ I️ I️ I️ I️ I️ I️ I️ I️ I️ I️ I️ I️,@531946 Here’s what you can do to work around the issue until it’s fixed in a future software update: https://t.co/xXaXeeSRt9
1769372,"@AppleSupport hi, I recently switched my SIM over to an iPhone 5 as my 6 wasn't working. It won't let me iMessage off my phone...",@531968 Thanks for reaching out. We've received your DM and we'll continue working with you there.
1769381,@115858 fix your shit it says Im not connected to wifi to update but I bloody am?????? https://t.co/ulZk17Zs3r,@531971 Thanks for reaching out. Here's a great article to help with that update: https://t.co/Ui1yTnOCUz
1770802,@AppleSupport tell me why I was sent replacement headphones that don’t even work with my #iphone7 #NoHeadphoneJack https://t.co/BY2LtqynCc,@454578 We'd be happy to look into this with you. Send us a DM and we can start there. https://t.co/GDrqU22YpT
1771172,@AppleSupport what does this feature do on the IPhone. In genuinely curious because it’s useless. https://t.co/De5CTkBJ5S,@532411 Great question. That is Reachability. This feature allows you to easily reach items at the top of your screen with your thumb.
1771510,@115858 @AppleSupport WHAT IS THIS AND WHY IS IT HAPPENING. my OCD is freaking out here!!! Help!!!! https://t.co/FGUBKPu1EI,@532499 Here’s what you can do to work around the issue until it’s fixed in a future software update: https://t.co/xXaXeeSRt9
1771534,AYUDA @AppleSupport https://t.co/IIaXmwPZX8,@532505 We offer support via Twitter in English. Get help in Spanish here: https://t.co/IBIY3vMgPj or join https://t.co/OczyRx7IOs
1772205,@115858 what are y’all doing to fix our I️? I️ just wanna know,@532659 Here’s what you can do to work around the issue until it’s fixed in a future software update: https://t.co/xXaXeeSRt9
1772902,Me can’t type the letter between E and O without I️t becoming a question mark. @115858 wtf,@532848 Here’s what you can do to work around the issue until it’s fixed in a future software update: https://t.co/xXaXeeSRt9
1773632,Yooooo this whole @115858 “ I️ “ thing is getting hella annoying,@533057 Here’s what you can do to work around the issue until it’s fixed in a future software update: https://t.co/xXaXeeSRt9
1773669,"And can we address the issue with solitary I’s on the iPhone?! Why are they turning into a question mark emoji? What’s going on, @115858?!",@533066 Here’s what you can do to work around the issue until it’s fixed in a future software update: https://t.co/qODbOsp4wz
1773891,So when are we gonna fix this I️  problem @AppleSupport,@533119 Here’s what you can do to work around the issue until it’s fixed in a future software update: https://t.co/xXaXeeSRt9
1774055,@AppleSupport this is the millionth time Final Cut Pro has the spinning wheel of death for no reason and deleted my footage. 😤,@533167 We want to point you in the right direction. Reach out to our Apps experts here: https://t.co/IBIY3vMgPj
1774440,I️ think @AppleSupport @115858 needs to fix their “I️” glitch. Driving me crazy!,@468848 Here’s what you can do to work around the issue until it’s fixed in a future software update: https://t.co/xXaXeeSRt9
1776311,@115948 @AppleSupport @118936 that you have robbed from me because you won even give me the sodding opportunity to cancel!!! (Part 4),@533789 For the best assistance managing your subscriptions please reach out to our iTunes Advisors here: https://t.co/SDIe7UiyJN
1776363,@115858 fix portrait orientation lock! I have it on and on my home screen it keeps going to the side! https://t.co/K833A8X1GY,@206942 Let’s team up on this. Which device are you using? Does that still continue after a restart? https://t.co/OWRDHWSt4h
1776851,"New Apple glitch alert: my lock screen doesn’t show the time, date or notifications🙃 @115858 can you fix this one or nah?","@514997 Thanks for reaching out to us. What device do you have, and which iOS version is it running? DM us, and we'll take it from there. https://t.co/GDrqU22YpT"
1777879,@AppleSupport any reason this kind of thing keeps happening? https://t.co/bcsfQyebjB,"@534190 Let's help take a closer look. To get started, if you restart the iPhone, does the behavior continue?"
1778446,Any help with a broken screen/Digitiser due to a faulty shell on my 9 month old iPhone 7 @AppleSupport,@534343 Let's look into this together. Please DM us. https://t.co/GDrqU22YpT
1779254,@116333 I'm tired too many iOS11Update!! It's iOS11.0.3 and only about 3 or 4 weeks since major update!! Why??,@534585 We recommend staying up to date as this can resolve issues &amp; security fixes found in previous iOS versions. DM us with questions. https://t.co/GDrqU22YpT
1779265,"Hi, can’t log in to my @115858 account from my phone... @AppleSupport ...",@534588 We'd like to gather some more information for better troubleshooting. Can you DM us the country you are located in? https://t.co/GDrqU22YpT
1780463,@AppleSupport phone keeps shutting off after update. Anyone else have this problem?,"@534923 We want your iPhone working well with iOS 11. What's the exact version it's running? DM us, &amp; we'll find a solution together. https://t.co/GDrqU22YpT"
1781356,"@115858 Since #iOS11, there hasn’t been a single day that I haven’t needed to restart my phone. Please fix these bugs.","@535202 We're here to help! If you already have a backup, please update to iOS 11.0.3. DM us if you're still having trouble. https://t.co/GDrqU22YpT"
1781737,.@81 delivered my pkg from @AppleSupport to @34361 yesterday. I picked it up today but they thought it was ok to open MY pkg! WTF?!,"@341952 We're glad that you got your package, but we'd like to check on what exactly happened. Please DM us more details here: https://t.co/GDrqU22YpT"
1786830,"s2g everytime a new iphone comes out, mine starts fucking up. coincidence? i think not @115858","@536815 It's important to have a reliable iPhone. What's going on with yours? DM us with details, and we'll see how we can help: https://t.co/GDrqU22YpT"
1788164,"@AppleSupport (3/3) Like Database 00-09-12-921. Every time I delete it, it comes back again and more keep accumulating.","@537145 We certainly want to get that figured out with you too. To get started, DM us with the model Mac and macOS you are using. https://t.co/GDrqU22YpT"
1791223,@AppleSupport wanna explain why the one on the left works and the one on the right doesn’t? https://t.co/zBqFU1zYRl,@538050 We'd be glad to look into available options for your cord. Please send us a DM with your country. You can reach us below. https://t.co/GDrqU22YpT
1793243,@AppleSupport I am trying to get help and I keep getting an error code b8baa9ed-5f93-4c9f-aacd-89e3739a7e84,"@538883 You've reached the right place for support. To start, please DM us with details about what you're doing when you get this error. https://t.co/GDrqU22YpT"
1795152,Anyone else having problems accessing 'free' wifi @115858 iPhone5se on @118101 since 'security recommendations' message started popping up!!,"@539435 Thank you for updating us. Please DM your device model, iOS, and country. We'll check your support options and continue there. https://t.co/GDrqU22YpT"
1795645,For the forst time iOS crashed after the latest update. What’s happening @115858 @AppleSupport,"@539564 We'd love to help. Tell us more details of what you're experiencing. Also, which version of iOS are you running?"
1797342,"hey @115858 since updating to the new IOS, the actual phone barely works anymore.  All other apps work fine.  Can’t use my phone, as a phone.",@540061 We know how essential it is to be able to make and receive calls. Can you DM us the exact version of iOS you are running? https://t.co/GDrqU22YpT
1798949,If @115858 plans more releases like iOS 11 then @11993 deserves an apology. Maps was just a bit quirky. My 6+ is nearly useless now #iOS11,@540539 We'd be delighted to work with you on the issues you're seeing. Meet up with us in DM to get started. https://t.co/GDrqU22YpT
1802284,"Dear @116333 through out  a year of iPhone 7 Plus usage, its randomly go to black screen for minutes twice or more a day. So frustrated.","@541542 We'd like to help with your iPhone 7. DM us which iOS version you currently have installed, and we'll get started. https://t.co/GDrqU22YpT"
1802435,Another glitch 5min later @115858 iOS 11? More like ‘iOS shit’s not finished ‘ https://t.co/1GKTVerUHF,@179270 Let's take a look at this together. Have you already updated your iPhone to 11.0.3? Let us know in DM and we'll get started. https://t.co/GDrqU22YpT
1802720,Well after a long two and a half years - the last of which it has been on its last legs - my trusty iPhone 6 has bitten the dust :( @115858,@472741 Let's take a look at it together. When did this start? Have you updated to iOS 11.0.3? Let us know in DM and we'll get started. https://t.co/GDrqU22YpT
1803113,@AppleSupport if my phone still has warranty and the battery life decreases by 30% in 10-20 minutes can I get it replaced at an Apple store,"@541801 Let us know via DM the type of iPhone you have and the current iOS version installed, then we can help from there. https://t.co/GDrqU22YpT"
1803135,@AppleSupport worst upgrade ever ......SUCKS.nothing but problems and now I can’t instal latest upgrade that I need ! My phone is useless! https://t.co/06HMV6M5Ka,@541811 We want to help in any way we can. Check out the steps here and let us know the result: https://t.co/Ui1yTnOCUz
1806938,@AppleSupport Thank you guys,@542861 We are glad you got that worked out. We are also happy to help if you should still want to move to High Sierra. Keep us posted.
1807856,For some reason this update won’t download my app saying that the storage is full when I only have 13.2. Can you fix that plx @AppleSupport https://t.co/jBBLDTe7ZM,@543122 Are you trying to update to iOS 11.0.3 over Wi-Fi? https://t.co/80YRnjDFDk Send us a DM and let us know more details. https://t.co/GDrqU22YpT
1807932,"@AppleSupport can you dm me. having a problem with my phone, media static noise coming from it","@543143 We can help! Which iPhone device and iOS version are you using? DM us below with more details on the issue, if you'd like. https://t.co/GDrqU22YpT"
1809284,I love having to pay $150 to pay off a phone that glitches &amp; lags &amp; freezes &amp; has to be restarted 10 times daily. @AppleSupport @ATT,@339428 This isn't expected behavior for your iPhone. Send us a DM and tell us what happens when you attempt to update and we'll help. https://t.co/GDrqU22YpT
1813508,"So my phone deleted all my messages, my contacts, logged me out of all my twitter accounts and now I can't access my banks?? @115858",@544808 Hi there. We'd love to help out. Please send us a DM and tell us what version of iOS you're on. We'll meet you there. https://t.co/GDrqU22YpT
1813804,@115858 New iPhone 8 burnt my finger last night. 2 x attempts with customer service and not resolved. A potentially dangerous product. https://t.co/vg3lUYMnOQ,@544902 We'd like to take a closer look at this with you. DM us with what country you're currently located in to start. https://t.co/GDrqU22YpT
1813935,@AppleSupport my phone keeps changing is to I.S. How do I stop this??,@544934 We're happy to help with this. Let us know which iPhone and version of iOS you're using via DM. We'll go from there. https://t.co/GDrqU22YpT
1815266,"Yo @115858, I did the update to fix y’alls previous update and I’m just about to throw my phone, this shit does not work. My phone is TRIPPIN",@545299 Thanks for reaching out. DM us more info about the issue you're experiencing and we'd be happy to help. https://t.co/GDrqU22YpT
1817572,"@AppleSupport Hi, I’ve just realized that my late-2013’15 rMBP battery is swollen with just 100 cycles. Do I need to pay for a replacement?",@545956 Let’s work together to determine your options. Could you let us know more details via a DM? We’ll go from there. https://t.co/GDrqU22YpT
1821625,@60125 + @115858’s iOS 11 on a previously great iPhone 6S = cell service hell #ios11hell https://t.co/e5yHA4cruS,@546866 Let's look into this for you. This page may help: https://t.co/5KootZbxj1 DM us if you are still having issues. https://t.co/GDrqU22YpT
1821759,"@applesupport my iMac (27"" mid-2011) is so totally screwed up since I recently switched from 10.11.6 to 10.12.6 that I don't even know where to start complaining.",@144220 We’re happy to help with any complications you’re experiencing. Let us know more details via a DM. We’ll keep moving from there. https://t.co/GDrqU22YpT
1821896,@AppleSupport iPhone keeps correcting “is” to “I.S” even after a dictionary reset. Driving me crazy. Please help!!!,"@546929 Hello. Let's get to work on this. First off, which of these settings are enabled? https://t.co/U5VKSTl2CD DM us to continue: https://t.co/GDrqU22YpT"
1824297,@AppleSupport Why does it take 72 hours to change my cell phone number? How about supporting an international relocation? Unacceptable,@547627 We'd be happy to look into this with you. DM us details on how you're changing your cell number and we'll go from there. https://t.co/GDrqU22YpT
1824515,"Hey @AppleSupport , why can I not do anything about my falsely created family sharing iTunes account through iTunes? I don't own an iPhone.",@547703 We'd like to look into this with you. Could you DM us details on what exactly is going on? We'll conitnue support there. https://t.co/GDrqU22YpT
1824652,@AppleSupport #iOS11 bug when playing audio with bluetooth (music or spotify app): music sometimes stops for a split second :-(,@547751 We'd like to learn a bit more about the behavior you're experiencing. Is the delay when a connection is established?
1827948,Every since I updated my phone it has been freezing.. Get youlls software together!! @AppleSupport,"@548593 Let's look into this together. Which iOS version is currently installed on your iPhone? Let us know in DM, please. https://t.co/GDrqU22YpT"
1828416,"I have MBP '13 mid 2012, Is my battery still health? I use CleanMyMac and the parameter said ""poor"", thanks 🙂 @AppleSupport https://t.co/p3nEhvdoYn",@548728 We do see that service is needed according to the screenshot. DM us your current country and we'll determine our next steps. https://t.co/GDrqU22YpT
1831956,@115858 could you please fix the keyboard lag bug on the iPhone 6 with iOS 11.0.3,@549657 We'd like to help you out! Tell us more about what's happening with your iPhone's keyboard in DM please. https://t.co/GDrqU22YpT
1832842,"I knew I shouldn’t have updated my IOS. My 7+ has been freezing, and the music player doesn’t work on the lock screen 🤦🏻‍♀️ @115858",@549891 We want you to be able to rely on your iPhone 7 Plus. Let's work together in DM to get you on the path to a resolution. https://t.co/GDrqU22YpT
1835049,Way too many bugs in iOS 11 for too long now 🙄 @115858,"@550360 If you're experiencing any issues with your device, please DM us &amp; let us know what's going on. We're here to help! https://t.co/GDrqU22YpT"
1835097,My battery dying while it’s charging. @115858 y’all are trash man.,"@550371 We'd be happy to look this over with you. Please meet us in DM so we may gather information, and better assist. https://t.co/GDrqU2kzhr"
1835327,@AppleSupport litrlly got my 6s battry fixed a month ago evrthing workd perfectly w up to 6 hrs SOT and 25 hrs standby but with 11.0.3 this https://t.co/cHbNonsHmf,"@550413 We'd be happy to look this over with you. Please meet us in DM so we may gather information, and better assist. https://t.co/GDrqU22YpT"
1839557,@AppleSupport I have my message setting to ‘keep forever’ but I seem to have lost some texts from 2015. Where could they be?,@551305 Let's look into this together to make sure things are working correctly. Send us a DM with more information to get started. https://t.co/GDrqU22YpT
1845482,Getting really tired of my iPhone and Mac freezing and the fan going bonkers. There's something terribly wrong with High Sierra and iOS11 that needs fixing ASAP @AppleSupport,"@341101 We'd love to help with both devices. Please DM us, and let us know more about each, including any steps you've tried so far. https://t.co/GDrqU22YpT"
1845664,"@AppleSupport why since I installed the #ios1103 update has my @4305 messed up? Notifications not showing, messages not sending etc",@247087 Let's make sure all apps are up to date in the App Store. Send us a DM once you have tried that and tested. https://t.co/GDrqU22YpT
1849292,@AppleSupport why is my iPhone 6S crashing and freezing all the time after the iOS 11.0.3 update?,"@553706 Let us look into that with you. Do you notice this more with certain applications or features? DM us back, we'll continue there. https://t.co/GDrqU22YpT"
1849330,Hey @AppleSupport my 📱started crashing today like that widespread battery problem last year. Update done etc. Anyone else reporting same?,@230302 Thanks for reaching out to us. We are always happy to help. Send us a DM so we can look into this together. https://t.co/GDrqU22YpT
1850132,Ummm what @AppleSupport https://t.co/GeHtcf215B,"@199132 It looks like your email is connecting. Did this update for you? If not, please DM us. We'll meet you there to help. https://t.co/GDrqU22YpT"
1851468,.@AppleSupport iOS 11 is so trash. Last 3wks my iPhone has been completely useless. It was💩like this that made me switch from droid to🍎...,"@554180 Let us get things working as expected. Tell us more about what you're experiencing, and the version of iOS 11 installed."
1851586,@AppleSupport @115858 The newest version,"@554202 Let's look into this together. To start, DM us which version of iOS 11 you're using and we'll start from there. https://t.co/GDrqU2kzhr"
1852510,is there not a way to hide your text messages in ios11? @AppleSupport,@521724 We're happy to look into this with you.  DM us with the model of your iOS device and we'll go from there. https://t.co/GDrqU22YpT
1852596,Dear @115858. The lag between action and reaction in your latest iOS is inexcusable and your epic fuck up of @318 is inexplicable.,"@554418 We'd like to look into this with you. Send us a DM with which device, and iOS version you're using to start. https://t.co/GDrqU22YpT"
1857047,@AppleSupport my iPhone won’t allow me to turn on WiFi in the settings https://t.co/LvYTSxlD4K,@555376 We'd be happy to look into this with you more in detail.  Please reach out to us via DM and we'll get started. https://t.co/GDrqU22YpT
1857377,@AppleSupport when will IOS 11 be fixed ? 😭😭😭,"@555447 Are you experiencing an issue on your device running iOS 11? If so, DM us with what's going on. We're here for you. https://t.co/GDrqU22YpT"
1857959,@AppleSupport why is the battery life so much worse with the new update? My phone is literally lasting 5 hours max 😩,@555573 That should not be happening. We want to help. Send us a DM letting us know which iPhone and iOS version you have. https://t.co/GDrqU22YpT
1859569,WHY DOES @115858’S NEW iOS INSIST ON TURNING ON BLUETOOTH ALWAYS?!?,@555961 We'd be happy to look into this with you more in detail.  Please reach out to us via DM and we'll get started. https://t.co/GDrqU22YpT
1861571,@AppleSupport the update has completely messed up my iPhone SE which I’ve only had for about 6 weeks. Can anyone help me with this?,@556379 We'd like to help you with your iPhone. Tell us more about the issues you're experiencing via DM. We'll go from there. https://t.co/GDrqU22YpT
1863533,why does my phone insist on dying when the battery is @ 29% @115858 y'all truly got me fucked up,@556802 That's not normal. Could you Direct Message us and let us know what country you're in? We'll help out. https://t.co/GDrqU22YpT
1863547,"@AppleSupport supp support, my Iphone needs you, the new #IOS11 is killing it 😒",@556806 We'd love to assist you with any issues that you're having. Please click here to join us in DM. We'll continue there: https://t.co/GDrqU22YpT
1864157,@AppleSupport Whhhhyyyy 😫😫😫 https://t.co/4YBWSHa3Yz,"@556958 Reach out to us via DM and let us know which iPhone this is on and which iOS is installed, then we can help! https://t.co/GDrqU22YpT"
1864286,My #iphone 6s has become almost unusable after #ios11 . Battery life is non existent @AppleSupport,@119628 We want you to be able to depend on your iPhone and would like to help. DM us about this issue and we'll continue there. https://t.co/GDrqU22YpT
1865707,".@AppleSupport Upgraded to iOS 11.0.3 now I am unable to hear people on calls.  You are still making ""Phones"" right?",@434657 This is not expected behavior. Check out: https://t.co/XlmCP2gCtj and let us know if the issue continues in DM here: https://t.co/GDrqU22YpT
1866281,@115858 Why does my battery died so much quicker since the 11.0.3 update even with the display lights as low as possible?,@557560 We understand how important battery life is our devices. Click the DM link and let us know which device we are working with. https://t.co/GDrqU22YpT
1868546,@AppleSupport I was supposed to be on hold for 2 mins its been 20 and I need to leave. How do i reschedule call,"@558157 Reach out to us via DM and let us know which country you are currently in, then we can advise you on this from there. https://t.co/GDrqU22YpT"
1871091,"@115858, @9242, when I searched for the definition of the word ‘cannabis’, pressed on ‘Wikipedia’ a pop up came up claiming my Con’t","@558790 We'd like to learn more about the message you encountered, and help avoid them moving forward. Let's work together in DM. https://t.co/GDrqU22YpT"
1875523,Worthless piece of shit @115858 where is my damn scientific calculator???? #upgradesshouldmakeitworkBETTER,@559903 To view the full scientific calculator you can rotate your iOS device so it is in landscape orientation. DM us any questions. https://t.co/GDrqU22YpT
1875711,Dear @115858 iOS 11 is terrible. Display becomes unresponsive and apps crash. What happened to your QC?,"@559953 If you're having problems with an iOS device, you're in the right place. Meet us in DM to discuss further. https://t.co/GDrqU22YpT"
1876909,"Lost my contacts and incoming calls ring about 50% of the time. Horrible, @115858. https://t.co/mTFkW6t9Hq",@560282 Let's see what we can do to help. Send us a DM with more information on your device and the issues you're experiencing. https://t.co/GDrqU22YpT
1877316,@AppleSupport ever since I updated my phone it sucks. Battery dies rapidly. Serious Lag and delayed touch response.WTH!?,@560385 That shouldn't be happening after an update. Join us in DM with some details about which apps are lagging and we'll take a look. https://t.co/GDrqU22YpT
1877925,@AppleSupport is there a way to downgrade iOS to 10v? 11v makes me want to throw my iPhone 7+,@560550 We’d love to work with you on the issue you’re experiencing. DM us what’s happening with your iPhone 7 Plus: https://t.co/GDrqU22YpT
1878012,@115858 Are you aware that your wifi does not work across the world on MacBooks when logged into the 'student' portal. Students everywhere,@560572 We'd like to look into this together. What exactly happens when you try to use Wi-Fi on your MacBook?
1881000,Hey my brand new iPhone 8 plus is incapable of downloading app updates and also can’t hold a charge what gives @115858,@561380 We want to help. Send us a DM and let us know what version of iOS you are running and we'll continue from there. https://t.co/GDrqU22YpT
1881589,@115858 your iOS update is terrible. Made bluetooth everything ridiculously slow. Not happy.,@561511 We'd like to find out more about the issues you're experiencing so we can help. DM us what device you have. https://t.co/GDrqU22YpT
1882536,"@AppleSupport Attempting to send a gif won't let me unless Im connected to wifi, please help. Thanks https://t.co/Up9cfScJEM",@561787 We'd be happy to look into this with you more in detail.  Please reach out to us via DM and we'll get started. https://t.co/GDrqU22YpT
1886634,"@115858 , how is it that from the new “update” my phone now runs slower and is allergic to loading anything? Would love feed back",@562704 Thanks for reaching out to us for support. We would love to help you. Please DM us so that we can look into this together. https://t.co/GDrqU22YpT
1886856,@AppleSupport I would like to check my iPhone 6s's battery health. Can you please help? Thanks.,@562766 We'd be more than happy to help out. Go ahead and let us know the exact iOS version installed within DM here: https://t.co/GDrqU22YpT
1887782,"@AppleSupport Every since the last update, the WiFi calling is extremely intermittent. Please fix it!",@563027 We'd like to look into this further with you. Could you Direct Message us what device you're currently using? https://t.co/GDrqU22YpT
1889105,Not only is the latest IOS draining my battery like breaking the seal after 5 pints. It’s made my apps all buggy. Nice work @115858,@563362 Let’s team up to get this addressed. How long ago did you update? Let us know via a DM. We’ll move forward from there. https://t.co/GDrqU22YpT
1889684,"@115858 If you’re going to update your phone software can please check that it works first, because the last two versions definitely don’t!","@563537 We're here to help in any way we can. DM us which version of iOS 11 you're currently on, and we'll get started. https://t.co/GDrqU22YpT"
1889782,Anybody else having issues with a MacBook Pro following the High Sierra update? My bf had his sent away to @AppleSupport - now it's worse. 😕 https://t.co/jz979qYShe,@563563 We'd like to look into this further. Could you Direct Message us and let us know what country you're located in? https://t.co/GDrqU22YpT
1889973,@115858 please get your shit together. These IOS updates have completely screwed up my phone. I’m about to go to a Samsung.Keep me loyal fast,@563624 We'd like to look into this with you. Send us a DM including details on what you're experiencing. We'll continue there. https://t.co/GDrqU22YpT
1890208,@AppleSupport are you having issues with the new update where sounds work only intermittently? I’m having this issue since the 11.0.3 update,@563692 Let's see what we can do to help What kind of sound issues are you experiencing? Let us know in detail via DM. https://t.co/GDrqU22YpT
1891519,That's twice in two days I've dropped my iPhone and can hardly see through the screen 🙈🙈🙈 anyone know how much do @AppleSupport charge to fix broken screens?,@564038 We'd love to help look into some service options to get your iPhone looking new again. DM us your country to continue. https://t.co/GDrqU22YpT
1891557,@AppleSupport my phone keeps glitching &amp; turning off  after downloading the new iOS update! https://t.co/Fmavr9Y386,@564049 Let's look into this together. Please DM us and let us know which iPhone and the exact version of iOS you're using. https://t.co/GDrqU22YpT
1892866,@115858 why is my 6s not fucking working,"@564393 A reliable iPhone is important, and we’ll assist. Send us a DM with the specifics, including what iOS version you're using. https://t.co/GDrqU22YpT"
1892883,"Battery issues on my iPhone 7 Plus, my Phone is running iOS 11.0.3 and it is draining battery life massively, what can I do @AppleSupport?",@564398 We're here to help! Send us a DM and tell us when you installed the latest iOS update. We'll meet you there. https://t.co/GDrqU22YpT
1895747,@AppleSupport hi on iPhones can you please give back the option to turn auto-brightness (OFF) on? This always on kills my battery,@386969 You can find that under Settings &gt; General &gt; Accessibility &gt; Display Accommodations. Let us know if you still can't find it.
1896700,"@AppleSupport maps app on my iPhone 6 keeps timing out, I can’t get directions unless I turn off the phone for a few mins then back on..?",@565305 We completely understand needing those directions. Here's a great place to start: https://t.co/jiMIBQw7go DM us if it persists. https://t.co/GDrqU22YpT
1896875,.@115858 @AppleSupport iOS 11 has made my phone work terribly…,"@565358 We'd like to see if we can help with your iPhone. To get started, DM us more information about what's going on. https://t.co/GDrqU22YpT"
1896905,Why did Apple map stop working after latest update @AppleSupport ???,@123272 We're here to help. Please DM us via the following link with your concerns regarding the Maps application. https://t.co/GDrqU22YpT
1897673,Hey @AppleSupport my phone says it can't install the iOS 11.0.3 update. Any ideas why? https://t.co/VRG3Kvd1SH,@565582 We're glad you reached out to us today. We understand how important it is keeping your device up to date. DM us here: https://t.co/GDrqU22YpT
1897694,"Ugh, the @118936 is DOWN @AppleSupport",@137149 We want you to be able to access the App Store. DM us which device and OS you're having this issue on and we'll help there. https://t.co/GDrqU22YpT
1898085,So my phone is frozen to where I can't even restart it. I'm about done with this new update @115858 🙃,@565701 We’ve got your back. Can you start by confirming how you’ve tried to restart? Try the steps here: https://t.co/OWRDHWSt4h
1899868,@115858 What’s wrong with maps? Not working on IOS 11.0.03???,"@472985 Hey Shane, we'd be happy to see what we can do to help. DM us which device this is happening on and we'll take it from there. https://t.co/GDrqU22YpT"
1900031,"@AppleSupport iPhone 9,3 on iOS 11.0.3 loses 15% battery per hour on standby, parts of screen not responding to touch, all buttons unresponsive and had to force reset. Not good enough. Can’t even downgrade to a version that works.",@566235 We're here to help. Let's take this to DM so we can better assist you. https://t.co/GDrqU22YpT
1900628,@AppleSupport new IOS 11 causing mega issues including severe battery use; touch not very responsive and a number of Aps no longer working,@380450 We want you to be happy with the new iOS 11. We're here to help. Let us know in DM what type of device you are using. https://t.co/GDrqU22YpT
1906185,@AppleSupport my iPhone 7 charges EXTREMELY FAST when plugged into my MacBook Pro - is this having a negative effect on either devices?,@132062 We can understand wanting to make sure your devices are okay; we'll do all we can to help. Connect with us in DM to start: https://t.co/GDrqU22YpT
1907193,"@AppleSupport why has my 3 month old phone, which I’ve never had problems with, been having all sorts of issues since the last update?","@568236 We want you to enjoy your iPhone. DM us some details on the issues you’re noticing, and we’ll do all we can to help out. https://t.co/GDrqU22YpT"
1907526,"@115858 &amp; @AppleSupport, why can I not seem to be able to update any of my apps in the App Store. The circle just keeps going round.",@568340 We can help with that. Has the iPhone been powered off and back on since that started?
1907913,".@AppleSupport this #ios1103  update is KILLING ME!  I'm not sure what's worse; the lag time, constant freezing or drained battery.",@568372 Thanks for reaching out. DM which iPhone and specific iOS version you are using to get started. https://t.co/GDrqU22YpT
1907918,Na de update van Apple IOS 11.0.3 loopt mijn iPhone 7 telkens vast en valt deze telkens uit. Wat hiermee te doen @115858?,@568374 We offer support via Twitter in English. Contact us for help in your preferred language here: https://t.co/IBIY3vMgPj
1910131,"See the film critics are calling “Powerful, urgent and important.” (Deadline, Pete Hammond), https://t.co/CNnqdpvkpk (100% recycled package) https://t.co/vFHbz3NAco",@569036 We'd be happy to look into this with you. Please confirm what country you're currently in via DM to get started. https://t.co/GDrqU22YpT
1910856,"@AppleSupport Podcasts app COMPLETELY broken. Can’t download or stream. “Only D/L on WiFi” off. Delete &amp; re-d/l, reboot don’t fix. 6S/11.0.3",@155695 That's some great troubleshooting so far. Please send us a DM using at link so we can continue to look into this with you. https://t.co/GDrqU22YpT
1912490,"Fuck you @115858 
I can’t afford the iPhone 8 and you keep fucking up my phone 😐",@569673 We'd like to look into what's going on with your iPhone. Can you tell us more about what's happening in DM? https://t.co/GDrqU22YpT
1912512,"@AppleSupport iOS 11.0.3 with iPhone 7 the screenshots start to fail and i must to reboot to fix it, is it normal?",@569681 Hi there! We'd like to get some more info on screenshots. What happens when you attempt to take one and it fails? DM us. https://t.co/GDrqU22YpT
1912984,Hey @116333 how do I keep my Apple Watch from smelling like the inside of a men’s locker room?,@569822 We can help with that. Go ahead and send us DM and let us know what kind of Apple Watch band you purchased? https://t.co/GDrqU22YpT
1914600,@AppleSupport @570312 All they do at @AppleSupport is have nice words but no fixes for the battery problem! Will be my last iphone if they don’t fix this,@570312 Many factors can affect battery life. Try using these steps: https://t.co/bivpdfBNJ6 DM us know if you still need help. https://t.co/GDrqU22YpT
1915717,"@AppleSupport iOS 11.0.3 keep crashing my iPhone 7 Plus and forcing me to hard restart. Apps freezing, camera not functioning well. Whyyyyyy",@570624 Great steps so far and we'd like to team up with you going forward. DM us any steps you've tried and which country are you in. https://t.co/GDrqU22YpT
1916017,@AppleSupport just purchased an album from iTunes for $18.99 via PayPal but was charged $21.18.. 🤔,@357584 We'd like to help you get this taken care of. Meet us in DM and we'll point you in the right direction from there. https://t.co/GDrqU22YpT
1918126,@AppleSupport Updated to IOS 11.0.3. Screen freezes then phone completely shuts down &amp; sometimes doesn’t come back on. Please fix.,@571267 You've come to the right place. We're here to help. Please DM us which iPhone you have and the country you're located in. https://t.co/GDrqU22YpT
1918529,@AppleSupport When I try to play something in Apple Music it keeps trying to get me to “choose a plan” I’ve got a live subscription???,"@571373 Let's work together to get your music going. Please send us a DM, tell us which device this is happening on. https://t.co/GDrqU22YpT"
1920037,"@AppleSupport - pl c enclosed. This is the notification center, the 1 on the right is dark and on the left is normal https://t.co/1d44aqewaC",@173995 We can help. Is this happening at random times? Does this only happen when on the lockscreen? Does restarting help?
1920166,@115858 my phone doesnt respond to my touch and it glitches replace my phone please,@571642 We’d be glad to get your iPhone to a working condition again. Can you let us know if there was a recent update via DM? https://t.co/GDrqU22YpT
1920958,New iOS 11 is absolute garbage. Could you make a major piece of software anymore buggy @AppleSupport? #ios11 is #garbage,@571860 That's not the experience we want for you. We're here to help. DM us more information about what's going on. We'll go from there. https://t.co/GDrqU22YpT
1921472,"*slow clap*

First @126549, now @AppleSupport. https://t.co/0lrWRcqjeA",@572011 Perhaps we can help! Send us a DM and let us know what device you're using to access our support page. We'll go from there. https://t.co/GDrqU22YpT
1924889,@AppleSupport attempting to redeem the plotagraph+ app from the apple store app and it’s saying the code isn’t valid? https://t.co/v7ZjMD0Hbu,@572940 Our iTunes Store team can look into this issue with you. You can reach them here to get started:  https://t.co/SDIe7UiyJN
1925037,Cannot bear -delayed long time when I wanna uninstall some apps.ios version is the latest one.@116333 @96815 https://t.co/fP26WWb07u,@214155 Let's see what we can do to help. Send us a DM at the link below with more information on your device and issue. https://t.co/GDrqU22YpT
1926194,The battery has gone from 100% to 35% in 40 minutes. Complete useless,@573269 We can definitely look into this with you. Send us a DM and let us know which iOS you're running currently. https://t.co/GDrqU22YpT
1926205,@AppleSupport @115858 @116333 this makes no sense....apple‘s apps are killing my battery! It is noon and im almost on 20% iPhone7 https://t.co/O3kui4KqNT,@573273 Let's look into this battery issue for you. How many hours does a full charge usually last? Let us know in DM. https://t.co/GDrqU22YpT
1929649,@115888 @116130 @115858 @AppleSupport WHY WON'T IOS 11 LET U CONTROL UR SPOTIFY MUSIC FROM LOCK SCREEN/CONTROL CENTRE? HELP. 😩 https://t.co/emqbsPggZK,"@420190 We can help. Use the link below to DM us the version of iOS 11 your iPhone is on, and we'll take it from there. https://t.co/GDrqU22YpT"
1929734,"@AppleSupport give us a new update! IOS 11.0.3 fucked up my Touch ID, Bluetooth doesn’t work, phone doesn’t remember wifi passw. ARGHHH","@574240 We want you to be able to enjoy your iPhone. Let’s move this conversation to DM, and we’ll do all we can to help. https://t.co/GDrqU22YpT"
1930557,@AppleSupport Please can you tell me how to reverse the damage the latest update has done please? It’s so bad I can barely use my phone!,@574478 We'd like to look into this with you. Please DM us your exact iOS version and more about the issues you're experiencing. https://t.co/GDrqU22YpT
1932320,@AppleSupport IOS 11.0.3 needs a new update,@437935 We're happy to help with any issues you're having since the update. DM us details of what's going on &amp; we'll get started. https://t.co/GDrqU22YpT
1932598,@AppleSupport Why does this keep happening? The daily achievement get erased. It’s the second time it has happen! What’s going on? #fixit https://t.co/j2oezD0aF1,@265100 We're here to help. Which Apple Watch and watchOS do you have? Are you using an iPhone with your watch? Did this just start? https://t.co/GDrqU22YpT
1932744,@AppleSupport new update 11.0.3 sucks with iPhone 8 plus. No Bluetooth connection. Fix it!!,@575137 We'd like to know more about what's happening to see how we can help. DM us with the details. https://t.co/GDrqU22YpT
1934066,@AppleSupport why my battery drain fast when I charge it it takes longer to charge and I’m iPhone 7 on iOS 11,@156107 Thanks for reaching out. This not an experience we want you to have. We'd like to help. Let's work together in DM. https://t.co/GDrqU22YpT
1936080,"@AppleSupport  HELP! My husband and I bought the Iphone8 and the 8Plus, both have issue w/ BACKLIGHT not turning off even though set to.",@576011 We're happy to look into this issue with you. Please DM us the iOS version installed &amp; when this issue first appeared to start. https://t.co/GDrqU22YpT
1936136,In 24hrs I m Charging my phone for 3 times... Worst battery back up in iPhone 7 @115858 😤,"@576032 We’d love to help with your battery life. To start, send us a DM letting us know which software version you’re using. https://t.co/GDrqU22YpT"
1936762,"Didn’t realise IOS 11.0.3 automatically downloaded an ‘eat all your battery up in 1/2 an hour app’

What the fucks going on peoples? Help!!","@576191 We want your iPhone working for you; we'll do all we can to help. To start, describe for us what's happening."
1940858,@AppleSupport facetime is not running on my phone helppp,@555447 We want to help. DM us details on what's happening when you go to use FaceTime and we'll be happy to continue support. https://t.co/GDrqU22YpT
1941174,"@115858 I’ve got a 6s and latest iOS, why is the battery life crap now? Goes down 10% in minutes with no use.  Anyone else with this issue?",@577285 Thanks for reaching out. Let's take a closer look at your battery concerns together. Send us a DM and we'll go from there. https://t.co/GDrqU22YpT
1943741,"Hey @AppleSupport how do I turn off that stupid little photo that appears in the corner when you take a screenshot? I hate it, its annoying",@192864 We'd love to help. The new screenshot thumbnail cannot be disabled in iOS 11. DM any additional questions. https://t.co/GDrqU22YpT
1948821,"@115858 ios11 is unstable. Frequent crashes, switch offs. Battery leaks like a broken tap. Can i roll back to ios10? This sucks #ios11",@331470 We'd be happy to look into any issues you're experiencing. Send us a DM and we'll continue from there. https://t.co/GDrqU22YpT
1950497,@AppleSupport iPhone 6 is getting  hang again and again after installation  of ios 11.0.2 pls help,@579328 Let's look into that. Send us a DM and we'll go from there. https://t.co/GDrqU22YpT
1951860,My iPad volume is not working one week before international travel. Stuck in headphone mode. Can't emotionally handle going to @115858 store,@326822 Does the iPad play audio with headphones? Let us know so we can help.
1952318,Is it coincidence the day the X released my perfectly working iPhone7 Plus starts glitching out hardcore? Or is this IOS11 problems? @115858,@579731 We'd like to help! What are you experiencing with your iPhone 7 Plus?
1952359,"@AppleSupport @115858 this update is bullshit. My ringer doesn’t work, I can’t hear anyone on a phone call, and none of my apps work. Wtf?",@579740 We're eager for your iPhone to be functioning as you need it. Which iOS update was installed? That's in Settings &gt; General &gt; About.
1954406,"@AppleSupport please tell me how 700 photos takes up nearly 2.5gb😭😭 snapchat has like 50,000 photos in the memories tab and takes up half https://t.co/fjOYohooTn","@580161 Thanks for reaching out to us. We'd like to take a look into this. Please send us a DM, and we'll get started. https://t.co/GDrqU22YpT"
1960695,@122986 is your computer support better than @AppleSupport ?? I’ve been dealing with an issue for days &amp; I might switch laptops!,@396372 We're here to help however we can. Fill us in via DM on the issue you're having and we can look in to it with you. https://t.co/GDrqU22YpT
1962288,@AppleSupport Is this a real https://t.co/hNFSrBO63k website? https://t.co/piwM0mnlYD,"@156798 Great question, as it looks like our iCloud website. Does the same screen come up using this link: https://t.co/MdGttkkFL9"
1963376,This IOS 11 is the worst. My wifi turns on magically by ITSELF after I turn it off 😒👊🏻 @115858 fix this mess,@582141 Let's work on resolving the issue. Are you disabling it from the Control Center?
1963395,Please release a new update soon. My phone keeps freezing and I’ve hard reset about 5x yesterday @AppleSupport 😞😭,"@582144 We want your iPhone to function normally. DM us the exact iOS version your iPhone is on currently, and we’ll help out. https://t.co/GDrqU22YpT"
1966594,"fuck @115858. my phone stopped working and i had to reset it and now all 13,000 videos and photos are fucking gone.","@582809 We'd be happy to help with your missing content. Meet us in DM with your iPhone model and iOS version, please. https://t.co/GDrqU22YpT"
1966650,"@115858 @116333 waiting for iPhone X, updated my 6plus to iOS 11. BIG MISTAKE. So frustrated I may not buy an X at all. #FAIL","@582823 Reach out to us in DM, explaining the issues. Let's see if we can extend that iPhone life a bit for you! https://t.co/GDrqU22YpT"
1970983,@AppleSupport Can ya’ll please fix whatever glitch is going on with everyone’s phones? Trying to type the letter “I” shouldn’t be an event.,"@186167 We want to help out with any issues you’re having. Let’s take a look at this in DM, and we’ll work together there. https://t.co/GDrqU22YpT"
1973798,"@AppleSupport 3 weeks, 5 different advisors and not 1 person has updated me on a solution. Didn’t not expect this from @115858.","@584542 We want you to have a great experience when updating. Please send us a DM, so we can gather a few more details. https://t.co/GDrqU22YpT"
1976900,@115858 your latest iOS update for iPhone feels like a Windows upgrade. Slow and BUGGED. So frustrating,@585409 Let's take a look at your device performance together. Send us a DM with which iPhone model you have and your iOS version. https://t.co/GDrqU22YpT
1977383,Can anyone tell me why this is happening? Everytime I️ type “i” this happens and autocorrects https://t.co/IgmDAUR3PK,@585559 We'd like to see how we can help with the keyboard issue you're experiencing. Connect with us in DM to get started: https://t.co/GDrqU22YpT
1980568,Apple customer service is horrible!  48 hours to diagnose 1 year old computer! Unacceptable! @115858 support,"@586281 We'd love to take a closer look at your experience. Please send us a DM with more details, and we'll go from there. https://t.co/GDrqU22YpT"
1980960,@AppleSupport battery on my iPhone 7 sucks after 11.0.3 upgrade. Have to charge multiple times in a day. Help!!!,@586391 We'll be glad to look into this with you. Please send us a DM with when you updated to iOS 11.0.3. https://t.co/GDrqU22YpT
1981269,just wanna give a big fuck you to @115858 this morning for my phone freezing up in the middle of the night and none of my alarms going off,@586467 We'd like to look into your issues. DM us and tell us which version of iOS you're running on your iPhone. https://t.co/GDrqU22YpT
1982011,@115858 STOP FUCKING SOMETHING UP WITH IOS EVERY TIME I️ UPDATE MY PHONE,@586682 Thanks for reaching out to us for support. We would love to help you. Please DM us so that we can look into this together. https://t.co/GDrqU22YpT
1982033,@115858 I want my round with y’all because why the fuck is my phone acting stupid.,"@586691 We're here to get that iPhone working as it should. To begin, reply by DM with the version shown in Settings &gt; General &gt; About. https://t.co/GDrqU22YpT"
1982662,"On a perfectly preserved iPhone 6s battery with iOS 10.x lasted 3 days, iOS 11.3 drains battery in less than 20 hours @AppleSupport help!!!","@586865 We're happy to do everything we can to help. To start, please DM us with the country where you're located. https://t.co/GDrqU22YpT"
1982984,@AppleSupport fix this issue with the letter “I️” please,@586957 We'd like to take a closer look. Please DM us your current country and exact iOS version found at Settings &gt; General &gt; About. https://t.co/GDrqU22YpT
1983086,What the fuck @115858! All these magical characters when I type “I️” I️,@586984 We want to get you on the path to a resolution. Let us know in DM if you have predictive text on and what device you have. https://t.co/GDrqU22YpT
1983267,"@AppleSupport I purchased an iPhone X with a November 3rd delivery date, when am I going to get tracking for it?","@587032 Thanks for reaching out. For questions about your order, reach out to our Apple Online Store team here: https://t.co/RmFSlCBcIE https://t.co/GDrqU22YpT"
1983349,"Ok @115858 I️ updated my phone, why am I️ still seeing these random boxes?",@587056 You're in the right place for help. Select the following link to join us in a DM and let us know the exact iOS version. https://t.co/GDrqU22YpT
1986730,What the fuck is wrong with the letter I️ @115858,"@588089 Thanks for reaching out. What iPhone are you using, including current iOS? DM us and we'll continue from there. https://t.co/GDrqU22YpT"
1986819,@588116 spoke too soon - I’m having the same issue with the I️ now. What the fork! @AppleSupport,@588115 We'd like to take a closer look at your keyboard issue. DM us which device you're using and we'll start there. https://t.co/GDrqU22YpT
1988657,Just done the IOS 11.1 update. Can somebody at @AppleSupport tell me where all my saved Safari pages have gone! HMRC Login etc all gone!,@588583 We'd be happy to look into this with you more in detail.  Please reach out to us via DM and we'll get started. https://t.co/GDrqU22YpT
1989702,@AppleSupport how can I change the default address from US to India to get an access to my payments services???,@588837 Thanks for reaching out! Can you send us a DM with more details so we can make sure we're on the same page? https://t.co/GDrqU22YpT
1990033,@applesupport I tried to install ios 11.1 and my phone wont start up it shows i have to connect to itunes and i did. i did everything else-&gt;,@588948 We'd love to help. What happens when you use iTunes to restore your iPhone? Any error messages? Let us know in DM. https://t.co/GDrqU22YpT
1990234,@AppleSupport I couldn’t transfer ringtones from my old iPhone to a new one via latest iTunes v.12. What should I do?,@589001 We’d like to help get your ringtones working again. Can you confirm if you purchased these from iTunes via DM? https://t.co/GDrqU22YpT
1990463,"@AppleSupport I️ updated my phone and still seeing question marks, why?",@589070 We want your keyboard working for you; we'll do all we can to help. Let us know what iOS version is installed via DM: https://t.co/GDrqU22YpT
1991060,@115858 @AppleSupport you think people have money to keep buying these new phones I’m at the 8+ and my phone tripping. I’m done 😡,@584482 We know how important it is to have your new iPhone 8 Plus working its best. Send us a DM telling us what's happening. https://t.co/GDrqU22YpT
1992997,"Oh that's tedious. My VPN connection terminates in the US, so @115858's site won't let me book a Genius Bar appointment in the UK. ¯\_(ツ)_/¯ https://t.co/ZbaTHBAq96","@221199 We may be able to help save you the trouble, or get you an appointment at the store you desire. Send us a DM with more information. https://t.co/GDrqU22YpT"
1993419,@AppleSupport if I forgot to renew my iCloud payment does all the data over 5G get deleted or do I get it back when I pay?,@589941 We can understand why you'd be concerned about your iCloud storage. Send us a DM and we'll look into it with you. https://t.co/GDrqU22YpT
1993581,@AppleSupport my iPhone keeps autocorrecting the letter “I️” to A ? in my apps. Any reason? Photo evidence below. https://t.co/L7R15SEFeh,@589992 Let’s work together on this situation. Which iPhone are you using? Which version of iOS do you have? Let us know via a DM. https://t.co/GDrqU22YpT
1995969,"@AppleSupport morning, having a few issues with a 2yr old iPhone. It seems to think it's 100% charged.... Any way of recalibrating?","@590201 Let us know via DM which type of iPhone it is and which version of the iOS is currently installed, then we can help from there. https://t.co/GDrqU2kzhr"
1997719,@115858 why doesn’t my sound work on my phone since I updated to iOS 11??!!!,@590693 We know how essential sound is to using your iPhone. Do you have no sound for all apps? Are you running iOS 11.1? Please DM us: https://t.co/GDrqU22YpT
1997797,@115858 can we stop autocorrecting I to whatever that emoji is cuz I can't see it and ?'m just so confused,"@590715 We'd like to look into this. Please DM us the device this is happening on, along with the software version to continue. https://t.co/GDrqU22YpT"
2000002,@115858 @53595 @456595 your latest iOS update is very fancy but any chance of fixing this.....  ruining my life © https://t.co/xuPYiVxbMA,"@591368 Hey, we'd like to learn more about what's going on. DM us the exact iOS version and the device and we'll go from there. https://t.co/GDrqU22YpT"
2000281,My phone updated the other day now my battery dies fast as fuck... wtf @115858,@591456 We’d love to help with your battery life. Send us a DM letting us know which iPhone and exact software version you’re using. https://t.co/GDrqU22YpT
2000578,@AppleSupport can y’all explain to me why I️ have question marks in boxes? what the hell is this I️,@591545 Let's work together. We can start in DM with the iOS version. You can find that in Settings&gt;General&gt;About. https://t.co/GDrqU22YpT
2000984,The new iPhone update has smashed my battery and the brightness is really fucking me off @115858 sort it out you dicks 🖕🏻,"@591681 If you're having an issue with your iPhone, we can definitely help. Please DM us and tell us more about what's going on. https://t.co/GDrqU22YpT"
2001686,Whoever is in charge of Siri at @115858 I hope ur budget is what’s holding you back bc she is dog shit about 90% of the time.,@591890 We'd like to help you out with Siri. Send us a DM with more information on your device and what's going on to get started. https://t.co/GDrqU22YpT
2001921,Hey @115858 can we fix this “i’s” bug on the iPhone please.... so i stop having it autocorrect me to this ( I️ ),@591961 We can take a look into this with you. Which iOS version is your device on? Let us know via DM and we'll check it out. https://t.co/GDrqU22YpT
2002434,@AppleSupport @115858 please fix the bug changing the letter “i” to A with a strange symbol by it! It’s driving me crazy! #iphonebug,"@592112 Hey, thanks for bringing this to our attention. DM which device you're using, and we can go from there. https://t.co/GDrqU22YpT"
2003025,Please send us an update to fix this keyboard problem!!! 😩😩😩 @AppleSupport,"@592297 Let us know via DM which iPhone you currently have and exactly what you see occurring, then we can help from there. https://t.co/GDrqU22YpT"
2003256,@AppleSupport brand new iPhone X can’t be activated. Can you help? https://t.co/W4pBS0p8vq,@592365 We appreciate your patience and understanding. Please follow these steps and DM the results: https://t.co/Mhw9pFAK08 https://t.co/GDrqU22YpT
2003335,@ATT + @115858 release day is absolutely terrible https://t.co/QOZCUnoiuR,@592385 We'll be happy to help you get your new iPhone X activated. Check out: https://t.co/ywHIZGN4Ac DM us for more: https://t.co/GDrqU22YpT
2003356,Yo @AppleSupport my alarms are going off late. What’s good fam? Trying to get me fired or what?,@531250 Hey there. We want to help with the problem you're having with your alarms. Send us a DM so we can look into this together. https://t.co/GDrqU22YpT
2004127,Wtf is anyone experiencing this ... you type in a “I” and this comes out instead. I️ need to do my update but Apple..get it together @115858 https://t.co/EydSQJjzk7,@592638 We want to be sure everything is working normally for you. DM us if you're still seeing this issue after updating. https://t.co/GDrqU22YpT
2004287,@AppleSupport why are my “i” a question mark ? I updated my phone and it’s still doing it. Example “I️ want my phone fix” .... see,@592692 Hey there. We'd like to look into this further. Please meet us in a DM and share which iOS version you're running: https://t.co/GDrqU22YpT
2005076,Um. This Apple update is WACK. It also is telling me that people are texting me “in one minute” YOOOO @115858,"@592931 We’d like to offer our support. This article can help you with the issues typing ""i"". https://t.co/pjfPUtm7HO DM any questions: https://t.co/GDrqU22YpT"
2005080,Updated my phone and still seeing black boxed 🙄 annoying af @115858,"@592933 We can partner with you and look into this. DM us the iOS version your iPhone is on currently, and we’ll get started. https://t.co/GDrqU22YpT"
2005432,@AppleSupport why is it every time I️ type the letter ‘I’ it turns into a question mark box... figure it out for God’s sake,@185060 We can help you out. Take a gander at the following article and DM us with any questions. Thanks. https://t.co/xXaXeeSRt9 https://t.co/GDrqU22YpT
2006839,"@116333 phone not turn on all. Understand the hurt and flurry of emotion I have to not even be to officially make it ""my phone"" and","@593434 If your iPhone won't power on, take a look at this article for steps: https://t.co/8MvHMGgIUP
If that doesn't help, DM us: https://t.co/GDrqU2kzhr"
2007132,"can @115858 get it together, ever since I updated my software my phone has been fucking up so bad 😤",@593511 Having your iPhone ready to work when you need it is important. Let's pair up in DM to take a closer look. https://t.co/GDrqU2kzhr
2007146,Why can’t I️ type the letter “I️” without some weird symbol coming up??,@593518 We're here to help. Check out the information here: https://t.co/xXaXefaskH Send us a DM if you have further questions. https://t.co/GDrqU2kzhr
2007737,"@AppleSupport @593704 U can check with them.. they always support and reply on time.
THANK U APPLE TEAM ☺",@593704 We'd like to make sure you're aware of all of your options for a lost device. DM us and we'll go from there. https://t.co/GDrqU2kzhr
2008585,"@AppleSupport beyond upset, frustrated after extreme effort to pre-order iPhone X, Nov3 delivery has past! no phone!!! UPS says your fault",@593950 We appreciate you reaching out. In which country are you currently located? Let us know via DM. We’ll go from there. https://t.co/GDrqU22YpT
2010329,"@115858 fix this assistive Touch update, please!","@594459 We'd like more details on the issue you're seeing today, please meet us in DM and describe what's going on. https://t.co/GDrqU22YpT"
2010544,@AppleSupport why is iOS 11 draining my battery in a matter of seconds?,"@594527 Let's look into that together. What device are you using, and which version of iOS 11? Meet us in DM to continue. https://t.co/GDrqU22YpT"
2012128,@AppleSupport 6s went from 48% to 0% battery sitting in my pocket while on battery saver after update. No apps open. How is this possible??,@594976  We know the importance of having great battery life. Which software version is currently running on your phone?
2013097,anyone?? help????? @AppleSupport https://t.co/DQOAN4Aw0V,@595251 We’re glad you reached out! Check out this article for a workaround: https://t.co/xU1AGHStV6 DM us if the issue persists. https://t.co/GDrqU22YpT
2013158,I️ was born a good day and then it ended https://t.co/YrwvGXSOTq,@595270 Thanks for reaching out. We have a workaround for this here: https://t.co/xXaXeeSRt9 DM us if you still need help. https://t.co/GDrqU22YpT
2013451,@AppleSupport https://t.co/q8DNILzn9J,"@595367 Thanks for reaching out. We have a workaround for this here: https://t.co/xXaXeeSRt9 

DM us if you still need help. https://t.co/GDrqU22YpT"
2013608,i️ just saw a pic of spaghetti &amp; i️ almost cried bc i️ want some so bad,@595404 Thanks for reaching out. We have a workaround for this here: https://t.co/xXaXeeSRt9 and DM us if you still need help. https://t.co/GDrqU22YpT
2013650,"@115858, fix this autocorrect bug. No one is amused. 🙄😒🤨",@595417 Thanks for reaching out. We have a workaround for this here: https://t.co/xXaXeeSRt9 DM us if you still need help. https://t.co/GDrqU22YpT
2013947,Also... why is the letter “i” being auto corrected to a box with a question mark  inside of it after I️ updated my phone @115858,@595506 Thanks for reaching out. We have a workaround for this here: https://t.co/xXaXeeSRt9 DM us if you still need help. https://t.co/GDrqU22YpT
2014678,@AppleSupport why is it that every time i️ type the letter “i️” it shows the letter “A” and a question mark.,@595726 Thanks for reaching out. We have a workaround for this here: https://t.co/xXaXeeSRt9 DM us if you still need help. https://t.co/GDrqU22YpT
2015169,@AppleSupport why is it when I️ type I️ on snapchat it comes up in symbols,@595886 Thanks for reaching out. We have a workaround for this here: https://t.co/xXaXeeSRt9 DM us if you still need help. https://t.co/GDrqU22YpT
2015215,@AppleSupport my iphone x i update to ios 11.1 but next day become like this how ican i restore my iphone !!!!????? https://t.co/Bb3XraVstD,@595902 This article explains how to restore your iPhone via recovery mode: https://t.co/8MvHMFZ83h DM us if the issue persists. https://t.co/GDrqU22YpT
2015651,"Seriously, can @115858 PLEASE fix this issue with “I”?! 😤",@157625 Thanks for reaching out. We have a workaround for this here: https://t.co/xXaXeeSRt9 DM us if you still need help. https://t.co/GDrqU22YpT
2016200,"First of all, @AppleSupport why does my camera take exactly 10 seconds to boot after the latest update?","@596221 Let's look into this together. To start, which device are you experiencing this on? Let us know in DM. We'll go from there. https://t.co/GDrqU22YpT"
2016338,"@115858 Can y’all please fix this question mark ina box, every time you type the letter “eye”, problem 😩",@596271 Thanks for reaching out. We have a workaround for this here: https://t.co/xXaXeeSRt9 DM us if you still need help. https://t.co/GDrqU22YpT
2016346,This bugs me. Every time I type “it” it comes up as “I.T” #NewUpdate @AppleSupport,"@596273 We'd be happy to help. Could you DM us which device this is happening on, and the iOS version installed. We will go from there. https://t.co/GDrqU22YpT"
2016511,"@AppleSupport help! Trying to use airdrop from my mac to iphone 6, but mac can't find the phone. It works the other way around. What should I do?","@596330 We'd like to help! Send us a DM with the device you're using and the exact iOS version on it, and we'll get started. https://t.co/GDrqU22YpT"
2016830,How do I fix my emojis yo @AppleSupport,"@596437 Hi there, and thanks for reaching out! Let's take a closer look at this issue with your emojis together in DM. https://t.co/GDrqU22YpT"
2018786,"My iPhone is updated, yet I’m still seeing the question mark squares.... wtf why?! @115858",@597020 We'd recommend trying the steps here: https://t.co/xU1AGHStV6 let us know in DM if the issues continue. https://t.co/GDrqU22YpT
2018946,"On an unrelated note, the iPhone 8 has a major touch-responsiveness issue. I can’t believe this is what we get for USD 1000 @AppleSupport",@597073 Hello. It's important to us that you enjoy your iPhone 8. Please touch base with us via DM and we'll find an answer together: https://t.co/GDrqU22YpT
2020181,@115858 @AppleSupport ever since I️ had that update to iOS11.1 my phone keeps lagging.,"@597409 We're here to help. Please DM your device model, country, and iOS version. We'll pick up there with your support options. https://t.co/GDrqU22YpT"
2020442,@AppleSupport when will this bug be fixed? https://t.co/5NlTVjgBkw,@597505 We can help you out. Take a gander at the following article and DM us with any questions. Thanks. https://t.co/xXaXeeSRt9 https://t.co/GDrqU22YpT
2020470,The IPhone X came out and now my phone want to act the fuck up 🤦🏼‍♀️ BITCH WHAT @115858 what is you doing ?!?,@597518 We're in your corner. Let us know what's going on with your device in DM. Just click on the link to get started. https://t.co/GDrqU22YpT
2020600,Whenever I type the letter i a symbol with a box shows up !! Is anyone else having this problem?!!? How to fix it?? @AppleSupport @115858,"@597557 If you're having this issue, please visit https://t.co/xU1AGHStV6 for steps to address this. DM us any questions. https://t.co/GDrqU22YpT"
2020621,@115858 get y’all shit together bro every time I️ say I️ a mf box pop up that shit irritating 😒 Get tf together,@597565 We'd be happy to help with this issue. Check out this workaround: https://t.co/xU1AGHStV6 DM us any questions: https://t.co/GDrqU22YpT
2020658,I️ updated my phone and it’s still being goofy why 😩  @115858,@597580 We've got you today. Check out https://t.co/xU1AGHStV6 for steps to address this concern and DM us if we can help further. https://t.co/GDrqU22YpT
2020856,@115858 why does I️ keep autocorrecting to I️ please fix it I️ don’t like it,@597639 Thanks for reaching out. We have a workaround for this here: https://t.co/xXaXeeSRt9 DM us if you still need help. https://t.co/GDrqU22YpT
2020919,@115858 .....wyd? im tired of this question mark popping up everytime I type “i” STOP IT YOU FUCKING UP SERIOUS CONVERSATIONS,@597664 Thanks for reaching out. We have a workaround for this here: https://t.co/xXaXeeSRt9 DM us if you still need help. https://t.co/GDrqU22YpT
2024387,#iphonex @AppleSupport why is it named a 6s? It’s a X and won’t let me buy Apple care. #help https://t.co/YRd0vPXu0L,@598679 We’d be glad to look into this further. Can you confirm your location to us via DM? We'll want any additional details as well. https://t.co/GDrqU22YpT
2024959,"Thanks a lot @115858 @AppleSupport, I can no longer play music thru my iPhone and see what’s playing on my watch. Way to downgrade 🤬🤬🤬🤬 https://t.co/VWoVOXRBht",@598847 We'd like to gather some more info to understand what's happening. DM us with what type of Apple Watch you're using. https://t.co/GDrqU22YpT
2025870,@AppleSupport this still does not work. Fix this. Shit aggy https://t.co/p0ylEG9eui,"@599102 Thanks for using that workaround. Since you're still noticing the issue, please shoot us a DM. We can work together there. https://t.co/GDrqU22YpT"
2025921,"Clearly a phishing email acting like @AppleSupport — do not log in or click the link , delete the email immediately https://t.co/g0cujadM3R",@473213 We're here to help. This does appear to be a Phising Attempt. More information can be found here: https://t.co/LNMCdqt6fD
2028508,@AppleSupport you guys need to fix that bug affecting messages! Every time I️ type the letter “I️” there’s an error! I️,@599872 Here’s what you can do to work around the issue until it’s fixed in a future software update: https://t.co/xXaXeeSRt9 https://t.co/GDrqU22YpT
2031417,@AppleSupport my phone keeps saying I’m driving when I’m at Not,@509246 Let’s work together on this behavior. How long has this been happening? Let us know via a DM. We’ll keep moving from there. https://t.co/GDrqU22YpT
2031603,@115858 @AppleSupport IF MY PHONE RESTARTS BY ITSELF ONE MORE TIME TODAY IM-,@600735 Let's see how we can help. Is this happening when performing any specific steps or completely at random? Let us know more in DM. https://t.co/GDrqU22YpT
2031981,Ever since the last 2 updates my phone has been glitching and freezing and crashing get it together @115858,@600862 We'll be happy to work through the issues you're having with your iPhone. Send us a DM with more details. https://t.co/GDrqU22YpT
2032324,@AppleSupport is it normal for the 2016 space grey MacBook paint to chip? https://t.co/6oveKciVGV,@600968 Thanks for reaching out. Your patience is appreciated. We'd love to look into this with you &amp; help. Please DM us to proceed. https://t.co/GDrqU22YpT
2032507,@115858 better fix all these bugs...my phone isn’t running as smoothly as an iphone 8 should. 🤦🏻‍♀️,@421125 We certainly want you to have an enjoyable experience with your new phone. DM us here and provide us with the details: https://t.co/GDrqU22YpT
2036430,my phone has become a complete POS since i downloaded the new update @115858,@602079 DM us details about the issues you're having with your iPhone and we'd be more than happy to help you get them sorted. https://t.co/GDrqU22YpT
2037703,my phone has been lagging nonstop since i updated it @AppleSupport i want an apology,@602511 Thanks for reaching out to us for support. We would love to help you. Please DM us so that we can look into this together. https://t.co/GDrqU22YpT
2038065,@AppleSupport so why does my music turn off the moment I get a text or I open an app?? Been doing it all day.,@602617 Let's look into this together. Send us a DM to let us know which device you're using and which iOS is installed. https://t.co/GDrqU22YpT
2039858,"@116333 why is iCloud Drive so slow to sync? I’ve had to drive from work to home today, then later from home to work to copy to usb 👎🏻",@603136 That doesn't seem right. When did you first notice this? Send us a DM and we'll work forward from there! https://t.co/GDrqU22YpT
2039864,"the only time i have ever wished for 280 characters is to rant about apple’s new iOS. half my apps don’t work, cool. @AppleSupport 🤬",@185122 We want to help. Please DM us details on the apps that aren't working and we'll look into this with you there. https://t.co/GDrqU22YpT
2041648,Yo @AppleSupport when are you gonna fix this buggy ass iOS we got running? Shit is so trash I️ might convert to android,@603680 Here’s what you can do to work around the issue until it’s fixed in a future software update: https://t.co/qODbOsp4wz DM issues. https://t.co/GDrqU22YpT
2042331,"@AppleSupport hi, I’m on an iPhone 6s, and after the update my lock screen doesn’t dim auto after I get a notification, can you advise?",@603925  We want to help.  Is your iPhone updated to iOS 11.0.3?
2042567,"@AppleSupport if y’all could get your shit together with iOS 11. Whatever your on already, I’m tired of my shit freezing",@604002 We're here for you and would like to help. Tell us what type of device you're using via DM. We'll take it from there. https://t.co/GDrqU22YpT
2043346,"Thanks @115858, the iOS11 update has slowed my iPhone6 to a crawl and it burns up battery power like nothing. My next phone won't be iPhone.",@604251 We want you to be happy with your iPhone 6. We'd love to take a closer look into this with you in DM to get you a resolution. https://t.co/GDrqU22YpT
2043521,"@AppleSupport hi updated my phone today, when I play music from Spotify, soundcloud etc they do not show in my control centre?",@604312 Hi there. Let’s see how we can sort this out together. Use the link below to connect with us in DM to get started. https://t.co/GDrqU22YpT
2044886,@115858 my phone drains fast and takes forever to charge since update. apps I wanna use aren’t #compatable now. thanks @AppleSupport,"@604724 Let's look into this together! To start, DM us which iPhone and version of iOS 11 you're using and we'll start from there. https://t.co/GDrqU22YpT"
2045984,"Thanks to IOS 11, my phone freezes constantly, my music doesn’t play, my battery is shit, and I can’t call anybody 🙃😇 @115858",@605076 Let's work on your iPhone together. Please DM us with the country where you're located to get started. https://t.co/GDrqU22YpT
2050211,"@115858 Cracks are gone, but iPhone still crashes frequently. #iPhoneUpdate #ios1102","@606290 We'd like to see how we can help with this. To get started, send us a DM with more information. We'll go from there. https://t.co/GDrqU22YpT"
2050336,iOS11 is so glitchy @AppleSupport @115858 no progress at all,@606331 Thanks for reaching out to us. We are always happy to help. Send us a DM so we can look into this together. https://t.co/GDrqU22YpT
2050556,"@AppleSupport 1. I had upgraded to High Sierra a week back, my MacBook pro started shutting down randomly since the day before",@606401 We’d like to take a closer look at this. Can you start by letting us know more about the situation via DM? https://t.co/GDrqU22YpT
2052011,"@AppleSupport Google Maps, other apps freeze on a regular basis after update. Battery life garbage now. Not ok! Solutions?","@155406 Thanks for reaching out! We'd be happy to look into this. To start, DM us which device and version of iOS 11 you're using. https://t.co/GDrqU22YpT"
2052075,@AppleSupport how do I get an appointment for the Genius Bar!,"@606875 We can help to schedule it here or you can do this through the Apple Store app on your iOS device. If you need help, DM us. https://t.co/GDrqU22YpT"
2052375,@AppleSupport will there be a new patch soon for the latest update to IPhone?Phone barely works now.Calls no notify no ring- no VM.,@606963 Let's work on what's happening with your iPhone together. Please DM us with the country where you're located to start. https://t.co/GDrqU22YpT
2053328,"@115858, think I’m allergic.. can I haz a gold replacement? #AppleWatchSeries3 @AppleSupport https://t.co/Bxs1EjjZnH",@607248 Thanks for reaching out to us for support. We would love to help you. Please DM us so that we can troubleshoot together. https://t.co/GDrqU22YpT
2053476,I’m about to throw my fucking iPhone and Apple Watch into the fucking canal 😡😡😡😡😡😡😡😡😡😡,"@449386 Hi there, we'd like to help you. Please DM us with details to the issue you're experiencing and we'll get started. https://t.co/GDrqU22YpT"
2053661,"Thanks @AppleSupport for telling me I need to download the new software to fix my phone, now ALL MY PHOTOS ARE DELTED",@607359 That's not the behavior we'd expect and we'd like to help. Please DM us with the model iPhone you're using to get started. https://t.co/GDrqU22YpT
2054292,@AppleSupport check dms,@250131 We'd love to help. Please DM us once more with your question. We'll be sure to look into it for you. We appreciate your patience! https://t.co/GDrqU22YpT
2056387,"Hi @AppleSupport, pls up your iOS 11 game. it's lagging. the phone crashed a few times. the battery is draining so quickly.",@608156 Thanks for reaching out to us. We'd like to help you and look into this further. Please DM us to continue working on this. https://t.co/GDrqU22YpT
2058167,@115858 I can’t even do my job. I waste almost 50% of dev time dealing with Xcode bugs and OS crashes.,"@608706 Thank you for bringing this to our attention. Please DM the exact problem you're running into, your Apple models, and your country. https://t.co/GDrqU22YpT"
2058196,"Not feeling the love with the latest @115858 iOS update, time for a @122986 pixel.",@608717 Help is here. It would be our pleasure to address your concerns. Let's talk via DM. Please join us here and share a few details: https://t.co/GDrqU22YpT
2058290,The iOS 11 update drains your battery incrementally. Are y’all serious?!!!Fix this! @AppleSupport @115858,@608746 We'd be glad to help troubleshoot any issues you have with your battery! DM us and let us know what model of device you use. https://t.co/GDrqU22YpT
2058331,I am connected to WiFi and NEVER am trying to stream music - only files saved to my actual phone. How do I stop this @AppleSupport ? https://t.co/KUpCJPn56Y,"@608756 Rest assured, we are here to help. Go to Settings &gt; Music &gt; Cellular Data, what do you see? Is your ""cellular data"" on or off? https://t.co/GDrqU22YpT"
2060159,Cmon @115858 let me have music in order or I change brands. This sucks #AppleMusic,@609313 We'd be happy to look into this with you more in detail.  Please reach out to us via DM and we'll get started. https://t.co/GDrqU22YpT
2061366,@AppleSupport why won’t my iPhone 8 Plus charge past 80%????,"@405841 We're here to help. Are you charging the iPhone wired, or wirelessly? Does the battery indicator change after a restart?"
2061736,"My iPhone is freezing 
Non touch responsive 
Dies battery fast 
And OVER HEATING!!!!!! @115858 @115714","@609742 If you are having concerns with your Apple device, please take the IPhone to the nearest Sprint repair Store for review. https://t.co/rMApsV8PQY"
2061979,iOS 11 is so damn glitchy and annoying I HATE IT. @115858 fix yo shit.,"@609817 We want your iPhone to work seamlessly with iOS 11, and we'll sort this out together. What is the exact iOS version? DM us: https://t.co/GDrqU22YpT"
2062108,Or does anyone know how to reset a macbook to default. COMMAND R and R + power isn't doing the trick. @AppleSupport,@149813 We'd love to help with this. What happens when you try to boot to recovery? Let us know in DM and we'll work together. https://t.co/GDrqU22YpT
2062688,@AppleSupport @115858 When are you guys gonna fix the problems in the 11.1 Beta? I can’t use my apple music app at all and have other probs.,@610031 Thanks for reaching out. We'd love to help with these issues. Please send us a DM including which device you're using. https://t.co/GDrqU22YpT
2065704,@115858 my iPhone freezes and has a battery life of an hour. Fix your shit,@610876 Let's help get this resolved. Please DM us the version of iOS 11 you're using and we can go from there. https://t.co/GDrqU22YpT
2066103,Hey @AppleSupport why does my phone keep shutting off after new update?,@610986 We'd like to gather some more information for better troubleshooting. Can you DM us the country you are located in? https://t.co/GDrqU22YpT
2067793,IN 48 MINUTES MY BATTERY WENT FROM 71 TO 24 WHAT THE FUCK @AppleSupport https://t.co/jDz5Cz6Sfr,@611487 We’d like to help with the battery. Can you start by confirming what uses the most battery via DM? https://t.co/2voRgjSsVf https://t.co/GDrqU22YpT
2068219,@AppleSupport how do I get rid off this bar above my keyboard? (Circled in red) https://t.co/SMzOk9g8bL,"@611616 We're here to help. Tap Settings &gt; General &gt; Keyboard. If predictive text is enabled, disable it. DM us if you have questions. https://t.co/GDrqU22YpT"
2068643,@AppleSupport why is my screen turning blue? 🙃,@611754 We'd be happy to help with your screen. Let us know which device and system you're experiencing this issue with via DM. https://t.co/GDrqU22YpT
2069887,What am I suppose to do about about @697 failure to update the app? @118936 @AppleSupport how do I turn off these alerts? 😡 https://t.co/B6qEbVN3pF,@241960 We'd love to help. You can turn off the automatic updates option in Settings &gt; iTunes and App Stores.
2070428,"iOS 11 is terrible, phone keeps freezing and it’s decreasing my battery like crazy @115858 🙄",@612298 We definitely want to look into this issue. Select the following link to join us in a DM and we'll go from there. https://t.co/GDrqU22YpT
2077598,@AppleSupport what happened to markup feature in iOS mail app released in iOS 9? Disappointed it is missing in iOS 11 when I need it,@614455 You should still be able to use Markup as shown here: https://t.co/YIjNR1YLp2 Let us know if you have any questions. https://t.co/GDrqU22YpT
2077889,"@AppleSupport my 6s shutting down with over 37% battery, also a full charge only last 90 minutes.",@614542 We would like to help you with your iPhone. Which iOS version are you running? DM any additional details about the issue: https://t.co/GDrqU22YpT
2077964,".@AppleSupport why can I not hear or be heard on phone calls since I have updated to the latest iOS?!?!

Phone keeps freezing too!!",@295639 Let's look into both of these issues together. Please tell us more about them. Is it occurring in every call? DM us to proceed. https://t.co/GDrqU22YpT
2078152,why the fuck does my phone keep randomly restarting @115858,@374488 We'd like to look into this with you. Send us a DM including the iOS version installed on your iPhone. We'll continue there. https://t.co/GDrqU22YpT
2078777,Hate this new iPhone update 👺 phone crashes all the time now and touch screen sometimes doesn’t work. @AppleSupport - sort it out!,@614802 We'd like to help you get this sorted out. Does your iPhone completely power off when this happens? Let us know in DM. https://t.co/GDrqU22YpT
2078944,"@AppleSupport gotta new bug on iOS11.0.2. If both wifi and Bluetooth headset are connected, wifi stops working! Please fix this asap.","@181902 Hey, we want to learn more about what's going on so we can help. Let's meet in DM and we'll go from there. https://t.co/GDrqU22YpT"
2079241,"Since I downloaded iOS 11.0.2 my #iphone6 works like a  turtle @115858 @AppleSupport @115858 please fix this version
It’s horrible!!",@614936 Let’s dig a little deeper in to this to see what we can find out. DM us what troubleshooting you've completed to proceed. https://t.co/GDrqU22YpT
2079709,ever since this update i haven’t gotten notifications from certain texts and i’m irritated @AppleSupport @115858,@615077 We appreciate you coming to us for help on this. What kind of specific texts aren't notifying you? DM if necessary to discuss: https://t.co/GDrqU22YpT
2080084,FIX MAIL APP IN IOS 11.1 @AppleSupport,@615179 Let's look into this Mail issue for you. Send us a DM with more information about what you are experiencing. https://t.co/GDrqU22YpT
2081291,I put my phone on dnd...... Why am I still being disturbed?@AppleSupport,@615489 We'd be happy to help with the Do Not Disturb feature. Can you DM us your version of iOS and what's happening exactly? https://t.co/GDrqU22YpT
2081530,Still having battery charge issues @115858 @AppleSupport #sodisappointed,@610095 What is the exact iOS version running on your iPhone? Let's meet back up in DM to continue working towards a solution. https://t.co/GDrqU22YpT
2082193,I hope @115858 @AppleSupport fixes this battery life issue soon. I’m about to throw this worthless phone out of the window,@589480 We are here to help whenever possible. DM which iPhone and specific iOS version you are using currently to get started. https://t.co/GDrqU22YpT
2082448,@115858 your update killed my phone,"@615868 That's not what we like to hear. Tell us more about what's happening, and which iPhone model you have, in DM: https://t.co/GDrqU22YpT"
2082470,Why does my battery on my iPhone 6 drain rapidly now since I did the latest update @AppleSupport ! Not happy that iphone is not reliable,@615875  We want you to be happy with your iPhone. Let's take a closer look into this together. DM us the exact iOS version you have. https://t.co/GDrqU22YpT
2087574,"@115858 vamos concertar esse bug de congelamento de tela seus porra, cade uma versao nova de atualizaçao",@617289 We offer support via Twitter in English. Get help in Spanish here: https://t.co/IBIY3vMgPj or join https://t.co/OczyRx7IOs
2093721,@115858 please get your shit together....... ever since I️ updated my phone my apps won’t work &amp; my phone keeps freezing... I’ve never been so dissatisfied,@618633 We're happy to help. What model iPhone are you working with? Tell us in DM &amp; we'll go from there. https://t.co/GDrqU22YpT
2093743,"Okay @AppleSupport what’s the deal with me not being able to type I️t I️ or i right? Also, I️m isn’t working either.",@618639 We're here for you. Please DM us. https://t.co/GDrqU22YpT
2093885,My fucking phone just died at 10% percent and it’s been freezing up ever since the iOS11.1. I hate @115858 but y’all still won’t catch me with an Android,@618690 Thanks for reaching out. Send us a DM using the link below. We'd like some additional details to help. https://t.co/GDrqU22YpT
2095395,2.. @AppleSupport @115858 Is there a diagnostic or something you can do on it to work out what’s wrong? Tia. Heidi,"@546900 Hey there. We'll be happy to see how we can help with this. DM us more info about what's going on, and we'll get started. https://t.co/GDrqU22YpT"
2095699,@AppleSupport notification alerts are not mirrored in watch(v4).Working fine till Oct 08.all apps are configured to mirror iphone(v11 pb1),@619137 We'd like to dig into this in more detail. Tell us what type of Apple Watch and iPhone you're using via DM. https://t.co/GDrqU22YpT
2095703,Glad I'm not alone with my phone fucking up since updating it. No alarms and constantly crashing😡 @AppleSupport,@619138 We want to help! Which iPhone model and exact iOS 11 version are you using? Check for us in Settings &gt; General &gt; About. https://t.co/GDrqU22YpT
2105996,Why is @AppleSupport #CustomerService @115858 #BrentCross 100% rubbish? @118197 business support kills it. You need to #learn from #DellXps  #delllatitude,@621573 We'd like to learn more about the experience you had. Send us a DM with more details and we'll go from there. https://t.co/GDrqU22YpT
2109878,"Dear @118936 and @AppleSupport , our listeners cannot leave 5-star comments on Itunes for supporting our podcast (Ekipio - podcast). Any idea ?
 #ekipiogate",@622451 We'd like to take a deeper look into this with you. Go ahead and DM us and we'll be glad to follow up with you there. https://t.co/GDrqU22YpT
2110861,Why have none of my photos moved over to my new iPhone? I backed the old one up. #iPhoneX @115858 @AppleSupport,"@622673 Congratulations on that new iPhone. Let’s work together to get your photos on it. To start, do you use iCloud photo library? When you to photos, do you see anything there such as grey boxes or is it completely empty?"
2111410,"@AppleSupport this sounds weird.
Whenever I create PDF of Web page from Safari(Save PDF to iBooks) this app(Office to PDF) downloads automatically(No fingerprint,no password,no prompts)
Happened 3 times on 3 different days!
STRANGE!

https://t.co/ptVCZb9RZ4 https://t.co/iA21AiClz1",@258351 We want to help.  Do you have MS Office on your device?  What version of iOS is on your device?
2111441,@115858 charge me one more time for that app I didn’t buy and we are throwing hands.,@622790 We'd recommend reaching out to our experts here: https://t.co/SDIe7UiyJN for further assistance.
2111489,@115858 @AppleSupport this auto symbol when I type an “I️” is not helping when sending emails and texts to clients! 😡 #fixit https://t.co/6bs3A2y46G,@622806 Here’s what you can do to work around the issue until it’s fixed in a future software update: https://t.co/xXaXeeSRt9
2112951,I love how as soon as the iPhone x drops my home button suddenly stops working @AppleSupport @115858 https://t.co/At8o3msJHt,@623079 We want you to be able to rely on any iPhone you have. What exactly is happening with the Home button?
2112964,Eye will not upgrade my phone for this shit. @AppleSupport FIX IT!!!! https://t.co/YerFymAGeN,"@623080 Reach out to us via DM, then we can advise you on this from there. https://t.co/GDrqU22YpT"
2113836,@AppleSupport Why doesn’t the weight field on the medical ID screen auto populate with new data from the Health app?,@417284 We value your feedback on things like this. You can provide that directly to our development team here: https://t.co/eTPVYVFyd8
2117302,"#I️t

Yo. Fix this bug @115858",@624056 Here’s what you can do to work around the issue until it’s fixed in a future software update: https://t.co/xXaXeeSRt9
2117326,"Sooo about this ""this accessory may not be supported"" message I've been getting over the last 2-3 days no matter which charger I use @AppleSupport",@624065 We'd like to help. Which device are you having this issue with? Let us know in DM. https://t.co/GDrqU22YpT
2117922,Is @115858 going to fix this I️ thing or what?? It’s super annoying😑,@624206 Here’s what you can do to work around the issue until it’s fixed in a future software update: https://t.co/xXaXeeSRt9
2117925,Yo @115858 I’m not going to continue paying my iPhone 7+ off til you fix this glitch you not glitching me into upgrading!!!! #iphoneglitch https://t.co/DoYV9zZrM4,@624207 Here’s what you can do to work around the issue until it’s fixed in a future software update: https://t.co/xXaXeeSRt9
2118403,@AppleSupport Yes..!,"@624319 OK, thank you. Which iOS version is installed currently? You'll find that from Settings &gt; General &gt; About."
2121101,I feel like twt gave me 280 characters a few hours after my complaining today in fear of my spam of complaining memes bc you bet your ass I️ was more than ready to bust out my memes to continue my rant on why I️ didn’t have enough characters to tell the world I️ love Minhyuk https://t.co/cgCDYAJw56,@624948 Here’s what you can do to work around the issue until it’s fixed in a future software update: https://t.co/xXaXefaskH
2122559,@AppleSupport The issue still persists.,"@625303 Okay, thanks. Is this only happening in your Mail app?"
2125068,I️ have iPhone 8 but this shyt still acting dumb...@115858 need to fix these updates or something. There’s no reason my phone should be crashing while I’m sending long meaningful ass paragraph via text...now I️ have to restart from scratch😡😡😡,@506328 We want to help. Please share with us in DM if this only happens when trying to send a message: https://t.co/GDrqU22YpT
2125070,Nobody update your iPhone if you haven’t yet bc it’s trash. I️ have to restart my phone every time I️ try to open apps. Thanks @115858 ✊🏼🚮,"@625823 Let's look into what's going on together. To start, DM us which iPhone and iOS version you're having issues with. https://t.co/GDrqU22YpT"
2125135,@AppleSupport pls explain why my phone went down 50% in an hour and then when I plugged it in it immediately shot back up to 73%???HELP,@625845 We can look into this issue together. Which iOS version is your device currently running?
2125771,Hey @115858 can you fix this I️ ?,@626010 Here’s what you can do to work around the issue until it’s fixed in a future software update: https://t.co/xXaXeeSRt9
2125985,@115858 CAN YOU FIX THIS PROBLEM SO WHEN I SAY I IT DOESNT GO I️ I️ I️ I️ COME ON,@626066 Here’s what you can do to work around the issue until it’s fixed in a future software update: https://t.co/xXaXeeSRt9
2127269,@115858 please correct the keyboard issue- #annoyed,"@543449 Fill us in via DM on the issue you're experiencing with your keyboard and on which device, then we can help out. https://t.co/GDrqU22YpT"
2127333,I’m trying to update to High Sierra but my Mac has decided to be the slowest thing ever thanks @115858 @AppleSupport https://t.co/MBi9xQf2Nn,@626355 It can take time to update. DM us if you're still having issues. https://t.co/GDrqU22YpT
2128162,"@AppleSupport no, I️t happens with Spotify, YouTube, Apple Music",@626525 Let's continue from DM to see what we can do: https://t.co/GDrqU22YpT
2130375,"Yooooooo you going to fix this ""I"" problem??? @AppleSupport",@627050 Here’s what you can do to work around the issue until it’s fixed in a future software update: https://t.co/xXaXeeSRt9
2131181,@115858 I️ &lt;&lt;&lt; this shits gotta go!,@627227 Here’s what you can do to work around the issue until it’s fixed in a future software update: https://t.co/xXaXeeSRt9
2133511,"@AppleSupport My iPhone has 2000 Photos in the https://t.co/ghnl0L4VlC, my iPad has (the correct amount of) 40k. What’s wrong here?",@627754 We'd love to take a look. Which devices and iOS versions are you using?
2134855,"Ever since Steve jobs died @AppleSupport hasn’t been the same ; i spent $700 on a new iPhone 8 and it freezes like crazy ; shut off when it wants , stops working when it wants wtf I’m pissed , money doesn’t grow on trees , aren’t these products meant to be durable?",@628083 We want to ensure you're able to enjoy your new iPhone and we're going to do all we can. Join us in a DM to get started. https://t.co/GDrqU22YpT
2134892,@AppleSupport why don’t you fix your  updates before you release a new phone. My phone is non stop glitching and I’m getting fed up,@628096 We'd like to look into this with you. DM us what's happening and we'll get started. https://t.co/GDrqU22YpT
2134905,"Dear @115858, fix the I️ problem, please. It’s annoying and poor form.",@628101 Here’s what you can do to work around the issue until it’s fixed in a future software update: https://t.co/xXaXeeSRt9
2136630,"@115858 really must have something against the capital “I️” First, it was their naming convention, now, this stupid #iPhone glitch. #StopIt",@628531 Here’s what you can do to work around the issue until it’s fixed in a future software update: https://t.co/xXaXeeSRt9
2136680,@115858 when are y’all fixing this bug that came with your new update?! 💁🏿‍♂️💁🏿‍♂️💁🏿‍♂️,@628551 We'd like to see how we can assist. What issue are you experiencing please?
2137291,@AppleSupport I thought the new IOS update 4.1 was supposed to allow you to stream music on watch. How do you do that?? What app is that? There isn’t exactly directions lol,@618630 We're happy to help. The steps here may help: https://t.co/kPrTO9IGph
2138229,"@AppleSupport Hey Apple, since getting my iPhone X, my watch series 3 is acting up. WiFi won’t stay knocked off from it and even tho the screen on my phone is awake, my watch still dings telling me my new messages even tho I’m looking at it on my phone.",@377491 We want to be sure your iPhone and watch are working normally together. Does this happen with every app notification you get?
2138907,"my phone jus died at 36%

don't start ya mess @115858, I am not w| the shit",@629069 We understand fully how important battery life is. Let's take a closer look into what is going on in DM together. https://t.co/GDrqU22YpT
2138939,@AppleSupport IM SORRY WHY DOES THIS UPDATE CHANGE EVERYTHING TO A BOXED QUESTION MARK THIS IS NOT OK,@629084 Here’s what you can do to work around the issue until it’s fixed in a future software update: https://t.co/xXaXeeSRt9
2139847,Excuse me @AppleSupport why does my lock screen not have anything on it? I don’t even have the time up? #ios11 is just full of glitches 🤦🏼‍♀️ https://t.co/5NUFcVs0L9,@629308 We want to be sure you get pertinent information on your Lock screen. Have you restarted your iPhone yet? Let us know in DM https://t.co/GDrqU22YpT
2141014,These questions mark boxes irritating my soul fix it @115858,@629599 Here’s what you can do to work around the issue until it’s fixed in a future software update: https://t.co/xXaXeeSRt9
2142434,"So this is how we gotta fix your ""I"" bug now 🤔 @115858 https://t.co/D0C8yXD70J",@629933 Here’s what you can do to work around the issue until it’s fixed in a future software update: https://t.co/xXaXeeSRt9
2143399,"i finally got a replacement phone for my broken iphone 6 but i forgot my password for my apple id, i was trying to reset it but now apple does this recovery thing that takes hours for my request to accepted. @AppleSupport i just want to reset my forgotten password man",@630175 It's important to be able to use and manage your Apple ID. Let's partner you with our Apple ID team here: https://t.co/UJm15vmMM2
2143948,Yo i did the keyboard shit and that dumb ass ? Shit still popping up. I want my money back @115858 or give me the X and we call it even.,"@630345 If the work around is not working, keep an eye out for a future software update that will address this."
2143978,"Ok, wtf is up with the letter A and that exclamation point in a box when I️ try to type a capital “I “ @115858",@630353 Here’s what you can do to work around the issue until it’s fixed in a future software update: https://t.co/xXaXeeSRt9
2144101,@AppleSupport when do you think ios will have a function to delete cache apps? It is very useful to save memory in devices with low memory capacity,"@630391 To optimize storage, the iOS automatically clears the cache on your device. Learn more here: https://t.co/0yFHFRYSnX"
2149085,"Dear @AppleSupport 
Do not tell me my software is up to date. You are destroying my sanity! I went out on a limb &amp; bought the iPad Pro when it originally came out. Nothing but glitches. Total POS, since the new “Update”. Never again!",@631615 We'd be happy to help you out. DM us and we'll get started. https://t.co/GDrqU22YpT
2149190,They need to fix this damn update @AppleSupport,@631655 We'd like to hear more about the issues you're having since updating. DM us more details and the device you're using. https://t.co/GDrqU22YpT
2151201,@AppleSupport SUCKS - WHY CAN I NOT GET SOMEONE TO HELP ME UGHHHHHHHHHHHHHHHHH,@632206 We're here for you. Send us a DM with details on your concerns and we'll work with you there. https://t.co/GDrqU22YpT
2151217,"@115858  Please help me with this I️ business!!!!! I️ tried everything with the text replacement and nothing is working!!! Thank you, annoyed customer.",@632209 Here’s what you can do to work around the issue until it’s fixed in a future software update: https://t.co/xXaXeeSRt9
2151262,So is Apple #iphone going to fix this glitch in the update? Eye swear this “a &amp; ? Box” got me heated. I️ wtf @AppleSupport,@632223 Here’s what you can do to work around the issue until it’s fixed in a future software update: https://t.co/xXaXeeSRt9
2152971,Waited SO long for my iPhone x and now that I finally have one it won’t charge 😩😤 @115858 BRAND NEW defective unit,@632632 This is not the experience we want you to have. Let's take a look at this further for you in DM. https://t.co/GDrqU22YpT
2169876,@115858 fix it I️ 😡,@636541 Here’s what you can do to work around the issue until it’s fixed in a future software update: https://t.co/xXaXeeSRt9 https://t.co/GDrqU22YpT
2172791,😭😭 RT @425045: Ok the boxes irritating I updated my phone @AppleSupport  what else do you want from me ???😖,@425045 We're here for you and glad to help. We've got a guide to share with you regarding this issue: https://t.co/xU1AGHStV6
2177217,@115858 my music icon has been frozen for 24hours WHY #FixItJesus,@638146 This isn't the experience we want to hear about and we definitely want you to be able to enjoy your music. Have you tried restarting the device?
2177909,"@AppleSupport 
Hello,i am facing problem while updating to 11.0.03 
after it is downloaded:
UN able to install update 
an error occurred",@638344 Thanks for sharing your issue. Please check out this article to update using your computer and iTunes: https://t.co/80YRnjDFDk
2179495,@115858 please fix my fucking flashlight,"@638713 If you're having issues with your flashlight, we'd be happy to help. To clarify, what's going on with it?"
2193396,So Apple tells us how to fix “i” but then we can’t type words like “it” “in” etc. - no fix... but they can give us 280 characters now...  🤔 bad media for @115858 lately,"@577740 There is a new iOS update available, iOS 11.1.1. There is a fix for auto-correct issues in the update. You’ll want to back up your device before any update. How to back up: https://t.co/4f8hwT5to6"
2193404,why hasn’t @115858 fixed this fucking “i️” problem yet,@641925 We recently released iOS 11.1.1. Can you update your device to see if your issue persists? You can learn how here: https://t.co/80YRnjDFDk
2205770,Apple needs to fix this I️ question mark shit b4 I️ beat them the fuck up get to it fuckin @115858 this shit is the fuck annoying,"@644922 An update has been released to assist with this issue. If you haven’t yet, please back up your device and update it to the latest version iOS 11.1.1. For more info, check out: https://t.co/xXaXeeSRt9"
2205944,"Dear @115858, can you please fix this bug because my I’s are still acting up. I’m a college student trying to secure a job, and my emails look like clip art rather than paragraphs.","@644984 An update has been released to assist with this issue. If you haven’t yet, please back up your device and update it to the latest version iOS 11.1.1. For more info, check out: https://t.co/xXaXeeSRt9"
2206136,@AppleSupport how do I️ stop the keyboard making these weird symbols when I️ type the letter I️. The letter after H. I️ can’t take it anymore. I️ think I’m going crazy.,@645029 Here’s what you can do to work around the issue until it’s fixed in a future software update: https://t.co/xXaXeeSRt9
2206958,@AppleSupport How do I recover the password from an Apple ID that you claim it doesn't exist? https://t.co/y2rcNX0gC3,@645248 We're happy to look into this with you. Please meet us in DM and we'll take a close look. https://t.co/GDrqU22YpT
2206963,@AppleSupport I have DMd the issue. Its been a mess. The UI is unresponsive in many cases,@645250 We've received your DM and will continue with you there! Be on the lookout for our message. Thank you!
2207007,@AppleSupport The camera app reverts back to HD 60fps from 4k randomly. Very frustrating when you realise you’ve just filmed in HD.,@260881 We'd like to hear more about this. Send us a DM by clicking on the link below. We'll continue there. https://t.co/GDrqU22YpT
2207518,"Seriously @AppleSupport your new iOS updates suck. Since I’ve updated today, apps keep freezing on me.",@645403 Thanks for reaching out. We're here to help. DM us so we can look into this further with you. https://t.co/GDrqU22YpT
2207559,@115858  fix this “ I️ “,@645411 Check out Settings &gt; General &gt; Software Update. There should be a fix waiting for you! Don't forget to complete a backup first: https://t.co/4f8hwT5to6
2207589,@AppleSupport You’re right that is the logical thing to do. I’ll try that in the morning.,"@645420 Sure thing. Please let us know when you've isolated the issue, if iPhone use this handle. If the Beats are the issue, reach our Beats Twitter team here @159983."
2207636,@AppleSupport This one https://t.co/SxFN7c39iQ,@645435 Thanks for reaching out. May we ask which iOS version you're currently using?
2210685,I just want to see my battery percentage again. Come on @115858 give it back. #ThanksObama #FirstWorldProblems,@646148 We want to help. Which device is giving you this issue? What iOS version do you have?
2220753,@AppleSupport no why do u think it would be any diffrence ive been threw this a million times myself i do no how to download latest itunes it just fails when trying to install,"@648612 Are you receiving a specific error message when installing? Are there any other Apple software components installed? If so, let us know if it helps to uninstall in the order recommended in this guide: https://t.co/UnjgkUaHrZ https://t.co/GDrqU22YpT"
2221584,@648844 @AppleSupport @136221 @117159  https://t.co/o5TSn8fhAQ,@648844 Here’s what you can do to work around the issue until it’s fixed in a future software update: https://t.co/xXaXeeSRt9
2230030,Is your iPhone X front speaker making crackling noise when volume is raised above 70-80% ? https://t.co/Lw3bybwTvP,"@650793 We love to help out. Congratulations on your new iPhone X! Let's get you back in working order. Does this happen with notifications, alarms, speaker phone, and music? Did it occur during first use?"
2237178,"My phone isn't downloading apps its always says ""waiting"" ben that way for days anyone know what I can do? @AppleSupport",@142817 We know how essential it is to keep your apps up-to-date to ensure you have access to the latest features. We'll be happy to work with you to resolve this. Are you using cellular or Wi-Fi to download your Apps?
2237263,Only @115858 would send me to a verified Apple tech only for the tech to tell me he can’t do shit! My warranty expires in 5 days. Apple explain yourself,@652399 We'd like to look into this a bit further. DM us what country or region you're located in. https://t.co/GDrqU22YpT
2237353,"@AppleSupport seriously, how long does it take to release an update to fix this I️ ? Making me hate your product","@652428 iOS 11.1.1 was recently released and it includes a fix for autocorrect issues. Be sure to back up your device prior to updating, and let us know if the issue persists afterwards. How to back up: https://t.co/4f8hwT5to6"
2238133,".@115858 / @AppleSupport love the new iOS for iPhone but for the love of Pete, please add on/off toggle for GPS location to swipe up menu.",@652641 We can help get you to the right place to make your suggestion. Provide your feedback here:  https://t.co/eTPVYVFyd8
2238949,Completely locked out. @115858 @AppleSupport I can remember my username and password. I can't remember the answers I gave to these security questions. Locked out and sent back to start with only 'forgot password' option. Total road block. Total loss of user control over my ID. https://t.co/prU7Sy2VSJ,@652845 We'd like to help. Let's take this to DM and we'll explore ways to provide you assistance. https://t.co/GDrqU22YpT
2242115,@115858 @AppleSupport dopo innumerevoli tentativi di attivare #iMessage (20€ di sms a Londra) ho risolto! il problema è #iCloud ! il numero personale inserito in icloud deve essere uguale a quello in rubrica! CI VOLEVA TANTO???,@653673 We offer support via Twitter in English. Contact us for help in your preferred language here: https://t.co/IBIY3vMgPj
2246972,@115858 how long does it take to patch the I️ problem? You guys get millions everyday a hotfix should be ezpz,@654829 Thanks for reaching out.  We know how important it is for your auto-correct to work as expected and we'll do everything we can to assist.  Have you had a chance to update to iOS 11.1.2?  Let us know in DM. https://t.co/GDrqU22YpT
2253541,"Updated my phone and now my phone is malfunctioning, it’s broken and I feel like @115858 @AppleSupport are forcing me to buy a new iPhone.  When I’m a broke college student...I was fine with my phone before I updated it 😒🙄","@656473 Thanks for reaching out to us for support. We would love to help you. When you have a free moment, can you please send a DM and tell us specifically what is going on with your device? https://t.co/GDrqU22YpT"
2261419,@115858 should put the option of low battery mode on the control panel you pull up. I hate having to go to settings to find it every time.,"@658419 Low Battery Mode is available for use in Control Panel. For help with adding it to yours, take a look at: https://t.co/vodH4madjc"
2261506,"“People these days only text each other, they never call each other.”

First of all, my phone doesn’t place calls since the new iPhone update. 

@115858 @AppleSupport","@658440 We’d love to help. To start, which software version are you using? Are you prompted for a carrier update if you tap Settings &gt; General &gt; About? Also, what behavior do you experience when you try to place a call?"
2261581,@AppleSupport It just keeps glitching and some apps take so long to load,@658462 We understand wanting this fixed. Are you fully updated iOS 11.1.1?
2263582,.@AppleSupport I'm wondering why my iPhone 6S bricked whilst updating to iOS 11.1.2.  #goodtimes,@307940 We're here to help. Let's take this to DM so we can better assist you. https://t.co/GDrqU22YpT
2266091,@115858 fuck u &amp; ur phones.,@659602 It's important that you have an iPhone that works. Join us in DM with details on what is happening with your device and we'll work on it together. https://t.co/GDrqU22YpT
2269969,We can’t download Instagram on the newest iPad ? I can’t find it in the App Store @115858 @AppleSupport,"@660523 We'll do all we can to assist with this. If you go to the App Store and use the search function, you do not see Instagram? It may not be available in all regions. In what country are you located?"
2269984,@AppleSupport How come half of my iPhones storage is dedicated to “system”. Will I eventually run out of space with all these iOS updates?,@660529 There's a number of things that this storage can be comprised of. We can take a look at it if you'd like to send us a DM. https://t.co/GDrqU22YpT
2273947,"Dear @115858, get your sh!t together. There is no reason I️ should pop up instead of the letter, forcing me to type “eye” instead.",@661410 We'd like to help. Let's take this to DM and we'll explore ways to provide you assistance. https://t.co/GDrqU22YpT
2273962,@115858 when are you guys gonna fix this 🤬 I️ 👈🏽👈🏽👈🏽,@661416 We want to help. Which version of iOS do you have installed on your device? You'll see this in Settings &gt; General &gt; About.
2274027,When is @2315 going to be updated so it fits properly on the @115858 iPhone X? It appears way too big and you can’t see the items at the top of the screen.,@661436 Thanks for bringing this to our attention. You can reach out directly to the app developer to let them know more about the changes you’d like to see implemented in their particular app. This link has more details: https://t.co/sftWFAeeME
2276277,@AppleSupport And it continues... @115858 do something https://t.co/Af0jjfqI3Y,@662051 Have you had the chance to update your iOS to the latest version?
2276657,@AppleSupport Yes updated,"@641917 Perfect, thank you for letting us know. Did this resolve the issue for you?"
2277625,"my phone is at 19% and was at 68% when i went for my break 33 minutes ago, alright @115858 sort it tf out","@662335 We’re glad to help out. It seems like there may be a little going on in the background. Have you had a chance to check out the article below? It has great tips and tricks to get the most out of your battery.
https://t.co/TpjqFp3jxD"
2277638,@AppleSupport Iphone7. It happened after the release of the update (still on ios11). I updated to fix and the problems persisted. The camera &amp; phone work intermittently. Video is on a loop - camera resets. FaceTime &amp; Phone calls won’t connect.,@662336 We definitely want to take a look into the issues you're experiencing since updating to iOS 11. Could you tell us which device these issues are occurring on to begin?
2277689,@AppleSupport So here's the update. Any wired headphones having sound/call control wouldn't work in increasing/decreasing volume or take calls. While any Bluetooth headset would work fine letting me use all the control.,"@662345 That's very helpful information, thank you! Next, we'd like to verify some support options for your device. Please send us a DM and let us know which country you're located in. https://t.co/GDrqU22YpT"
2277978,@115948 @115858 @AppleSupport   Why isn’t my phone working. I’ve been trying to upload ONE SONG to a playlist for the past two hours and it’s still loading and won’t let me. It’s getting kinda annoying at this point.,@662408 We're here for you!  Which device and iOS version are you using?  Is this Apple Music or just from your iTunes library?
2278729,@AppleSupport why is my wifi on all the time?! I don’t want to use WiFi. And my internet is slow! Wtf this is a brand new phone.,@662551 We want to help out. Does this article help with Wi-Fi on iOS 11? https://t.co/G7BHuQnDS6
2278858,For instance @115858 when are you gunna fix my fuckin I button I️ refuse to change it in my shortcuts it shouldn’t come down to this,"@662582 An update has been released to assist with this issue. If you haven’t yet, please back up your device and update it to iOS 11.1.1. For more info, check out: https://t.co/4f8hwT5to6"
2279153,"@AppleSupport All my emails including gmail were asking for password, and when I provide the correct password, the pop up screen went blank.",@662641 We'll do all we can to assist. Who are the providers for your email accounts? Are they POP or IMAP? Have you done any troubleshooting on your own? We ask that question so we don't ask you to repeat steps?
2280335,Can @115858 fix this damn glitch?!,"@662902 We're happy to help. Please tell us your device model, the iOS version installed and details of the issue you're experiencing. We're delighted to help get things sorted out."
2280541,"@AppleSupport I ain't livin' that long, yall need to fix that https://t.co/XvydHYqir8","@662947 Hello. Check out this link for help with a disabled iPhone:
https://t.co/F1QfwW1u1N"
2280919,@AppleSupport My Apple Music app wont play any of my songs!,@663035 We're here to help. What happens when you try to play a song? Are you getting an error message. Let us know to continue.
2282663,"Are there major @118936 issues at @115858 ?? Techs overwhelmed, chats spinning waiting.... what’s going on??",@663443 We'd like to look into any issues you're having. Please DM us more about what's happening. https://t.co/GDrqU22YpT
2283111,Oh so my i still broke. Ok @115858,"@663543 Thanks for reaching out. Are you currently updated to iOS 11.1.1? If so, let us know where you're still seeing the issue and we'll take it from there, in DM https://t.co/GDrqU22YpT"
2283124,@115858 HOW DARE YOU?!?!? https://t.co/u6NWNRuNQV,@663547 We'd like to look into this with you. Was the album purchased through iTunes or downloaded through Apple Music?
2283807,"Hey @AppleSupport, are you phasing out old Apple TV's? All of the sudden NOTHING shows up?! A little crappy for a Friday night. #help https://t.co/kCJDiraJCv",@364015 We want to make sure you get to the right place for help working through this issue. Let's have you reach out to our Apple TV experts for further assistance. You can contact them here: https://t.co/IBIY3vMgPj
2283815,@115858 @AppleSupport eye am tired of substituting eye with other words because this is what eye looks like I️,@663695 We'd like to help. Let's take this to DM and we'll explore ways to provide you assistance. https://t.co/GDrqU22YpT
2283829,@116333 very Bad experience  from apple..  Even not got any kind of reply to my email from a ceo of a company. It shoes that they don't care about customer relation just beacse they are a big brand.,"@663702 We do care about your experience and want to work with you to see what's going on. To start, send us a DM and tell us what happened using the link below: https://t.co/GDrqU22YpT"
2284651,@115858 WHEN THE FUCK ARE YOU GOING TO FIX THE “I️”,"@663913 We've recently released iOS 11.1.1, which includes a fix for autocorrect issues. Let's create a backup and update your iPhone, following the steps here: https://t.co/80YRnjDFDk"
2284699,"@AppleSupport Just updated iOS, i believe that issue is fixed. Thank you for your prompt response","@663932 Please tell us which issue you are seeing. We recently released an iOS update, 11.1.1, that contains a fix for autocorrect issues. Let’s be sure to back up your device prior to updating. How to back up: https://t.co/4f8hwT5to6"
2285157,@AppleSupport offloading half of my apps was the worst thing you could do 😡,"@166747 We certainly understand your concern, and we're here to help. Check out this article for help with what to do if your payment information is declined: https://t.co/U96y4MTG7k"
2285161,@AppleSupport why can't I see what apps are using data? https://t.co/jUZ2XzXZsi,"@664042 Let’s work together to figure out why your apps aren’t appearing in your cellular settings. Which device and iOS version are you using? Check Settings &gt; General &gt; About to find out. Also, be sure to restart, as restarting can help to resolve unexpected behaviors."
2285202,"@AppleSupport Updated to iOS 11.1.1 on an iPhone 8. Since then, phone is completely unresponsive. Can't open any apps, can't force restart it, can't turn it off. Only thing I can do is unlock it.",@664055 We'd like to help get your iPhone up and running again. Try the steps listed here: https://t.co/8MvHMFZ83h Let us know if the issue persists.
2285605,@115858 @AppleSupport There are many problems on my MacBook Pro. Customer service unable to help. What should I do ? 😑😑😑,@664167 We'd like to see how we can help. DM us and we'll continue with you there. https://t.co/GDrqU22YpT
2285875,"@115858 I don't need or want bluetooth coming on by itself, damnit!",@664238 Thanks for reaching out.  Let us know if this helps with the issue you're seeing: https://t.co/G7BHuQnDS6 https://t.co/GDrqU22YpT
2286262,The “I” thing is good now but my music control on my lock screen is now not working. What the hell @115858,"@664342 Let's get to the bottom of the situation. When it's not working on the lock screen, are you able to use things in Control Center? Is iOS 11.1.1 installed? That can be checked in Settings &gt; General &gt; About."
2286478,We gonna fix this glitch or what @115858,@664379 We're always happy to help. What type of issue are you having?
2286706,@115858 I’m too poor right now to buy a new phone pls stop messin with my music,@664423  Hello there. Could you let us know what's specifically going on with your music; what's the device model being used to listen to your tunes?
2286724,"@AppleSupport New Version, Iphone 6 plus, CPO from a warranty exchange","@664427 Thanks for reaching out to us today. We know how important your battery life is, so we'd be happy to look into what's going on. To start, can you let us know which iPhone and version of iOS 11 you're using?"
2286923,"Getting frustrated with @115858 my phone screen just decided to stop working. Did a reset and now only 300 of my 6,000 photos are showing up....but why?",@664474 Photos help tell the story of our lives. We have a team of experts who will be the best source of help. Please reach out to them here: https://t.co/IBIY3vMgPj
2287267,@AppleSupport I lost my I pod and can't find it,@387633 Let's look into this for you. This page may be able to provide some guidance: https://t.co/OoTfWcvYWI
2287384,@AppleSupport @115858 😒😒😒 updated to ios 11.1.1 + now my battery is draining faster than ever #help,"@664584 We can help. Have you seen our page here that helps to maximize battery life: https://t.co/EOu8EIfQ3u go ahead and try any applicable info/steps from there, if you haven't already, and test things out afterwards. Let us know the results in DM. https://t.co/GDrqU22YpT"
2287891,Dear @115858 your new update makes me want to back my car over my iPhone! This crap with the text changing to symbols is stupid annoying! #iphoneupdatesucks,"@664712 That's not what we want to have happening with updating iOS on your iPhone, but we may have a fix for what you are seeing. Are you getting an A? symbol with a box when you type an I?"
2288304,"@115858 when’s the next iphone update, my phone is literally so shitty because of ios 11",@664808 We're here to help. Send us a DM with more details about what you are experiencing with your device. https://t.co/GDrqU22YpT
2288318,@AppleSupport just got the newest update 11.1.1 and my camera shakes uncontrollably from the main lense/will not focus ... front camera is fine. Please fix,"@664812 We've got you covered. Does the camera shake or having difficulty focusing when recording video as well? Also, which model iPhone are you using?"
2288435,@AppleSupport How can I change the podcast app to show episodes sequentially and do they play back to back? #ios11update,"@664850 Hey, we can provide some more information. Send us a DM and we'll work together from there. https://t.co/GDrqU22YpT"
2288624,Yo @115858 what is the deal with the autocorrect on the letter I️ ? I️ thought you’d have this fixed by now...,"@664902 iOS 11.1.1 was recently released and it includes a fix for autocorrect issues. Be sure to back up your device prior to updating, and let us know if the issue persists afterwards. How to back up: https://t.co/4f8hwT5to6
Questions? DM us. https://t.co/GDrqU22YpT"
2291530,@AppleSupport Everything is good now thanks for your help,@665530 You're most welcome.
2293122,@115858 picked up X today. Beautiful!  Horrible store experience....just horrible!,@665914 That's not what we like to hear. Please click here to coin us in DM and provide us with the details. https://t.co/GDrqU22YpT
2294097,"I️ saw Hasan Minaj on the street in the East Village and told him I️ loved his work.  He told me “I️ love you, too!” which made my week. https://t.co/67YZ45ZH2V","@666168 OS 11.1.1 was recently released and it includes a fix for autocorrect issues. Be sure to back up your device prior to updating, and let us know if the issue persists afterwards. How to back up: https://t.co/4f8hwT5to6"
2294643,@AppleSupport I’ve had to reset my phone back to factory settings 3 times cause it was stuck in reboot (this month). How can I stop this?,"@666306 We know how important it is to be able to rely on your iPhone, and we want to help. Which software version are you using? Also, when you've restored your iPhone, did you set it up as new or from a backup?"
2294679,I️ swear @115858 used this last update to fuck with our devices to force us to have to buy new ones... first my iPad can no longer connect to WiFi &amp; now my phone drops calls constantly🙄 #AppleUpdate,"@647239 We want you to be able to use your devices after updating. In DM, please let us know which software version you're using on each one, and we'll be happy to help. https://t.co/GDrqU22YpT"
2295258,@AppleSupport why does #donotdisturb not work???,@666474 We'll be happy to see if we can't help find out why it's not. What exactly are you experiencing?
2295902,"Has anyone else on #iOS11 noticed that whatever WiFi network you select, it keeps defaulting to the first one you connected to during setup?@AppleSupport",@385361 We'd like to take a look into this issue together to get it resolved. Which device are you using that has this trouble occurring? Have you updated to iOS 11.1.1?
2296178,"@AppleSupport  after updating to IOS 11.1.1 Personal hotspot its not working. Page just flickers 😡
Its not my phone, since it was just replaced","@666675 We know Personal Hotspot makes it simple to share your cellular internet, and we want to help. Please send us a DM and tell us which country you're in, and we'll find a way to help. https://t.co/GDrqU22YpT"
2296892,"@116333 as much as I love my new iPhone X, i just like to inform you that the new iOS update is making my phone lag for some odd reason. I hope you guys resolve this issue soon. Thank you!",@666820 We'd like to help with your new iPhone. Send us a DM with more information on what's going on to get started. https://t.co/GDrqU22YpT
2297284,@115858 I’m really pissed off that I spent $1700 on a fucking laptop and now the WiFi won’t work because of the latest OS update. Fix this.,"@519160 You have come to the right place. We're eager to help with your Mac's connectivity. Please tell us more about what's happening with Wi-Fi. Are you unable to turn it on, is the Mac not finding any available networks or something else?"
2298036,"Can anyone tell me why I just deleted 6 GB worth of photos and videos off my iPhone 6S, and somehow have the exact same amount of storage used after restarting my phone?",@532900 We'll help. Check your Recently Deleted album in the Photos app. That hangs on to deleted photos for 30 days in case you need them back. Delete from there and you should see the space appear.
2298084,@115858  i just wanna know why my phone is dying while plugged into a charger 🙃 please and thank you,"@667105 Thank you for reaching out to us. We're here to help. To start, are you using an Apple-branded charger? Is it connected to a wall outlet?"
2298087,I️ I️ I️ I️ I️ I️ I️ I️ I️ I️ I️ I️ I️ I️ I️ @AppleSupport,"@667106 iOS 11.1.1 was recently released and it includes a fix for autocorrect issues. Be sure to back up your device prior to updating, and let us know if the issue persists afterwards. How to back up: https://t.co/4f8hwT5to6"
2299384,@AppleSupport when tf are y’all gonna fix that issue with the letter “I️” because I’m tired of looking stupid when I️ post 😭😠,@667410 Thank you for reaching out to us. We'd like to gather more information from you. Can you provide us with the iOS version your device is running on? https://t.co/GDrqU22YpT
2299397,@AppleSupport ugh this High Sierra install has been a complete pain in the %#^* I wish you’d warned us of all the things that wouldn’t work as a result 😡,"@400013 We want to make sure that High Sierra is working as seamlessly as possible. In order to do so, we'd like a few more details of the issue. Please meet us in DM with specific of the issue, and we'd be happy to help! https://t.co/GDrqU22YpT"
2299847,.@AppleSupport The new iphone updates keep making my phone freeze or stall. 🙁,@431445 We'd like to help. Let's take this to DM and we'll explore ways to provide you assistance. https://t.co/GDrqU22YpT
2299864,Terrible keyboard lag on iPhone X which I didn’t expect with such a fast processor. @AppleSupport any ideas? https://t.co/BN6zbFqeNv,@667520 We'll do all we can to help out with this. Have you already updated to iOS 11.1.1?
2300145,"Hey, @115858 @AppleSupport are you guys trying to use my phone without permission. Check out below. Happening repeatedly since last night’s #IOS11 update. https://t.co/KPdKskCnJL","@667590 Let's take a look into this together. Meet up with us in DM, and we'll team up and get working on some solutions for you. https://t.co/GDrqU22YpT"
2300391,@AppleSupport why is “I️” replaced with “?” ?!?!,"@667666 iOS 11.1.1 was recently released and it includes a fix for autocorrect issues. Be sure to back up your device prior to updating, and let us know if the issue persists afterwards. How to back up: https://t.co/ui8Itz8ESg"
2300395,@AppleSupport Im using Iphone SE that is already updated with the latest version. I have the phone in silence mode but in vibration mode also. So whenever someone calls me or I get a notification on instagram it should just vibrate.  But instead starts ringing when someone calls me -,@667667 We want to help get your phone working the way it should. Let's continue in DM. https://t.co/GDrqU22YpT
2300912,@AppleSupport is there a reason when I updated my phone that my whole entire Apple Music download list has been wiped from my phone? I just lost a TON of my music,@667796 We’d be glad to help with this. Can you start by confirming if you are using iCloud Music Library? You can learn more about this here and start with these basic steps: https://t.co/eMSjstcQ7e
2301170,@AppleSupport what’s the point of having another update if this one is a piece of shit !!! I️ can’t even have full sentence without a fuck box popping up for I️ 🤷🏻‍♀️🤷🏻‍♀️🤷🏻‍♀️,"@667869 An update has been released to assist with this issue. If you haven’t yet, please back up your device and update it to iOS 11.1.1. For more info, check out: https://t.co/4f8hwT5to6"
2301745,"@AppleSupport asking for a serial number on the ""password reset"" help option is not helpful when you need to be able to access your phone to get the serial number.","@667997 No worries, there are other ways you can find both your serial number and IMEI! Check out our page here: https://t.co/YY64eEMYwP"
2302112,"@AppleSupport Hello teamApple, order number W421888395, I need to talk urgently about delivering this order nearby, ur phone is not dialin",@668084 Our Sales Support team can help. Try reaching them with the 800 number found here:  https://t.co/8yjRd1Xo0i
2302714,Woah @AppleSupport my phone was on 19% on my lunch at 2 o’clock put it down on low power mode just lifted it up again on my break and it’s on 10% even though it hasn’t been touched since 2 o’clock?,@668208 We want to help with the battery issues you're experiencing. Join us in DM with additional details to get started: https://t.co/GDrqU22YpT
2303398,@AppleSupport Really Apple you canceled three of my ordered including one for a iPhone X,@668374 Let's get you in touch with our sales experts for help with your order status. Reach out here: https://t.co/8yjRd1Xo0i
2304011,Ever since this new iPhone came out all my apps have just suddenly started crashing out of nowhere like @AppleSupport hellooo??,@668523 We want to help you get the stable experience you expect from your iPhone. Send us a DM and tell us which version of iOS you're using. You can find that in Settings &gt; General &gt; About &gt; Version. https://t.co/GDrqU22YpT
2304022,There are no words to describe how annoyed I️ am with how @115858 decided to change the WiFi enabling and disabling method.,"@125740 An update has been released to assist with this issue. If you haven’t yet, please back up your device and update it to iOS 11.1.1. For more info, check out: https://t.co/4f8hwT5to6"
2304052,"I️ am pretty sure this iPhone 11.1 update screwed up my phone, very disappointed in this latest update @115858 🤧","@668535 We'd like to help any way we can. What's your model and to make sure, is iOS 11.1.1 the version installed?

What's happening with it currently and have you tried any steps already? We wouldn't want to repeat any you've tried."
2304279,"Also why do I️ have the stupid I️ bug?! I️ haven’t updated it, brand new phone and it just started doing it! Wtf @115858",@668593 You're in the right place for help! A resolution for the auto-correct issue has been provided in our most recent update. We do recommend updating the iOS to resolve this issue. Those steps can be found here: https://t.co/80YRnjDFDk
2304580,@AppleSupport battery life on iPhone 7 after the update to iOS 11.1.1 sucks big time :/,"@668664 We can get to the bottom of this together. It's good to see that your iPhone is up to date, do you have any app updates available? To check, open the App Store and tap ""Updates""."
2304644,So apparently it’s not this either bc there’s more than enough balance and I’m annoyed bc I still can’t update. @115858 why https://t.co/8AuSDf35os,@668681 We're here to help. Let's try the steps listed in this support article: https://t.co/U96y4MTG7k
2305115,It really sucks that my sister's IPhone has been messing up. It turns off whenever it feels like it and it starts to delete pictures out of no where. Her alarm doesn't even work and she has to use a Samsung tablet. She even tried to update it and it doesn't even let her. @115858,"@668803 We'd love to help your sister get everything figured out. Have her reach out to us. Or, if you have her iPhone we can get started."
2305134,@AppleSupport WHY DOES MY IPHONE 7 KEEP FREEZING 🤦🏻‍♂️,@668808 We can take a look into this for you. When did you first encounter this issue?
2305504,This is popping up here now.. ridic @AppleSupport https://t.co/vALnQPm4FC,"@668894 We want to help you. If you haven’t yet, please back up your device and update it to the latest version iOS 11.1.1. For more info about this update, check out: https://t.co/xXaXeeSRt9"
2305972,@AppleSupport Same case I’ve had on it since I bought it two years ago. And front facing camera is the only way I can get it to stop. Nothing extra on the phone,"@669014 We'll do everything we can to help. Is there a case or screen protector on the iPhone? Are any external lenses being used with magnetic mounts? Does this happen with both the main rear-facing camera and with the front-facing (""selfie"") camera?"
2307029,Just wondering when @115858 is going to fix this “I” problem that auto changes to I️,"@669267 Thanks for reaching out, we've released a new update that should have fixed that issue. Have you already downloaded and installed iOS 11.1.1? Let us know in DM. https://t.co/GDrqU22YpT"
2307511,"@115858 Autocorrect needs attention! I am never ever trying to type ""Thy"" when I type ""th"". Never. Ever. Fix it! I want the atheist version.","@669378 We recently released an iOS update, 11.1.1, that contains a fix for autocorrect issues. Let’s be sure to back up your device prior to updating. How to back up: https://t.co/4f8hwT5to6"
2307514,Why am I still seeing question marks is a box 🤬@115858,"@669379 iOS 11.1.1 was recently released and it includes a fix for autocorrect issues. Be sure to back up your device prior to updating, and let us know if the issue persists afterwards. How to back up: https://t.co/4f8hwT5to6"
2307564,"Hey @AppleSupport, your update for High Sierra ... 👍🏻 Black Screen, Folder with an interrogation point, nothing to do.. well, I can’t work today and tomorrow. Thank you! #apple #update #issue",@669394 We'd like to help you get this resolved. Let's start by trying to boot the computer in safe mode: https://t.co/PQ4LSYhUTY DM us if this doesn't work. https://t.co/GDrqU22YpT
2307575,@AppleSupport Please I need to know if anyone else have battery draining issues after upgraded to ios 11. I bought my iphone 8 and i dont know if the problem is the phone or ios...,@669398 We'd like to look into this with you. DM us details of the battery issues you're having with your iPhone 8 and we'll work with you on resolving the issues you're having. https://t.co/GDrqU22YpT
2307959,@AppleSupport Hi version 10.2. Trying to do it wirelessly. Don't have a laptop! :(.,@669478 Let's see what we can do about that. Check out this article that helps with updating wirelessly and let us know what you discover: https://t.co/Ui1yTnOCUz
2308014,@115858 please fix this “a ? Box” shit cuz it’s ugly to look at,@669491 Thanks for reaching out. We recently released iOS 11.1.1 that may have fixed the issue. Have you already updated? Please reply in DM. https://t.co/GDrqU2kzhr
2311354,"@AppleSupport Hello, Do you have a store in Riyadh, Saudi Arabia, where is its location?","@668806 We appear to have several Apple Authorized Service Providers, https://t.co/18JCQVHsfk can help find those for your product."
2312112,@AppleSupport can you guys help to restore my iPhone to put a new account on it?,@670526 We certainly can help you. Follow the steps here to get your device restored to factory settings: https://t.co/swvuDDNFQT  DM us if you are unsuccessful: https://t.co/GDrqU22YpT
2313951,@AppleSupport @115858 You guys this is strange. Got a solution in the pipe or what? https://t.co/Y2bJtX1Nfe,"@670996 We'd be happy to help. What version is your device on? If you are not on 11.1.1, back up your device and go ahead and update to resolve this issue. If you are already on 11.1.1, send us a DM. https://t.co/GDrqU22YpT"
2321195,@AppleSupport so i just updated my phone to 11.0.3 Now i cant adjust my display brightness. Its automatic. I dont want it to self adjust.,"@347023 We've got your back. Check out ""About brightness levels"" here: https://t.co/bkqEVCrK2l Let us know if that helps."
2321412,"ok @115858 we are tired of see the stupid question mark box when someone types ""I"" fix it","@671344 Thank you for reaching out to us. We know how important it is to have this resolved as quickly as possible. To start, have you updated your device to 11.1.1? You can update your device by following  these steps: https://t.co/80YRnjDFDk"
2321433,Yo ask me if I️ did anything remotely productive this weekend.,@672717 Hi there. We’ve recently released an update which addresses this issue. Don’t forget to create a backup of your device before you update: https://t.co/xXaXeeSRt9
2321861,Apple Music takes forever to open - guys please remove me off iOS 11 take me back to 10 this is not working?? @115858 https://t.co/1mW4ls0pk8,@454790 We'd love to assist you with this issue. Join us in DM. We'll take it from there: https://t.co/GDrqU22YpT
2321931,"@AppleSupport All good. Finally got it to work! Nothing really happened, just the usual, gotta replace an $80 charger before the year is up. I’ve got so much holiday shopping to do, a third MacBook charger is not on that list anymore!!! Woo hoo! https://t.co/EVqVc5n33v",@672841 We want to help. Would you tell us more about what happened in DM? https://t.co/GDrqU22YpT
2324533,does anyone else’s phone freeze up after the recent update from @115858 ?,@493254 We'd like to help. Which iOS did you update to? Tap Settings &gt; General &gt; About
2324555,Why the search tool on iOS 11 doesn’t find apps by name if they’re partially written? @AppleSupport,@673400 It should be able to update in real-time. Try going to Settings &gt; Siri &amp; Search to see if Suggestions in Search is turned on.
2333311,"@AppleSupport Iphone 7 after upgrade to 11.0.3 wifi is getting auto started after someone on it own ..
Can anyone respond soon",@548668 We can check into your Wi-Fi issue together. Are you turning off Wi-Fi from within Settings?
2335845,@AppleSupport Is an update coming that’s going to make my phone work the way it did before the iOS 11 update? I had a perfectly good phone until that update and now it’s slow and the battery is constantly dying.,@675858 We'd be happy to look into the issues you're experiencing. Please DM us. https://t.co/GDrqU22YpT
2341677,@AppleSupport Here is what i got from last update!! https://t.co/bmzFMtNa9P,@641430 We're here to help. What is the current state of the iPhone? Are you only seeing the Apple logo on startup?
2341690,como que eu faço se depois de instalar o macOS High Sierra o meu Mac tá me mandando restaurar o macOS só que meu macintosh tá bloqueado????? @AppleSupport SOS @115858,"@677350 Since our Twitter support is available in English, get help at https://t.co/IBIY3vMgPj or join https://t.co/pvaOFfPbjt"
2341721,.@115858 is anyone reporting alarm clock problems on 6s? If not I am mine randomly doesn't go off or it's late.,@677359 We'd like to help. Can you tell us which version of software you're using and when this issue began?
2341728,Anyone else agree that a perfectly-working iPhone starts bugging out hard when @115858 releases a new phone??... coincidence? I think not.. #ConspiracyTheory #Dodgerama #TimeToUpgrade #Again #Everytime📱☄️💥🧐🧐🧐🧐,@677361 We'd like to be sure your iPhone is working normally. Can you tell us more about the issues you're having? DM us with more details when you have time. https://t.co/GDrqU22YpT
2342895,@115858 @118936 @AppleSupport @90990 I’ve been charged twice after amending my subscription email how do I get refunded?,@286322 Thanks for reaching out. You can contact our iTunes Store team for assistance here: https://t.co/SDIe7UiyJN
2343657,@AppleSupport Why does my WIFI keep turning on by itself?,"@677814 Thanks for reaching out. To turn off the Wi-Fi feature of your iPhone, go to Settings &gt; Wi-Fi in iOS 11. Toggling from the Control Center only disconnects from the current source. You can learn more here: https://t.co/G7BHuQnDS6"
2343670,@115858 how much will it cost me for a new battery for iPhone 6?!! This stupid phone dies even when it's on 90% !,@677817 We're glad to look into this with you. DM us using the link below. We'll work from there.
2343734,Wtf @AppleSupport some of my most frequently used contacts got deleted in the update? Whyyyyy,"@677836 We understand how important your contacts are, and we're here to help. Send us a DM with your current iOS version and we'll take a closer look at this issue together there. https://t.co/GDrqU22YpT"
2345994,"dear @115858, on iOS 11 I still have to google ""where is the list of my subscriptions"" to find them.","@678366 We’re glad you reached out! This article will explain how to view, change, or cancel your subscriptions on an iOS device: https://t.co/YKDbvueXrq"
2347649,"Who ever you are ..
FUCK OF YEAH
I wasn’t involved in a car crash in the past few months, I was on a motorbike you wanker, how can I block numbers like this? Someone help a dude out! 
@AppleSupport | @284537 https://t.co/1ULhPHfl6S",@678704 We can help with how to block unwanted callers. Check out this article for more information: https://t.co/rYxZGDk3Lz
2349329,@AppleSupport I’m having trouble sending a link to someone via Messenges. Tried several times and it keeps sending it as unclickable text. Any suggestions?,"@679098 Let's figure this out. Does this only happen with a specific site, or all sites? Are you copying and pasting the link or sharing it from the browser?"
2349341,so am I the only one who updated their phone and the battery now doesn’t last even 2 hours?!!! @115858 is really testing me,"@679100 Having reliable battery life is important. We can take a look into this together. First, can you tell us the exact iOS version currently installed on your iPhone?"
2352193,@AppleSupport my mom's phone is acting up. What should we do here? https://t.co/3xXFN3uToj,"@679760 We want to help with this issue. If you turn off Wi-Fi and try verifying using cellular data, does this help? If not, restart your iPhone and try again. DM us what iOS you're on if the issue continues. https://t.co/GDrqU22YpT"
2353624,I use to be able to control my @1016 app from the lock screen. Now I can’t. The. Sucks @115858 is there a work around?,"@680089 Let's look into this issue together. Which iOS version is listed here: Settings &gt; General &gt; About &gt; Version? Also, do you have the ability to control other audio (such as music) from the Lock screen?"
2353670,@AppleSupport my brand new phone went down 10% in 10 min... is that normal,@556498 We'd be happy to help. Here's a few tips to help maximize your battery life: https://t.co/bivpdfBNJ6
2355018,"@AppleSupport give us a way to go back to 10.3 IOS 11 has ruined my battery life, each update makes it worse! I’m blind, depend on my phone!","@389172 We're here to help and will do all we can to work towards a resolution. To help guide us through troubleshooting, may we get the exact iOS version currently running on the iPhone?"
2355151,@115858 FIX THIS GLITCH OH MY GOD,@680420 We'd be happy to help you with your Apple products. What's going on?
2355165,@AppleSupport get these “I️’s” together,"@260556 An update has been released to assist with this issue. If you haven’t yet, please back up your device and update it to iOS 11.1.1. For more info, check out: https://t.co/4f8hwT5to6"
2355877,Last time I update software on an iPhone @115858 it’s HORRIBLE now 💩💩💩,@680601 We are here to help whenever possible. What specific issue are you having with your iPhone currently?
2356587,Just moved to iPhone X and I keep getting this error message. I have no idea which item it is referring to? @AppleSupport @115858 #iOS11 https://t.co/vzHTgRCeR7,@299962 We're happy to assist. Which iOS version are you currently running? Go to Settings &gt; General &gt; About for the version.  Have you recently purchased anything from iTunes or the App Store?
2358777,@AppleSupport I’m keep on having problems with my Touch ID,@681247 We'd like to help with your Touch ID. What is going on?
2358800,I have an iPhone 8 Plus. I updated my phone to iOS 11.1.1 and my phone has been freezing. I’m explaining glitches with my email and music app. Apple what’s good? @AppleSupport @115858,@681254 Thanks for reaching out to us. We'd like to help you and look into this freezing issue further. Please DM us to continue working on this. https://t.co/GDrqU22YpT
2358812,Trust @115858 to suck the life out of my battery after this new update,"@681258 Battery life is important, and we can help. To begin, did you recently update to iOS 11.1.1? Also, how long is the battery lasting before your next charge?"
2360351,The iOS update killed my iPad and has my iPhone acting crazy... I’m NOT upgrading.  @115858 can kick rocks 😂,@681640 What kind of isues are you having? We'd love to help out.
2363175,This “I️ “ so annoying. @115858 get your crap together 😤,"@682314 We recently released an iOS update, 11.1.1, that contains a fix for autocorrect issues. Let’s be sure to back up your device prior to updating. How to back up: https://t.co/4f8hwT5to6"
2364541,@AppleSupport just got the newest update 11.1.1 and i have black screen when i want to use camera !,"@682671 We're happy to help. Does this occur within other apps that use the camera, or just the Camera app itself?"
2366195,"@AppleSupport macOS High Sierra makes my MacPro 2013 crash every time it sleeps when display turns off. My settings are set NOT to take power naps or hardrives to sleep, and ""prevent computer from sleeping automatically..."" is checked too. I have to force the power button off...","@683069 Thanks for reaching out to us! Have you tried an SMC reset to see if it corrects this? Here's how: https://t.co/FYojVXHuwn
Let us know what happens!"
2366238,Within the past 24hrs my phone had deleted all my texts and photos!! Hey @115858 I literally hate you rn!!!! I'm not ready to buy a new phone you assholes I don't want the 8 or the 10!!!!!!!,@683073 Do you have a recent backup in iCloud or iTunes of the device?  Were any changes made to the device prior to this happening? We can help out.
2367724,@AppleSupport having issues with music purchased on iTunes it will not show up on my iPod in any playlists,@683370 We've responded to your DM. Please join us there.
2367857,"@AppleSupport 
Hello, there is serious problem in iOS 11.1 and iOS 11.1.1
hundreds, maybe thousands of iPhones in our region are restarting by itself and stuck on apple logo
we have to restore it with recovery or back to iOS 11.0.3 to fix it
please take it seriously and solve it",@683400 We'd be happy to assist. We know how important it is to be able to rely on your iPhone. Can you DM us the iPhone model you are using and what country you are in? https://t.co/GDrqU22YpT
2369410,@115858 when are you going to fix the I️ key this is ridiculous,"@683803 Have you updated to iOS 11.1.1 yet? If not, backup, update and see if this helps at all. 

Backup and update iOS: https://t.co/ahjigcvFRG"
2369454,@AppleSupport  #iCloud going through outage? https://t.co/ekdYuoT8JV,"@473328 It looks like everything's working as expected: https://t.co/7NVrDovSd8 If you select ""OK"" and try again, are you able to connect?"
2371123,Hello @115858 why does every upgrade cause my phone more issues!!! Please get it together thanks!,@684187 What issues are you currently having? We'd be happy to help.
2373255,Rarg. @AppleSupport How do I iOS stop suspending Google photos in the background so that when I go to check my computer everything from the last few days is missing until I open the app again on my iPad.,"@684668 We want to ensure the best support is provided for any issues you're having. If we understand correctly, you're having issues with the Google Photos application on your iPhone and Mac, not syncing content correctly? Let us know in more detail within a DM. https://t.co/GDrqU22YpT"
2374385,"my phone got a new battery today, so it's on 100% for the first time in months, but it has also been frozen on the Settings page for nearly three hours. factory reset doesn't work bc it's locked too, somehow. i love you @AppleSupport !",@684944 We'd be happy to look into this with you. Send us a DM. https://t.co/GDrqU22YpT
2374433,"@AppleSupport When my mom talked to tech today, problem was solved, but told her iPhone 6 was too old, she needed to upgrade. Not ok",@684959 We'd like to look into this a bit more with you. Could you join us in DM with more info on what happened? https://t.co/GDrqU22YpT
2375264,"@AppleSupport since updating my iPhone 6 to the latest iOS, my screen is just freezing up and becoming non-responsive. help! I'm working from Indonesia right now and not sure how to get support","@685158 We want to help you. Restart your iPhone as our article explains, and DM us if this continues: https://t.co/OWRDHWSt4h https://t.co/GDrqU22YpT"
2376058,Hey @115858 - I’m sick of the lone capital letter i turning into I️. Fix it. I’d hate to look like an idiot by referring to myself as i all the time.,"@685348 We recently released an iOS update, 11.1.1, that contains a fix for autocorrect issues. Let’s be sure to back up your device prior to updating. How to back up: https://t.co/4f8hwT5to6"
2376084,"@115858 fix your new update
my phone literally just dialed 911 by itself the COPS were coming to my house 😭","@685354 This may be the Emergency SOS feature at work. It is designed to easily call for help and alert emergency contacts. You can learn more here, including how to turn it off: https://t.co/fLdX9bVmWx"
2381346,"Is anyone else’s iPhone alarm not going off?! No matter what time I set it, it won’t work?! @AppleSupport","@317281 We'd like to see what we can do to assist. When did you start seeing this happen? Also, what version of iOS are you currently running?"
2381412,@AppleSupport my phone keeps on freezing 😖 feels like it gets worse with every update!! I keep having to reset it...,"@396982 We want you to be able to enjoy using your iPhone, and we can help. Just to confirm, is your iPhone currently running iOS version 11.1.2? Also, do you notice this behavior when using specific apps?"
2401827,.@115858 what #case should i buy for at use #wireless #Chargers for a #iPhone8 ? #apple,@691025 Great question! Reach out to our Apple Online Store team for further assistance: https://t.co/8yjRd1Xo0i
2401840,"@AppleSupport guys, my iCloud storage tells me it’s full, but the numbers don’t add up. 90% of is Documents? What? Where?","@691030 We can look into this with you, and help figure out what's going on with your iCloud Storage. Please DM us. https://t.co/GDrqU22YpT"
2402129,I️ am tired and I️ am annoyed that I️ see  questions marks when I️ type I️ and I️ don’t like it I️ @AppleSupport,@691098 We'd like to help. Let's take this to DM and we'll explore ways to provide you assistance. https://t.co/GDrqU22YpT
2403687,"@AppleSupport hi, I have the iPhone 6s Plus &amp; ever since I got the new update, my phone’s screen blacks out on its own every now &amp; then. Can somebody help me out please?",@691445 We're here to help. Send us a DM with your iPhone's current iOS version and we'll continue together there! https://t.co/GDrqU22YpT
2403757,Why my iPhone 7+ sometimes blank or crashing on ios. 11 @AppleSupport,@691467 Thanks for reaching out to us. We are always happy to help. Send us a DM so we can look into this with you there. https://t.co/GDrqU22YpT
2406523,"Just updated my macbook pro to #HighSierra, it removed my Desktop and Documents folder and all my files with. @115858 @AppleSupport Please help me fix this. You could have taken more time to perfect #APFS before releasing #Apple",@692101 Meet us in DM and we can dig in to this further with you from there and figure out our best options going forward. https://t.co/GDrqU22YpT
2406706,"@AppleSupport you guys fixed the “I” problem, but now “it” is changing to I.t 🤦🏼‍♀️😂",@692151 Let's help take a closer look. Follow up with us in DM. Tell us the version of iOS 11 installed there. https://t.co/GDrqU22YpT
2406754,@AppleSupport any thoughts on why this is happening? https://t.co/ogph7euFDv,@692164 We know how important it is to use Activity and want to help.   Here’s how:  https://t.co/OWRDHWSt4h
2406768,These updates you’re rolling out to fix bugs keep freezing my phone. Can you please get it together @AppleSupport #Apple #AppleUpdates #iphone,@125159 We’d like to help get your iPhone working correctly. Any particular apps freezing? When did you first notice this?
2408473,You know.. this whole “I️” problem is getting on my nerves. I️ have to rearrange my tweets cause they look stupid. @115858 what are y’all waiting for to fix this problem? Got yourselves an iPhone X but can’t fax an emoji problem? Good job. What would Steve Jobs say! Psh.,"@692556 An update has been released to assist with this issue. If you haven’t yet, please back up your device and update it to iOS 11.1.1. For more info, check out: https://t.co/4f8hwT5to6"
2410131,i️ @115858 i️ why i️ isn’t i️ this i️ glitch i️ fixed i️ yet i️ ??? i️,@692951 We'd be glad to be of assistance. We have addressed this issue in our recent iOS 11.1.1 update: https://t.co/uQeXsrrlXJ
2410257,@115858 how tf do I️ fix this .,"@692988 We're here to help. iOS 11.1.1 has been released and addresses those issues. We'd recommend backing up and updating to the latest version. After updating, let us know if the issue persists."
2410358,When your expensive @115858 headphones just stop working after only 3 months. #ShittyProducts,@693014 We'd like to see what we can do to help. DM us and let us know if these were EarPods that shipped with an Apple device you bought. We'll also need to know the country you live in. https://t.co/GDrqU22YpT
2411591,@115858 Fix my phone or I’ll literally have to go back to using a blackberry and that would not be a good look!!!,@693327 Thanks for reaching out.  We want to help.  Can you tell us more about what you are experiencing with your iPhone?
2414392,@AppleSupport is there a way to enter text via the keyboard (instead of speaking it) in the Clips app?,"@153211 There is! You don't have to rely on voice in order to add custom captions. What you'll want to do is choose the pre-made caption that best fits the look you're going for. Then, double tap on that caption once it's placed and you'll be able to modify the text."
2417443,"@115858 #Apple I️ may be late to the party, but what is up with the crazy question mark in a box autocorrect thingy that replaces the letter I️? It is super annoying.  Please help. Thank you.","@694708 Don't worry, we've got you covered!  Check out this handy article and let us know if it helps: https://t.co/uQeXsrrlXJ"
2417474,"@AppleSupport ever since the new update my i7 has been EXTREMELY laggy, when I type the keyboard lags and opening or switching apps, everything lags. Please fix this in a new patch. 
I’m also seeing the question mark box on twitter.",@266772 We'd be happy to help. Send us a DM with a few details. https://t.co/GDrqU22YpT
2420125,@AppleSupport iPhone 8 is unresponsive. Not able to shutdown.  Tried everything but nothing works.,@695215 We are here to help. What is currently showing on the devices screen?
2420315,"Mon iphone bug avec oe changement d’horaire. Il écrit 8h16 mais si je vérifie dans horloge il est bien 7h16 !
@AppleSupport https://t.co/jhSidFvWYH",@695259 We offer support via Twitter in English. Contact us for help in your preferred language here: https://t.co/IBIY3vMgPj
2422496,"@AppleSupport iPhone X 256GB touchscreen unresponsive immediately after unboxing. Did reset via iTunes, Screen showing “Hello”-but frozen","@695778 We want to help with your new iPhone X. To verify, is there any film or protector over the display that could be causing this? If so, remove it and test again. DM us if the issue continues after that. https://t.co/GDrqU22YpT"
2424435,Looking for some technological disappointment? Get an @115858 magic mouse so you can use the mouse whenever it feels like working. Pretty much never.,@696235 We'd be happy to help with your Apple Magic Mouse. What device and version of OS are you using the mouse with? What's happening exactly with the mouse exactly?
2425871,@AppleSupport help me out here 😭 https://t.co/ORXE1wipSt,@696607 We'd love to help! This article goes over what to do if your iPhone shows the 'Connect to iTunes' screen: https://t.co/YheGAGfWxj
2427325,"@AppleSupport, my photos keep disappearing and then reappearing hours later on my iPhone 6s, how do I stop this? Thanks",@361205 We'd love to help you with your photos! Do you use iCloud Photo Library? Do the pictures disappear when you're not connected to Wi-Fi?
2427329,@115858 did the latest update and Hey Siri still doesn’t work on my iPhone X,"@696968 Hey there! Thank you for contacting us for support. We'd liked to lend a hand. Could you tell us which iOS version you're using? Also, have you tried any troubleshooting steps so far?"
2427387,"@AppleSupport iPhone 6s+ is no longer smooth with ios 11.1.1
Experiencing freezing of screen and unresponsiveness often in many apps.",@309657 We'll be glad to look into these issues with you. Please send us a DM and we'll take a look together. https://t.co/GDrqU22YpT
2431318,"Hi @AppleSupport - iPhone X is having issues with Instagram stories, freezing when going through filters and written text is moved elsewhere when posted.","@235211 Thanks for reaching out. We'd be happy to help. Does this only happen with Instagram? Are all of your apps up-to-date? Also, which version of iOS are you using?"
2434625,"@115858 „danke für das tolle neue Update“ , mein Handy läuft seitdem viel besser, der Akku hält auch nur noch bedingt ein paar Stunden...",@698608 We offer support via Twitter in English. Contact us for help in your preferred language here: https://t.co/IBIY3vMgPj
2435323,@115858 why can’t your email servers update my email since yesterday morning not very useful if I can’t see my emails on my phone is it!,"@698751 We'd be happy to look into this issue with you. Send us a DM, and we'll get started there. https://t.co/GDrqU22YpT"
2435762,@applesupport 11.0.3 - still terrible. battery drains. apps shut down. have to restart it once a day. controls not syncing with music. bad.,@698847 We can help out. Could you Direct Message us and let us know what country you're located in? https://t.co/GDrqU22YpT
2437315,The only thing my phone does anymore is fuck up. @115858 iPhone 6 users should get free upgrades since they were garbage to begin with.,"@699173 Let us know via DM the issues that you're experiencing, then we can help out from there. https://t.co/GDrqU22YpT"
2440835,"@303340 @AppleSupport Same problem, iPhone6plus after 11.1.1!!! Terrible! First time in my Apple esperienze",@740613 Let's collaborate to look into what's going on with your iPhone battery. DM us when you updated to iOS 11.1.1 and we'll get started. https://t.co/GDrqU22YpT
2441885,Trying to activate iPhone X active on carrier side but “network clash with Verizon” is a “known Issue” and I need to wait 72hrs? Really @AppleSupport @115858 #UNACCEPTABLE #applefail,@700274 Congratulations on your new iPhone. We can work together to get to the bottom of this. Is this an error message you're receiving? Are you activating with iTunes or over-the-air?
2445177,Okay @115858 I did the new update for iOS 11.1 and I still see the question mark when people type “I” #pleasefixthis,"@701050 Thanks for reaching out about what you're seeing. We're happy to help. To start, please DM us with the device model you're using. https://t.co/GDrqU22YpT"
2448415,"@AppleSupport hi i have iphone 7, should i close apps get to save power?",@701812 Hello there. We understand the importance of keeping your device powered. Check out these tips and tricks on how to optimize your battery settings: https://t.co/bivpdfBNJ6
2449482,"@AppleSupport I am using Apple Iphone SE (Space Gray, 32 GB). After updating ios 11.1.1 baterry performance becomes low and some time touch ID does not work and very frequently my iphone freezes (hang problem). Resolve it as soon as possible.","@702051 Thanks for contacting us about your iPhone's performance. We know how important it is to get the best performance possible and we're happy to help. To start, please DM us with the country where you're located. https://t.co/GDrqU22YpT"
2449502,"@115858 @AppleSupport was good familia, what’s up with all the apps crashing, and all this? i’m loyal to y’all, and this what we getting come on now","@702056 We'd love to help. Can you tell us which device you are using? Also, which software version is being used on the device? https://t.co/GDrqU22YpT"
2453284,@AppleSupport how do you get a refund for an app that you have purchased?,@444681 We know getting refunded for a purchase is needed sometimes. Our iTunes team can help here: https://t.co/IBIY3vMgPj
2454571,Put some respek on deeze updates @115858 . Something breaks everytime I UPDATE my phone. I can’t type an I properly or it’s my messages closing out. Whole lotta scam shit.,@394894 Thanks for reaching out. We're here to help. DM us so we can look into this further with you. https://t.co/GDrqU22YpT
2454584,@AppleSupport did I just spend 600.00 on iPhone X for the Bluetooth to prevent Siri from working? wtf,"@703148 We're glad you reached out. We can help with Bluetooth and Siri on your new iPhone. Send us a DM with the details, and we'll tackle both together there. https://t.co/GDrqU22YpT"
2454612,@AppleSupport my alarm will not ring ever since I updated my phone. Does this silent setting in do not disturb work even when you dont turn on do not disturb? https://t.co/EFBP5oW9cX,"@703158 With Do Not Disturb turned off, having that Silence setting shouldn't cause your iPhone to remain silent, so we'd be happy to look into why your alarm isn't going off. To start, can you let us know which iPhone and iOS version you're using?"
2456124,@AppleSupport Hi. There was a recall on the world adapters in 2016. Just wondering if this is still in effect? Or is the recall over?,"@701367 The program is still active, you can find the specifics here: https://t.co/L5WQANHfAr 

Let us know in DM if you have any questions. https://t.co/GDrqU22YpT"
2456170,"@AppleSupport Hello, why with iPhone X I have to reinstall some apps before they become iPhone X compatible and adapt to its screen size? Updating the apps does not seem to work for me!","@703582 We can definitely help with your new iPhone X. DM us, and let us know what apps you're having this issue with. We'll look into this. https://t.co/GDrqU22YpT"
2468887,ok @AppleSupport can you fucking fix your shit. everytime I️ type “I️” it turns into “! A” 🙄🙄🙄🙄🙄🙄🙄🙄,@706316 Here’s what you can do to work around the issue until it’s fixed in a future software update: https://t.co/xXaXeeSRt9
2472953,@AppleSupport could you help me diagnose my iPhone battery?,@707137 We understand how important having a functioning battery can be. We're here to help. Please meet us in DM and we'll take a further look into this with you. https://t.co/GDrqU22YpT
2476108,"@AppleSupport My Airport Extreme has goes offline every once in a while and suggests that it is overheating. However, if I reset the device, it goes back online and works fine again until the next time, which could be weeks later. Why is this happing?","@707813 Thank you for reaching out to us. For this particular issue, please contact us here: https://t.co/IBIY3vMgPj"
2479104,@AppleSupport Actually it was the router's firmware update that broke it. Apologies for the tech jab. Restarting the router fixed it.,"@708500 We're here to help. Send us a DM, and we'll take a closer look at the Wi-Fi on your MacBook Pro there. https://t.co/GDrqU22YpT"
2480661,"Thank you, @115858. Since the update my phone is constantly freezing. Just what I've been waiting for! 🙄 #thanksfornothing #fixthisshit",@708828 Thanks for reaching out. DM which iPhone and specific iOS version you are using to get started. https://t.co/GDrqU22YpT
2483761,@AppleSupport how do i get my pictures to load this is an emergency https://t.co/zIJd55ZMoh,@709581 We're here to help. Have you tried turning off low power mode? Let us know in DM. https://t.co/GDrqU22YpT
2484221,@applesupport iPhone is abnormally slow after the upgrade,@709693 Thanks for reaching out! That’s not the experience we want you to have with your iPhone. Let us know which version of iOS you’re running in DM. We’ll take a closer look at this with you there. https://t.co/GDrqU22YpT
2485671,@115858 wtf?? #HighSierra #MoreLikeSierraIsHigh https://t.co/JiPVNHp8UU,"@710023 Let us know via DM the type of Mac that you have, then we can take a look in to this with you from there. https://t.co/GDrqU22YpT"
2485883,@AppleSupport My tasks/ windows in the background are always shut in order to prevent useless battery usage. Not ready to buy a new iPhone either 🤨,@710086 We'd like to gather some more details.  Meet us in DM and we'll continue from there. https://t.co/GDrqU22YpT
2487268,@AppleSupport I cant reset bcs  I cant enter to my mail,"@710404 Are you able to answer the security questions? If not, you'll want to work with our Apple ID experts and you can reach them here: https://t.co/UJm15vmMM2"
2488736,@AppleSupport #podcastapp mark as played? Simple requirement really!,@710725 We welcome and encourage your feedback and suggestions! Please provide them here: https://t.co/eTPVYVFyd8
2488779,Yo @115858 your latest iPhone update seriously screwed up my phone. Every swipe or click responds with complete screen lag and horrible responsiveness. I’ve reset and restored. What gives? Don’t make me switch to a galaxy. I love iMessage 😢,"@311221 That's certainly not the experience we'd expect you to have. We'll do all we can to help. Just to knock out some basic questions quick, what version of iOS are you currently running and on what model iPhone?"
2490863,Freaking pissed @115858 you need to fix this 😑😑😑😑😑,@711204 We're happy to help. Please let us know a bit more about what's going on and we'll get started.
2493836,@115858 what to do about the EXTREME battery drainage on iPad since latest update??,@711878 Hey there! This is certainly not the behavior we want you to experience. We want to help! Can you DM us which iPad and iOS 11 version you're using? Here's a link to help locate your iOS version: https://t.co/ZTw54HL4Rm https://t.co/GDrqU22YpT
2493944,"@AppleSupport I thought the new iOS ecosystem was supposed to sync all my text messages, so if I delete / read a message on one device, it syncs across all? Do I have to enable that somehow?","@479827 While that feature has been announced, it isn't currently available yet. We appreciate your interest and encourage you to stay up to date on Apple news here: https://t.co/gbIPLOsnZd"
2497132,I cracked my phone this weekend @115858 help me out 😭,@712607 We know how important your iPhone is and would like to help. What kind of iPhone do you have?
2497703,iOS 11 is going to make me quit @115858 @AppleSupport .. Phone and apps are so slow .. I hate to even use it .. Don’t upgrade to iOS 11 !,"@712733 We want to help. Let us know via DM which device this is on, then we can help out from there. https://t.co/GDrqU22YpT"
2499327,@AppleSupport any ways to check the overall health of battery on iPhone 7? Batter dropping like @119341 popularity 😂,@282595 We'd be happy to check in to this with you. Please DM us about your battery issues and we'll go from there. https://t.co/GDrqU22YpT
2499366,@AppleSupport why doesn't iOS consistently detect that I want to play music and display the music pane on the lock screen when I connect to my cars Bluetooth? It works approximately 1 out of every 8 tries or so. Each other time I have to navigate to the music app to start music.,"@713119 Thank you for reaching out for support. We definitely want to make sure you can play your music smoothly when connecting to your car.  Let's start with the basics, could you let us know if the steps in this article help: https://t.co/tqjOBvBgl0"
2499377,@AppleSupport It takes two clicks now to listen to anything. It freezes up. A + now shows up rather than the download button. In summary. Slower. More awkward and far far worse than it was. Who greenlighted these changes?,@713124 Let's move over to DM so we may continue assisting. https://t.co/GDrqU22YpT
2500906,@AppleSupport how can i stop my iphone from downloading the new update automatically? It takes 1.5gb of my storage!!! Please fix it!!! https://t.co/Af3tpSxnx4,"@713435 It shouldn't download automatically, but you can remove the downloaded software following the steps here: https://t.co/Ui1yTnOCUz"
2502040,@115858 #MacBook #OOPS! (Help request. :) https://t.co/uSqzUgwjz6,@233080 We'd be happy to help. Which version of macOS are you using? Which app do you notice this keeps happening in?
2503739,"My graphics card was broken by design, replaced twice and now crashed once again. What do I do now, @115858? 🙁",@714061 We definitely want to help you. Meet up with us in DM at the link below. Provide us more details to get started. https://t.co/GDrqU22YpT
2507407,@AppleSupport I just updated to 11.1.1 and now my email won’t work. Tried signing out and signing back in. Is there a bug fix coming?,@714880 Can you provide more detail about what happens when youre trying to use your mail?
2508189,@AppleSupport Well they said go to the store they will help you let’s find out if they give me a new phone I will bring back all the iPhones I bought my family for Xmas and go back to google and get pixels for the fam no service what’s so ever from apple support thanks guys,@715060 Let us now the results either way in Direct Message.  We'd like to look into this with you. https://t.co/GDrqU22YpT
2509404,I’ve noticed that when a new iPhone comes out the old ones stop working I had my 6S Plus for like 2 years &amp; now since the iPhone 8 &amp; X came out my phone won’t stop glitching &amp; freezes for about 15 minutes. @115858 please stop doing this 🙄🙄. Same thing happened w/ my 5S 🙄,@715352 We're here for you. Can you let us know which version of the iOS you're running? You can check by tapping Settings &gt; General &gt; About.
2509409,@115858 you charge and arm and a leg for a phone and can’t even make it work properly. Lags when typing battery sucks and still a ? Mark when I️ type the letter I️,@715354 We'd like to work with you. Let's address these issues one at a time. We'll continue our conversation in DM. https://t.co/GDrqU22YpT
2517034,"@AppleSupport 11.1.1 most recent update. Has slowed phone down considerably. Also heats up much more when charging, feels hotter to touch in general","@716996 Getting the battery life that is expected is very important to us and we want you to continue enjoying your iPhone 7. We do have some great troubleshooting steps we can walk through, to get us started may we have the exact iOS version running on the iPhone?"
2517140,"@115858 never been so frustrated with your updated iSO 11 until now! Can’t play music while on other apps. (Snapchat) my “I” problem, Siri doesn’t work, my voice to text doesn’t either. Phone gets stuck, buffering, on apps, then shuts off. Galaxy where you at?","@717031 We want you to be able to enjoy using your iPhone, so we’ll partner with you to address all of these issues. To be sure we’re on the same page, is your iPhone currently running iOS version 11.1.1?"
2518199,"So I tried watching @115946 thru @115858 TV, and was denied.  REALLY?!?! #wtf #thissucks https://t.co/3Med3NAJpO",@717316 We definitely want to ensure we provide the best support for this issue. We do recommend reaching out to our Apple TV support here: https://t.co/IBIY3vMgPj
2518220,Yo @AppleSupport @115858 why am I still seeing this A [?] even though I updated to iOS 11.1.1 🤨,@717323 We'd be happy to look in to this for you today. Send us a DM to get started. https://t.co/GDrqU22YpT
2518268,"@AppleSupport Yeah, i tried that but it didn’t work. Someone from AT&amp;T figured out a way for a temporary fix til they fix their network. Thanks tho","@717335 We're glad to look into this with you. Have you had an opportunity to turn on Airplane mode for a few moments, then turn it off? Here's a guide with further steps: https://t.co/U53YusKX3z"
2518321,@AppleSupport Yes I updated and as soon as I try to place a call the call is ended before it rings.,"@543193 We're here to help and can certainly take a look into what's going on. To help get us started, we see we previously suggested an update to iOS 11.1.1. Did you have the chance to perform that update? May we also get a detailed description of what's happening?"
2519395,@AppleSupport latest ios (11.1.1) iPhone 7. Controll Centre Glitch https://t.co/co8yfC6LID,@160622 We'd like to help out. What device are you currently using?
2520674,@115858  I’ve updated to the new version of IOS and I still see the question mark.. why is this still happening 🤷🏽‍♀️,@717965 Thanks for reaching out to us. We'd be glad to help. Let's meet up in DM to see what we can do. https://t.co/GDrqU22YpT
2520767,@AppleSupport y’all gotta fix this I️ NOW,@717991 We want to help. Try following the steps in this link to update to the latest version of iOS: https://t.co/ahjigcvFRG Send us a DM if you encounter any issues after the update. https://t.co/GDrqU22YpT
2520809,@AppleSupport can’t call anyone or receive calls 🙄,@718005 Check out this article for steps to take if you not able to make or receive calls: https://t.co/U53YusKX3z
2522407,"Yo @115858 @AppleSupport if my TV broke every 2 years and I had to buy a new one, that TV company would never have my service again. Yet somehow your mega company gets away with it. My iPhone 6 is nearly useless since iOS 11 came out. #getittogether #androidorbust #badapple",@718384 We're happy to assist. Which specific iOS 11 version are you currently running? Go to Settings &gt; General &gt; About for the version.
2522521,@115858 kinda sad my phone has been messing up since the release of the new iPhones :(,"@718409 We want you to continue enjoying your iPhone and we'd like to help. To start, can you tell us more about what your iPhone is doing?"
2523408,"Dude @AppleSupport what the fuck! I had 6,000 images and my phone just deleted them all and automatically restarted. This is bullshit.",@645403  Thanks for reaching out. We're here to help. DM us so we can look into this further with you. https://t.co/GDrqU22YpT
2523419,@AppleSupport help plis https://t.co/KiLdtWnvf3,@718620 We want to help. What were you doing on the Mac when this happened?
2523465,@AppleSupport Where is my time? https://t.co/EyC3bzZhHz,"@718631 Let's get to the bottom of this together. Have you had a chance to restart your iPhone since noticing the time missing in the status bar? In order to ensure we're on the same page, please let us know which version number of iOS you've got installed."
2524465,@AppleSupport after updating iOS on iphone locked out of icloud on both phone and ipad mini due to two-factor authentication not working.  6-digit codes requested from phone are rejected as incorrect on both devices #nightmare,"@718518 We can help! If you can’t sign in, reset your password, or receive verification codes, you can request account recovery to regain access to your account. You can request it by following the steps listed here: https://t.co/7yUZhi7y5x"
2526314,"سؤال تكنولوجي:
الايفون عندي شاير على صورة ( ابل) ومو راضي يفتح. في احد واجهته نفس المشكله؟ وشنو الحل بدون ما ينمسح اللي فيه؟ 
📱
My iphone is stuck on (apple) logo. Any solution without deleting info? 
@AppleSupport @98013","@719336 We'd be happy to help with your iPhone. Please send us a DM, and let us know which model you have. https://t.co/GDrqU22YpT"
2526366,Ugh I need a whole new phone my back camera dead don’t work the flip sign don’t even pop up I can dead only use my front camera @115858,@719352 We'd like to help. Let's take this to DM and we'll explore ways to provide you assistance. https://t.co/GDrqU22YpT
2532536,hey @115858 is there a way i can uninstall the new ios update maybe ?,@720727 We don't recommend reverting to a previous iOS. DM us details of any issues you're having with iOS 11 &amp; we'll help.
2532862,@115858 y’all better fix yall’s shit before I switch back to Android. Tired of my phone turning off every hour and freezing all the time 🙃,@720797 We're here to help. Let's take this to DM so we can better assist you. https://t.co/GDrqU22YpT
2532903,OK ever since i got the new update my phone glitches like a mf and it doesn’t vibrate when i get notifs get it 2gether @115858,@720808 We'd be happy to help. Can you tell us if this issue occurs in a specific app? Which device do you own?
2533576,Graphic issue still happening at Illustrator CC 2018 in High Sierra 10.13 #highsierra #issues @AppleSupport https://t.co/0Nbz75iomt,@720963 We are here to help. Is this issue only happening in that application?
2533578,@115858 fucked up the update again. Speaker not working again and now you can’t lower volume with screensaver on.,@578072 That's unexpected. Let us help. Tell us your iOS version in DM. https://t.co/GDrqU22YpT
2533915,@AppleSupport @115858 size twit atmak için telefonu çıkardığımda şarjım %19 du bu twiti yazana kadar %10 oldu lanet olsun sizin yazılımınıza,@721032 We offer support via Twitter in English. Contact an Advisor for help in your preferred language here: https://t.co/IBIY3vMgPj
2533933,@115858 latest iOS on iPhone 6s not great ...bluetooth issues,@721037 We'd like to help. Can you tell us more info on what's going on with Bluetooth?
2534795,How much yall fix cameras for? @AppleSupport,@721205 We'd like to gather some more information for better troubleshooting. Can you DM us the country you are located in? https://t.co/GDrqU22YpT
2534817,@AppleSupport the “.” Shortcut continues to work regardless of whether it is turned off or on. Please fix ios11.1.2 iPhone and iPad Pro 9.7”,"@721209 We'd love to help! To ensure we understand correctly, it sounds like you're seeing a period when double-tapping the space bar, regardless of whether this option is enabled in the Settings app. Is this correct?"
2545656,Seriously this whole I️ thing is annoying @115858 get it together!,"@723562 We certainly want to help to get this resolved. To confirm, have you updated to iOS 11.1.1 yet? If not, go ahead and update and let us know if it persists. If it does, let us know if it is when you type or another person. We look forward to hearing from you soon."
2548174,"Hai @AppleSupport my iphone SE's personal hotspot menu have been gone for couple of weeks, can you help me troubleshoot the problem(s) ?","@724114 We can offer some assistance. First, let's check with your carrier to make sure it's been enabled and that your plan supports it."
2549079,@115858 @AppleSupport what’s going on with autocorrect and the keyboards!! What’s with the boxes? https://t.co/1i63zVWFyW,@724288 We'll be happy to look into this with you. Is this happening in all apps? What iOS version is currently installed?
2550301,"@AppleSupport My audio keeps breaking, any idea why?",@724552 We'd be glad to see what's going on. Can you explain what you mean by it keeps breaking?
2550306,People actually told me #ios11 on ipad is stable. Fts. @115858 can you fix your broken mobile operating system? https://t.co/WUEOUhyZAn,"@279055 We want you to love iOS 11 as much as we do, and we’ll assist. Do you have orientation lock enabled in Control Center?"
2552419,@AppleSupport since upgrading the Apple Watch software the battery drains very quickly,@351168 We’d be glad to look into that more. Can you start by confirming what model Watch you have as well as the current WatchOS and iOS version your devices have installed? Let us know in DM. https://t.co/GDrqU22YpT
2552455,MY FACE ID REALLY DIDNT WORK WITHOUT MY MAKEUP ON,"@725010 We want your FaceID working for you, and we'll do all we can to help. To get started, let us know if setting up your Face ID without makeup allows you to unlock your iPhone X with makeup on."
2552482,@AppleSupport How can I read a text message to verify my apple id in a new phone if my SIM is in that new phone?,@175800 We'd be happy to assist.  Are you using Two-factor or Two-step verification?  Let us know in DM and we'll continue from there. https://t.co/GDrqU22YpT
2552558,@AppleSupport 11.1.1 is a serious failure. Mad battery drain and incessant app crashing. Terrible.,@725041 We want to help. Let's move over to DM so we may look into this further. https://t.co/GDrqU22YpT
2555229,"@AppleSupport @134114 joy of joys. My iPhone 7 is shutting down with remaining charge in the battery, just like my 6s did. Lightning striking again",@631010 Let's get this figured out. Please send us a DM including which iOS is installed. We'll be glad to assist you further. https://t.co/GDrqU22YpT
2555268,@AppleSupport Last night I made the 11.1.2 update and so far there’s obviously an improvement of battery life 💪🏼😊,@725605 We're glad to hear it! Let us know if we can be of any assistance in the future. We'll be happy to do all we can to help.
2555449,"@AppleSupport I encounter this error while trying to play videos on @115948, iPhone 7, iOS 11.1.1. Mobile data is on for streaming (playing music works w/o any problems). https://t.co/TPJJ4K4j98",@725647 Hello and thanks for reaching out. Let's see what's going on with your Apple Music. Does this same thing happen on Wi-Fi?
2555492,"@AppleSupport Now I am a huge user of “hey Siri” with this new update sometimes it responds and other times it remains Idol… Why?  With every new thing you guys do it makes me less and less excited for the new update… You do know you have competition out in the market, right?","@159626 We want Siri working for you, and we'll do all we can to help. To get started what type of iPhone are you using, and what iOS version is currently installed? You can find the iOS by going to Settings &gt; General &gt; About."
2557389,. @115858 how do you uninstall the latest iOS update?,@726052 We'd like to be sure your iOS is working normally on your device. Send us a DM with more information on why you are looking to revert iOS back. https://t.co/GDrqU22YpT
2558635,"My phone moves at the pace of a snail (kid you not, 3-4 second delay per swipe or tap) since I updated my iPhone OS @AppleSupport help","@726345 We’d love to help with the performance of your iPhone. To start, please send us a DM confirming which iPhone and exact software version you’re using. https://t.co/GDrqU22YpT"
2558669,@AppleSupport The “I️” function is still broken and random words are also being capped in text messages. Any timeline on an #ios11 fix?,"@726355 An update has been released to assist with this issue. If you haven’t yet, please back up your device and update it to the latest version iOS 11.1.1. For more info, check out: https://t.co/G4q0hxzVXF"
2558732,"@AppleSupport  The iPhone 8 Plus has WiFi issues. After 3 replacements, &amp; multiple escalations, the issue persists across backups &amp; clean setup. Now the last rep had no knowledge of the case, provided insufficient support, &amp; refused to escalate further.... https://t.co/jZ06XDK1S2",@133678 We'd be happy to look into this with you more in detail.  Please reach out to us via DM and we'll get started. https://t.co/GDrqU22YpT
2560397,@115858 thanks for the iPhone 10 and it’s inability to Bluetooth pair or operate properly. https://t.co/CVJv5x47ee,@726725 We want to help. Reach out via DM using the link below and tell us more about the issue you're experiencing. https://t.co/GDrqU22YpT
2560409,"@AppleSupport @115858 ios11 again having problems. Adding attachments to native mail message, systems slows and crashes. How do. I go back to previous ios? This one is too buggy. #iosprovblems #iPhoneProblems","@531982 Hey, there. We want you to enjoy the new update. Let's work together towards a solution. First, can you tell us the exact iOS version currently installed? Also, do you notice an improvement if you restart your device?"
2560445,@AppleSupport I need help unlocking my iCloud,@701009 We'd love to help. Let us know if you've tried the steps provided: https://t.co/HH37urdbz9
2561798,"@AppleSupport  Why my “it” keep turning into “I.T” 
And my “okay” turning into “O...Kay”",@727055 We want to work on this with you. What iOS are you running on your device right now?
2562360,@115858 IOS11 is shocking. I can’t get over how slow and visually unappealing it is.,"@727170 We can help with the iOS performance. Do you know what version of the iOS is on the device?  If not, you can check under Settings &gt; General &gt; About &gt; Version."
2562369,@AppleSupport hey Apple what’s with the rubbish battery life when you run the new ios?? Really frustrating when you check a few emails!,@727172 We got you. Being able to rely on your battery is important. Which iOS version are we working with? You'll find that in Settings &gt; General &gt; About.
2564163,@115858 @AppleSupport @188  why is it I can only go on fb messenger ONLY on wifi but everyone else I know doesn’t have to use their wifi to access it,@199885 Thanks for reaching out to us. We are always happy to help. Send us a DM so we can look into this with you there. https://t.co/GDrqU22YpT
2565696,@AppleSupport Thank you!  That seems to have done the trick.,@727898 Excellent! Please feel free to reach out to us again if you need any more help. We’re available every day to answer your questions from 5am-8pm Pacific.
2565736,@AppleSupport Yes,"@287481 Are you trying to download Music from Apple Music, or are you trying to transfer from iTunes on a computer?"
2565745,"@115858 @AppleSupport hey guys, my iPhone 6+ won’t receive texts until like 3 hours after they were delivered since I upgraded to ios 11. Could you just like hook it up with the x? Or fix it? Either one","@727904 We know how important it is to get your messages on time so let's look into this. Were you running iOS 11.1.1 on the iPhone now? And do you know if this is with iMessages, SMS text messages, or both that you're noticing a delay?"
2565783,@AppleSupport can y’all fix the letter I on iPhones already? Please?,@727912 Hi there. iOS 11.1.1 was recently released and it includes a fix for autocorrect issues. Follow the steps here to back up and update your device:  https://t.co/80YRnjDFDk Let us know if this helps.
2565817,Help @AppleSupport @115858  !! J'arrive pas à déverrouiller mon iPhone X 😢😢 là j'écris ce tweet avec le téléphone de mon voisin ! Que faire ?? https://t.co/na4kVFACF6,@484125 We offer support via Twitter in English. Contact us for help in your preferred language here: https://t.co/IBIY3vMgPj
2567055,@AppleSupport having this problem using the files app in iOS11. Any fixes? https://t.co/yTbvl37L89,"@728185 Hey, we'll take a look into this and help you out. First, can you verify the exact iOS version for us? Also, what happens if you tap on Try Again? Does the issue also persist while connected to Wi-Fi?"
2572661,"@AppleSupport I’ve been on both WiFi (am now) and cellular. I take the photo, then it loads (or doesn’t load) and then sometimes won’t let me save edits.",@377735 We're here to help! Are you currently connected to a Wi-Fi or cellular network when receiving these error messages?
2572664,"@AppleSupport I just bought my iphone an charger already got a short, Y'all gone bless me ? 👀",@397491 We'd like to help. Let's take this to DM and we'll explore ways to provide you assistance. https://t.co/GDrqU22YpT
2578721,@AppleSupport i deleted apple maps ages ago but my location does show correctly on google maps,@731072 Thanks for checking that. We can reinstall the Apple Maps app from the App Store and test. Meet us in DM and let us know if that app is accurate too. https://t.co/GDrqU22YpT
2578729,@AppleSupport I haven't updated to iOS 11 yet because I've heard people have had their photos deleted by the update. I don't have the iCloud storage for them all so if I update should I expect to have lost everything??,"@731074 Great question. Keeping your device updated to the latest version is recommended. Just in case, we always recommend that you back up your device at all times. You can perform a backup through iTunes as well: https://t.co/4f8hwT5to6"
2580623,@AppleSupport I got a new phone and forgot to unpair my watch from my old phone. Now my watch won’t reset so I can pair my new phone. It just keeps looping back to the watch face. I’m on WatchOS 4. Help!,@731433 Congratulations on your new iPhone! We have some steps in this article you can take to resolve this: https://t.co/6MzZgKsRTJ
2585609,@AppleSupport where I can buy the original headset that you get when you buy an Ipod?,"@732662 Hey there! If you are looking for EarPods, you can get a pair here: https://t.co/hsYgWMEeDe

If you have questions about ordering, reach our Sales Team using this link: https://t.co/8yjRd1Xo0i"
2590411,@115858 - after a almost two hour hold with apple i still have not spoken to someone! Unacceptable! Ridiculous! Im so disappointed in their service https://t.co/uew2gz7nZw,@733721 We'd be happy to offer any assistance we can. Tell us more about the issue you're calling in about via DM. We'll go from there. https://t.co/GDrqU22YpT
2590716,"@AppleSupport j'ai un très gros problème avec l'un de vos produit acheté sur @AmazonHelp en avril 2017, des solutions ?",@733794 We offer support via Twitter in English. Contact us for help in your preferred language here: https://t.co/IBIY3vMgPj
2594389,@AppleSupport after updating to iOS 11.1.2 on X I hear a crackling sound through speakers on phone &amp; AirPods. No issue prior to iOS 11.1.2,@734658 Thanks! We have received your DM and will respond there.
2595511,"@AppleSupport , I use iPhone 6s. Since a couple of months my phone once a week gets switched off on its own while the battery is still 20-90%. Updated all IOS whenever they came. Still facing problems even after IOS11.1.1. What to do?",@734924 Let's take a look and get this fixed for you. Have you noticed if the shut down occurs when using any particular app? Let's update to the latest iOS 11.1.2.  DM us if the issue continues after updating. https://t.co/GDrqU22YpT
2614240,It should now be called I️phone since they can’t fix it @115858,@739020 Were here to help. What issue are you experiencing?
2614249,Is anyone else seeing this on their phone.?!  @115858 @AppleSupport https://t.co/b5F2m9JK6d,"@739024 We recently released an iOS update, that contains a fix for autocorrect issues. Let’s be sure to back up your device prior to updating. Follow the steps here: https://t.co/80YRnjDFDk"
2615279,Come on @115858 .....it’s been a solid couple weeks with this dumb ass A question mark shit. Get it TOGETHER FAM IM SO SICK OF IT,"@360861 We're here to help. We released iOS 11.1.1 a few weeks ago which is now a part of iOS 11.1.2. If you haven't updated, backup and follow these directions: https://t.co/80YRnjDFDk If you have updated and you're still seeing this when you type ""I"", DM us here: https://t.co/GDrqU22YpT"
2615314,"#IOS still same problem my phone showing only apple logo not going on 

#DontUpdatePlease 
@AppleSupport @115858 @84244 @50525 https://t.co/pjIZEP1PY0",@739269 We'll do all we can to help. Let's try all the steps listed here: https://t.co/8MvHMFZ83h Let us know the results once completed.
2615317,"So i updated my phone and now my WiFi won’t work On my phone, why are you like this @115858",@739270 We're here for you. Try these steps to connect to Wi-Fi: https://t.co/tdmlmF3jQa Let us know if you have questions; we're happy to help.
2616526,"@115858 dropping all these updates to fix Iphone X problems! 🧐 what about the rest of us !?!? My iPhone moving slow af, apps crashing 🙄 is it just me?",@739543 We can help. Please meet us in DM and we'll work towards a resolution together. https://t.co/GDrqU22YpT
2618273,"Since I updated my iPhone 6 to iOS 11.1.2 the videos or gifs on Twitter don't load and also I can't make videos or boomerangs on Instagram. Your latest updates are shit. 
@115858 @AppleSupport","@739931 Thanks for reaching out to us. We are always happy to help. To clarify, are your Twitter and Instagram apps up-to-date?"
2621200,"14:00/2pm: @115858 iPhone battery after new iOs: 24%

Before iOs: 70%

#fail #ios #apple #iphone","@740633 We want to look into the battery drain you're experiencing. To start, can you go to Settings &gt; General &gt; About &gt; Version and tell us the exact iOS version you're running?"
2622642,So I️ was listening to reputation and suddenly it stopped and just disappeared from my Apple Music @115948 @AppleSupport what’s going on?,@740935 We're here for you. Is this the only music that disappeared?
2627820,"I've faced two annoying issues since macOS 10.13.1 update. An error in the installation and now ""An unknown error"" is driving me crazy, it's also loosing all my Keychain passwords... Come on @AppleSupport help us! https://t.co/tNOAIo51KZ",@742194 We want to help you. Let's handle one issue at a time. When does it give you this unknown error? Does it randomly pop up with that error or does it happen when you do something on your Mac?
2631550,Why does #Spotify not work after installing #ios11 software update @AppleSupport,"@743077 If you're running into issues with Spotify, or other apps on the device, we'd like to help you out. Please DM details of the exact issue(s) you're experiencing. Also, please let us know what version of the iOS software you currently have installed. https://t.co/GDrqU22YpT"
2631572,@AppleSupport I've just upgraded the operating system on my Mac to discover my Outlook for email no longer works. Why is this?,"@419386 This isn’t expected behavior, we’ll work through fixing this together. Are you using an Outlook account with the Mail app? Or are you using an Outlook application with your Mac?"
2631593,"@743085 I don't use Cloud services to backup my photos to. I prefer local bulk backups, planning on getting a #Synology #NAS soon! I think the #PhotoApp has a bug in it or is it something to do with #HEIC? It's still doing it on #iOS 11.1.1. #BatteryDrain. :( #iOS11 #Apple @AppleSupport https://t.co/IoE1UBAXJE",@667926 Hello. We’d love to assist with your iOS battery. Reach us in DM to get started. https://t.co/GDrqU22YpT
2634963,Lost over 2300 old pictures &amp; videos when I updated to #macOSHighSierra! Wth @AppleSupport?? How do I get them back. They've vanished from the photo app on my 💻 😫😫😫😫🤦🏽‍♀️🤦🏽‍♀️,"@743878 We're here for you. As a starting point, let us know what version of macOS you upgraded from. That will help us plan the most relevant next steps."
2640143,@115858 online live chat is the least helpful thing ever! Wasted half of my Saturday speaking to 3 people who all say something different 😠,@745077 This is not the experience we want you to have. We’d like to look into this with you. DM us the details. https://t.co/GDrqU22YpT
2641758,My I️ are coming out as characters. Wtf @AppleSupport,@745492 We're happy to assist. Which iOS version are you currently running? Go to Settings &gt; General &gt; About for the version.
2642606,I put my phone on the charger and it’s dying.. WTF @115858,@745687 We want to help you out. Send us a DM and let us know what iPhone this issue is occurring with. https://t.co/GDrqU22YpT
2645622,"Hey @115858 or @122986, can one of you fix this? Thanks 😊 (text notifications blocking video) https://t.co/oQEOUklFt3","@746421 We'd love to talk to you about this. This is how the notifications present themselves. You can dismiss it by flicking it up, or you can adjust how long they're on by going to Settings &gt; Notifications &gt; Messages (or whichever app you want to adjust)."
2646303,iPhoneX is great so far minus the glitches that happen when I FaceTime @AppleSupport,@746622 Thanks for reaching out to us. We are always happy to help. Send us a DM so we can look into this issue with you there. https://t.co/GDrqU22YpT
2665302,Listen @115858 ... idk what is going on with this “I” being I️ but I AM GOING TO NEED YOU TO FIX IT IMMEDIATELY.,@750941 Here’s what you can do to work around the issue until it’s fixed in a future software update: https://t.co/xXaXeeSRt9
2675087,@AppleSupport help! My fingerprint scan isn’t working at all! 😭😭😭,@270085 We'd like to help. Which device and software version are you using? When did this issue begin?
2676062,"Updated to #iOS11 &amp; now it glitches EVERY SINGLE GESTURE. 
W. T. F @AppleSupport",@753224 That should not be happening. Let us help. Tell us more about this in DM. https://t.co/GDrqU22YpT
2676387,"@AppleSupport hey apple! I'd like to upgrade my phone but it hasn't backed itself up in the last 4 weeks and when I ask it to back up now, it tries and then after a while says couldn't be completed? Can you help?!","@490062 We understand how important backing up your phone's information can be. We can help. Take a look at the following article, which contains information on what to do when you're having trouble backing up. Let us know if the article helps: https://t.co/Lr8zUtw9ls"
2676542,@115858 aye y’all fix his shit wit the letter “eye” got my messages and tweets lookin dumb,@455210 We’d like to take a look at that with you.  Which iPhone and iOS version are you using?
2677414,Why is my letter I️ messing up @AppleSupport 🤔,@670876 That's a great question. We can help. Does this happen in all apps or one specifically? Any recent changes to the device?
2679994,My iPhone has become embarrassingly slow since the new updates and now the alarms go off late? 🙄 @AppleSupport,"@754031 Hey there. We know it's important for your iPhone to work the way you expect, and we're here for you. Send us a DM with more information about what's going on, and we'll get started. https://t.co/GDrqU22YpT"
2682289,"bought a replacement of iPhone 6 2days ago, suddenly got switched off, had to restore &amp; the result is this. @115858 very unsatisfied customer https://t.co/0BG5haMYKT",@754543 Let's work to get this working again. Reach out to us in DM and tell us more about what's going on. https://t.co/GDrqU22YpT
2683452,@AppleSupport iPhone 5s. An ! in a circle is on the bottom right corner &amp; when I zoom in it’s just blurry.,@754787 We'd be happy to help. Would you please join us in DM so we may continue assisting? https://t.co/GDrqU22YpT
2683817,@AppleSupport It’s okay. Logged a case via AppleCare phone support and will be visiting Apple Store Orchard Road this coming weekend. I’m just hoping I won’t have to spend on repairs.,@754854 Let us know if we can be of assistance in the future. Have a great day!
2686657,"@AppleSupport pretty sure I have plenty of iCloud storage available but my iPhone X refuses to back up?!?!
Help",@650961 We can help confirm that. Go to Settings &gt; [your name] &gt; iCloud to see how much iCloud space is available and hit us back if you need more help.
2686682,MY PHOBE WNT SAVE THE FUKIN PICTURES BITCH IM ON TO U U BETTER FIX THIS SHIT IM NOT BUYING UR NEW IPHONE @115858,@755514 Let's work on this together so those photos can be saved to your iPhone again. DM what happens when you take a photo? Do you get an error message or does it just not show up in your Photos? https://t.co/GDrqU22YpT
2686723,@AppleSupport your customer service sucks ass in the valley plaza store nothing but rude employees.,@755524 That's not what we like to hear. Send us a DM with some more details so we can get to the bottom of this. https://t.co/GDrqU22YpT
2686730,@AppleSupport why does my camera do this? It won’t focus and shakes really bad https://t.co/IeZlAsolX5,@755526 We want to do everything we can to help you with your device. How long has this been going on? What version of the iOS are you running? Does this happen when taking video as well?
2688144,uhhh my entire photo album was erased from my phone in .2 seconds and now it says there’s no sim card installed wtf @AppleSupport,"@755844 Your photos are important! Once we figure out what happened to them, we can work on the “No SIM” issue. Were your photos syncing with iCloud before they disappeared? If so, are you able to see them here: https://t.co/CxVVtrUect"
2688165,@AppleSupport iOS 11.1.1 has KILLED my battery on my 5s. Less than one hour non-intensive use and down 30%. Fix please!,"@755851 Let's try backing up, then updating to iOS 11.1.2. Follow this article, then let us know if this continues: https://t.co/80YRnjDFDk"
2689418,"Donc j'dois charger mon iPhone 4 fois par jour et @115858 arrive à me dire que ma batterie va tres bien mais que j'peux leur revendre pour 105 euros si j'veux, si c'est pas beau ca !",@756121 We offer support via Twitter in English. Contact us for help in your preferred language here: https://t.co/IBIY3vMgPj
2689527,"@AppleSupport that’s correct I was under that impression, that I can do that. Can I?",@413797 Family Sharing allow you to share your iCloud storage with the entire family. There isn't a way to allow a specific amount of storage per individual. Here's more information: https://t.co/t76KVgYi7Y DM us with questions. https://t.co/GDrqU22YpT
2690746,@AppleSupport - what is this and how can I get it it to stop?? https://t.co/eAjJlPl3Cx,@450175 We're here for you. Have you recently restored your device from a backup?
2690825,@115948 @AppleSupport uhmmmm my mf icloud wont sync and i cant get my tunes on my apple music someone hit my dm's or something idc,@756459 We'd be happy to help. What happens when you try to get Apple Music on iCloud Music Library?
2691813,"My iPhone 6 Plus has been stuck on LTE ever since the last iOS update.  Thanks @115858 ! That's really awesome.  If I am forced to buy a new phone, it will be a Samsung, or the Google Pixel, just so you know.",@756682 Thanks for reaching out to us. We want you to have a working phone. To clarify are you trying to turn off your Data and it's not working?
2693994,Omg my phone so laggy after I update to the latest iOS? @115858 why,@757158 We'd love to help you get this sorted out! Which version of iOS 11 are you updated to?
2697241,"@115858 your products used to be great. Now there’s a constant flow of disappointment! Batteries dying, glitches, memory issues.","@757903 We want to help restore your love for your product. To begin, which device model and operating system are you using? How is it glitching?"
2699024,"@AppleSupport Hi, is there anything I need to do with my iPhone before trading it for a new phone? like restoring the phone, etc?",@758296 There certainly is. The following article will go over all the steps to take before tradining in your device for a new one: https://t.co/fd32fNtWuZ
2699111,"Was supposed to receive a call from @AppleSupport a few minutes ago, nothing...&amp; trying to connect w them from app says ""There's a problem connecting to Apple Support"". 😱",@758309 We can help. Send us a DM with the details of the issue you're experiencing. We can also check on the status of your callback with you. https://t.co/GDrqU22YpT
2702130,How come my itunes movie keeps stopping on desktop @AppleSupport,@276774 We're happy to help. Are you using iTunes on a Mac or Windows PC?
2703248,@AppleSupport does the 10.5 iPad Pro come with low battery support function like it has on the iphones?,"@716819 Hi there! If you're speaking about Low Power Mode, then that functionality is currently available to the iPhone. Learn more about that here: https://t.co/VtbR4hS4qv
DM us any other questions here: https://t.co/GDrqU22YpT"
2705024,"@28501 will you please fix a bad address for the Alzheimer’s Association in Huntsville, AL? It’s SE not SW. @AppleSupport hasn’t fixed it in 4 years.","@759721 We’d like to help you report the maps issue. 

Are you the business owner? You can claim the business and make adjustments here:

https://t.co/REmg9EBEP4

DM for more help https://t.co/GDrqU22YpT"
2706872,"@AppleSupport 64gb 6S, 11.1.1 (will update now), sometime in the updates of 11.",@760191 Let us know what happens after updating. Send us a DM to tell us if you're facing the issues still. https://t.co/GDrqU22YpT
2706892,@760198 @AppleSupport 😃,@760198 Let's check the Storage available for the device currently.  Go to Settings &gt; General &gt; Storage &amp; iCloud Usage &gt; Manage Storage under the top 'Storage' section.  What does it show for available?
2708499,@AppleSupport my phone is tripping,@327777 We're happy to help. What trouble are you experiencing with your iPhone?
2708523,@115858 I’m tired of this phone glitching shit. Fix it.,"@760599 Having your iPhone work as expected is important in order to stay connected to your friends and family, and we’d love to assist you. What's going on with your iPhone?"
2711844,Hey @115858 my touchscreen has gone into complete Jack mode I need some help,"@761380 We'd be happy to help you out! What's going on with your touchscreen, exactly?"
2711861,I think @115858 must really hate me or really really really not want me to close apps via app switcher.  it’s probably quicker to launch a space shuttle.,"@392286 We're very glad you contacted us for assistance. We'd like to gain a better understanding of your issue. Please tell us a little more about what's going on. The more information you are able to provide, the better equipped we will be to determine our next steps."
2713252,"Los iPhone ya no duran como antes, ¿verdadero o falso? https://t.co/2bwR66H1VT",@761707 We offer support via Twitter in English. Get help in Spanish here: https://t.co/IBIY3vMgPj or join https://t.co/OczyRx7IOs
2713257,"Was very excited to be able to get the new iPhone X today, but quite disappointed to find a chip on the bottom bezel right out of the box. #NotImpressed @115858 https://t.co/9rAWHjdbW1",@761709 Oh no! Let's get you to the right place. Our Sales Support team numbers are here: https://t.co/8yjRd1Xo0i
2726846,@AppleSupport how can I click on YouTube end screens and cards (annotations?) on Apple TV 4?,@764674 Let's get you in touch with an Apple TV Advisor for further assistance at:  https://t.co/IBIY3vMgPj
2726917,"I’m getting really annoyed... for the past few weeks when I try to play Best of Me, dimple, and Pied Piper on my iTunes, it automatically skips to another song on the album... even though I bought the whole Love Yourself album by BTS. @AppleSupport is there a way to fix this??",@764691 Let's find out what's going on. What device are you listening to music on?
2726979,Thank god I checked my alarm again. Hopefully it won’t turn off again. @115858 fix it.,@764706 We’re here to help. Please DM us the software version you’re using so we can better assist you. https://t.co/GDrqU22YpT
2727083,@115858 My 2 month old phone was working fantastic until I upgraded to ios 11 now my battery is draining faster than my 2 year old 5c...,"@764729 May we take a look? To start, have you ensured the settings are maximized for performance: https://t.co/bivpdfBNJ6"
2728152,"@AppleSupport hi, my phone was stolen so I deleted the device from my Apple ID account after changing my password. It did backup on iCloud before it went missing, how long will this backup be stored securely for? Thanks.",@209478 We hate to hear that your iPhone was stolen. That is a great question. The backup will be available for 180 days after you disable or stop using iCloud backup on that device. Here is a link that will tell you more: https://t.co/70mUf8SUdM https://t.co/GDrqU22YpT
2728273,"Allo @AppleSupport #France, Comment fait on pour prendre RDV au #GeniusBar quand son iPhone ne s'allume plus et qu'on ne peut pas recevoir du SMS pour identification ? #fail",@764994 We offer support via Twitter in English. Contact an Advisor for help in your preferred language here: https://t.co/IBIY3vMgPj
2728997,@AppleSupport yes hello WHY DOES MY PHONE KEEP FREEZING AND THEN RESTARTING ITS SELF 😒,@765146 Thanks for reaching out. DM which iPhone and specific iOS version you are using to get started. https://t.co/GDrqU22YpT
2729028,@AppleSupport Hi my iphone 8 keeps restarting What shall I do with it???????,@765156 We'd like to help. When did this start happening? What iOS version are you using? What have you tried so far to resolve this?
2729095,"@AppleSupport Your last 3 updates took away my ability to do anything with PDFs via iPad. Ima need that back. I’m on an Air 2. Now, when they pull up there’s no way to send to iBooks so I can print. I relied on this to print shipping labels for my other business.","@164051 Thanks for reaching out. We want to be sure that you can print from iBooks as you'd expect. We can definitely look into this with you. 
Which app are you using to export the PDF files to iBooks?"
2730373,My phone is lagging so bad after the update and iPhone 8 came out. @115858 do something about this,"@765479 Hi. We definitely know how important your iPhone performance is and will be glad to help. To get started, what is your iOS version? Go to Settings &gt; General &gt; About for that. Also, do you recall which version iOS you had prior to updating?"
2730407,@AppleSupport the mail app almost always freezes when I press edit and try to select a lot of emails. Has NEVER been an issue in past. 6s. 11.1.2,@192571 We can help. Have you tried restarting your device? Here's how to restart: https://t.co/OWRDHWSt4h
2731465,@AppleSupport The antenna on my brand new iPhone 8 Plus doesn’t work and I can’t get an appointment at the Apple Store until Tuesday. Any help??,"@765720 We want to make sure we get you taken care of and can understand when appointments fill up. Did you find this appointment information on our site? If so, did you also check if any of our Apple Authorized Service Providers can set a date with you? Send us a DM. https://t.co/GDrqU22YpT"
2732906,@AppleSupport Hello - hoping I might be able to get some support with a brand new stolen phone - police report filed yesterday. Unable to track down. Please help if you can!,@425179 We're sorry to hear this. Let's see what we can find out. Have you tried to track it with Find My iPhone? This article shows you how to do that: https://t.co/fVZGIap0bj
2734055,"My iPhone deleted all my texts again and this time it won't let me get or send new ones. That's @115858's m.o., changing and disrupting the technology bit by bit til you have to buy a new one. I hope Steve Jobs has to be Charles Manson's roommate on the other side.","@766304 We certainly want to help with your missing messages! To be clear, did all of your messages disappear, or are you getting notifications for new ones and when you tap them they are blank? Send us a DM to let us know. https://t.co/GDrqU22YpT"
2734136,"@115858 I ""upgraded"" my iPhone 7 Plus to iOS 11 figuring it had matured enough and now battery drain now at least double the rate of iOS 10 with no change in my usage. Please fix this is very poor or I will have to ""downgrade"" back to iOS 10.",@766323 We know how important your battery life is to your phone. Let's see what we can do to get down to the bottom of this with you. Let's start by looking at software related items. Follow the steps in this article: https://t.co/bivpdfBNJ6 Let us know in DM if it helps. https://t.co/GDrqU22YpT
2734445,"Hey @AppleSupport 

Really appreciate the reduced battery life with #ios11 
At the rate you’re going, the iPhone won’t be a mobile phone anymore. Constantly on the charger. 😣","@766387 We can help with battery life. Do you know what version of the iOS is on the device?  If not, you can check under Settings &gt; General &gt; About &gt; Version."
2734457,Just updated my @115858 iOS and now all non-text notifications stop my music/podcasts.  @AppleSupport,@766391 We understand wanting to seamlessly listen to your music and podcasts. Let's see what we can do yo get down to the bottom of this with you. DM us what apps you are using to listen to your music and podcasts. https://t.co/GDrqU22YpT
2736427,@AppleSupport How come with the new updates the iPod never fully charged (only gets to 99%) &amp; the battery drains in less than 2 hours?,@303268 We'd like to look into that battery drain with you. Which iPod are you using? What version of iOS is installed?
2740768,"I don’t know the difference between the two mentioned “Done” call to action, as a user, I am confused. @AppleSupport https://t.co/wPgZibF0ld",@767813 We'd be happy to look into this with you. Could you please send us a DM with what iOS version you're running so we can get started? https://t.co/GDrqU22YpT
2742990,@AppleSupport Ios11.1.2 kilo my batterie ? Help me,@768321 We'd be happy to help.  Please let us know which device you're using and what specific battery issues you're experiencing.
2743004,"@AppleSupport got an email for a pretty-order book, won't download on my phone help!","@648319 We're happy to help. Is this pre-order on iBooks, or from another source?"
2743013,@115858  your executive number isn't working.,"@768326 Thanks for reaching out to us today.  So that we can best assist you, can you tell us the department you’re attempting to contact?"
2744254,"Ever since I installed this latest update for iOS 11, even my Apple Watch is freezing now as well as my phone! @AppleSupport","@768606 We'll be happy to help out with both devices. We'd like to get a little information to start. Which iPhone and Apple Watch models do you have? Also, to clarify, which exact software versions are you running on each device?"
2744269,Thank you Patrick from @AppleSupport chat services for helping me fix my download issue for an album I was having. 🙌🏼🙌🏼🙌🏼,@768611 We are glad to hear that you had a great experience. We will be sure to pass on that information. Send us a DM when you get the chance: https://t.co/GDrqU22YpT
2747259,@AppleSupport This has been on this screen for over 30 minutes and I am trying really hard not to flip out right now. Please helpppp! https://t.co/a5IjqgaD0d,"@684180 We're here for you, and will do what we can to help. Let's go ahead and power off the phone and turn in back on, and try again. Let us know the results."
2748411,@115858 what is going to take to solve my problem with my iPhone 7? Your staff at the Eaton Centre sure are not interested in solving it. Considering how many of your products I own I am really disappointed.,"@769551 We'd like to look into this with you. Please connect with us in DM, and let us know what you need help with regarding your iPhone 7. https://t.co/GDrqU22YpT"
2749380,My #iphone7plus is eating up battery pretty fast after iOS 11. Please help @AppleSupport,@769791 We'd be more than happy to look into it with you. Please tell us the exact version of iOS 11 you have installed on your device. You'll see this in Settings &gt; General &gt; About.
2750426,"when i tell y’all my phone is bugginnnn

i didn’t receive any of my messages from this morning until right now. and it keeps restarting. 

@115858 , it’s time to have a sit down.","@770035 Hey, we know it's not ideal to run into unexpected issues on your iPhone. Let's take a look. First, when it does restart, do you see an Apple logo or spinning gear? Also, what's the exact iOS version currently installed?"
2750520,"@AppleSupport some how I deleted a note I need, could you help me recover it? It is not in recently deleted.",@372961 We'd like to look into this. DM us and we'll continue there. https://t.co/GDrqU22YpT
2751513,@AppleSupport I’ve got the 7 plus and iOS 11.1.2,@770303 How long has this been happening? What steps have you tried so far to resolve this?
2752451,@AppleSupport The Letter “I️” keeps coming up as a question mark. I’m running on the most recent update.,@770542 Thanks for bringing this to our attention. Click here to join us in DM. We'll continue there: https://t.co/GDrqU22YpT
2753676,"@AppleSupport Please let us downgrade to Ios 10 again, updated to 11.1.2 on my iPad mini 4 and having issues","@770791 Thanks for reaching out to us for support. When you have a free moment, please tell us the issues that you are experiencing with your iPad mini 4."
2754780,@AppleSupport get y’all shit together fr fr. Wtf why is my message thread only showing blue? Why my responses ain’t showing,"@771062 Hey, we want to learn some more details on what's going on. Send us a DM and we'll go from there. https://t.co/GDrqU22YpT"
2756103,Cheers @115858. Love having navigation on and then having absolutely nothing show up on a locked screen. Not even an option for unlocking the phone. Had to reset my phone mid trip. Another reason IOS11 sucks. https://t.co/KAqlvJoAMB,@727170 We'd be happy to check on this with you. Send us a DM with the steps you took to perform the reset. We can work with you from there. https://t.co/GDrqU22YpT
2757503,@AppleSupport I seriously need a new phone!! IT WONT TURN ON HAS NO WATER DAMAGE WTF. How am I suppose to give yall the number thingy when it won't turn on?!,"@771701 Hello. We'd like to help. Since your iPhone isn't powering on, let's start by following the steps found here: https://t.co/1gNtc8oo9M

Reach back out to us if you still have issues with it powering on. We're here for you."
2757539,I think I need a new @115858 #iphone my phone is stuck in Twitter and I can’t get out of the app! #Frustrating,@771710 Thanks for connecting with us. We know that issues can take away from a good experience. Have you tried restarting the device?
2758335,"@AppleSupport My 6S Plus has battery drain on iOS 11.1.Went to apple store recently, they said battery only 10% worn.They suggested wiping/restoring phone.  Did that.Playing a game or app updates drains battery % very quickly.Then plugging back in, the % raises quickly.","@771889 We can certainly look into what's going on so we can get your device working normally. We know how important it is for your device to stay charged properly. 

Can you let us know more about the drain you see when updating apps? 

Let's meet up in DM to continue: https://t.co/GDrqU22YpT"
2771828,"iOS 11.0.3 sucks big time: after 20min of usage, the battery is done from 100 to 81%. Really @115858 @AppleSupport? #fail","@774794 We can help with battery life. Do you know what version of the iOS is on the device?  If not, you can check under Settings &gt; General &gt; About &gt; Version."
2773183,@AppleSupport I just upgraded my MacBook Pro to High Sierra and now my thunderbolt-dongled-to-VGA screen isn't being recognized or receiving a signal. What do I need to do to fix this immediately? I'm crippled without two displays.,"@775095 Being able to work effectively is important, we know that firsthand! Let's see what we can do about the displays. Have you had a chance to check out these steps? https://t.co/KF63KxWC3H"
2774270,"Hey @AppleSupport, was disabling alerts on my iPhone just because I’m wearing my Apple Watch a deliberate attempt to make me wear the watch less? It might work. 

Please fix this garbage flaw that you’re trying to call a feature",@204454 We appreciate you taking the time to reach out to us. Your feedback is valuable. Feel free to share it with us here:  https://t.co/eTPVYVFyd8
2774341,@AppleSupport #ios1112 if only I could drain my beer as quickly as IOS update drains my battery...🙁,"@775352 We'll gladly lend a hand with your battery concerns. Which iOS device are you experiencing this with? Also, let's make sure your device settings are adjusted for maximum battery performance: https://t.co/bivpdfBNJ6"
2774414,"En faisait la mise à jour MacOS, j'ai perdu Final Cut Pro :-) je fais comment maintenant les gars @AppleSupport",@775369 We offer support via Twitter in English. Contact us for help in your preferred language here: https://t.co/IBIY3vMgPj
2774448,@AppleSupport I've been trying to buy the Iphone 7 PLUS for two months and I can not.,"@775382 We've received your DM, and we'll continue with you there. Be on the lookout for a reply."
2775919,"@AppleSupport Thanks, things are food until now👍🏻👍🏻","@775654 Thanks for reaching out. We recently released iOS 11.1.2, so let’s go ahead and upgrade to that latest version, then let us know how things go from there. This article will guide you: https://t.co/80YRnjDFDk"
2775987,@AppleSupport Spotlight and Siri search appears to no longer be working on my 6s. Plz help.,"@775671 We're happy to lend a hand. What happens when you try to use Spotlight and Siri? Do you see any errors? Also, which iOS version is currently installed on your 6s?"
2777542,The screen of my iMac keeps glitching I got it like 4 moths ago why @AppleSupport,@775997 Thanks for contacting us about your iMac. We'd like to get more info. Let's meet in DM. https://t.co/GDrqU22YpT
2782009,@AppleSupport can you maybe fix my phone cause I’m tired of all this I️ I️ I️ I️ I️ shit,"@776912 Let’s look into this together. DM us the version of iOS software your iPhone is on, and we’ll take it from there. https://t.co/GDrqU22YpT"
2782014,my phone resets on it’s own at least once a day.,"@776914 We'd love to help with any issues you're experiencing updating your iPhone. Please let us know what's going on, including any error messages, and which iPhone device you're using."
2783255,Updated my iPhone and now there’s a forever red dot on my voicemail. Cool 👍🏻,@777190 We'd be happy to look into these issues with you more in detail.  Please reach out to us via DM and we'll get started. https://t.co/GDrqU22YpT
2783294,My ipod is having issues loading songs. Oddly only the songs I didnt rip from CDs are affected.  Well played @115858 well played.....,"@777199 May we take a look?  Can you tell us more about what occurs when you try playing a song?  Also, are you an Apple Music member?"
2783320,"@AppleSupport I updated iOS and my phone is now useless. Maps doesn’t work, nor does CarPlay. Battery life is in the toilet and phone is so slow. How do I revert OS? This is ridiculous",@777204 This is not the experience we want you to have with your iPhone. Let's work together towards a solution. DM us the exact iOS version and we'll help you out. https://t.co/GDrqU22YpT
2783982,"Reasons to hate new @115858 updates. They suck every time. 
Wifi and bluetooth stay on even when you turn it off from the control center. 🖕🏼 https://t.co/Gjd7YPg4h8",@777355 We can help. The Wi-Fi and Bluetooth toggles in Control Center will disconnect you from your current network or device. Turn off Wi-Fi or Bluetooth in the Settings app to disable them. Check out our article for more info on this change: https://t.co/G7BHuQnDS6
2784601,"@AppleSupport my iPhone won’t back up, the time remaining increases but nothing happens . Updated software but the issue seems to be ongoing.",@777501 We'll be happy to provide you with our recommendations on how to proceed. How are you backing up your iPhone? Are you using iCloud or iTunes?
2785619,@115858 why you gotta be like this? Pls send help https://t.co/p8M0LtjYOt,@777740 We're here to help! That bar shows future storage usage of the iPhone. Select Sync first then try to continue with the update.
2787811,"@115858 NEED to get their shit together ....how can you possibly make an update that is soooo horrendous ....my iPhone 6S freezes about 17 times a day , the speaker stops working randomly , it throws me in and out of apps &amp; is about to get flung at the wall @AppleSupport",@778258 We can definitely help. Is your phone updated to iOS 11.1.2? You can double check in Settings &gt; General &gt; About.
2787827,@AppleSupport @115858 I paid $750 for this phone can you stop ruining it,@778261 We'd like to assist you with this. Please join us in DM here and provide us with the software version that is currently running on your phone: https://t.co/GDrqU22YpT
2787908,@AppleSupport the latest upgrade really drains the battery fast. Is there anything we can do about that please? https://t.co/IaOpNEBRoJ,"@778275 It’s important for you to be able to rely on your battery life. Let’s see what we can find out. To start, what device are you having the issue with? Which software version are you currently running on the device?"
2789233,"@AppleSupport sorry, this is a real mail? https://t.co/8YF6f9FjIQ",@778568 We'd be happy to help. Here's a link with more information on phishing emails: https://t.co/LNMCdqt6fD
2790658,"Hate restarting my phone. I have to sit through fifty-something unread text alerts every time I restart it. Fix this, @115858.","@778868 We want you to enjoy your iPhone, and we'll do all we can to help. To get started, DM us which iOS version is currently installed. We'll continue from there: https://t.co/GDrqU22YpT"
2795452,"Dear @AppleSupport , After the latest update, my battery runs out faster.  Fix this please.",@780062 We know how important battery life is. We'd like to help out the best we can. We recommend checking out this link: https://t.co/bivpdfkckw
2798385,In August 2016 I did buy an @115858 Iphone. In November 2017 already problems with the microphone. Too fast. I expect better quality next time. @AppleSupport,@780772 Let's look into this together. What type of iPhone are you using and what version of iOS do you have in Settings &gt; General &gt; About? What are the exact issues you're noticing with the microphone?
2799435,@115858 @6990 why isn’t FaceTime working right now? I need to see @107462 face 😭😭😭,@781040 Go ahead and let us know what issues you're having using FaceTime and we'd be happy to help out so you can get back to seeing your friends and family.
2800600,why does @917 have a better low light camera than my iPhone 7+? plz @ me @115858,"@304697 Thanks for bringing this to us. The iPhone camera sensor is capable of quite a bit, but it's a matter of how it's used. Snapchat may default to a higher ISO setting in low light than the default camera. More on shooting with iPhone here: https://t.co/BkwTnd0Sxn"
2802438,@AppleSupport https://t.co/MR73G6AZbj,"@781748 Thanks for the video and to make sure we understand, the third-party app 'AV Player' is opening in landscape mode while your iPhone is in portrait mode, is that correct?

If yes, do other apps do the same thing and have you tried any steps so far?"
2803430,@AppleSupport iPhone X only 24 hours old and the magnifier turns on at random times.  I have to power down whenever this happens.  Help??,"@311245 We'll be happy to help with your new iPhone and this issue with the magnification. To verify, what version of iOS do you see in Settings &gt; General &gt; About? Does it seem to happen after a certain amount of time or after using a certain app?"
2803465,Hey @115858 you suck for not letting me restore a new phone w/ a saved version that has a diff ios. Please work on that. If a device has no space to download the new ios how am I supposed to transfer what's on it to a new device w/ a diff ios?,"@781995 We understand where you are coming from. Let's free up some space on the original device. This article should help do just that:
https://t.co/GfczciMZXW
Let us know in DM if you need additional assistance! https://t.co/GDrqU22YpT"
2804338,@AppleSupport any clue on this https://t.co/64vlHO1SUt,@782202 We'd be glad to help. What were you doing when this screen appeared?
2805149,"@AppleSupport yo, how much is it to replace a Mid 2014, 13 inch, retina MacBook Pro battery?",@782405 We're happy to look it up for you. What country are you messaging from?
2805178,I’m getting very tired of this $1000 Iphone acting up ever since the iOS 11 update and 3 more updates and it’s still giving me fits @AppleSupport,"@782410 We'd be happy to look into any issues you're having. Can you tell us which iPhone this is occurring on, and give a brief description of the issue?"
2805956,@115858 pls respond. I sent a tweet informing you I think I found a bug/glitch on the iPad Pro iOSv11.1.2 I even included a video of the bug/glitch in the tweet. Thx,@525876 We're here to assist. Please meet us in DM to proceed. https://t.co/GDrqU2kzhr
2805986,"What’s happening to this one, @AppleSupport? After updating to 11.1.2, this happened to @115948. Every song I want to stream. Need help! https://t.co/USZw992CSg","@770790 We'd love to help! Does the same issue occur on Wi-Fi? Is it every song on this album, or every song at all?"
2806671,@AppleSupport WHAT IS THIS? I just want to use my MacBook help me ! https://t.co/DVfq8nTwx3,"@782791 Thank you for reaching out. We're here to help. Have you tried restarting by holding the power button? Does this appear on each startup? Also, what is your current OS?"
2814611,@AppleSupport ummm I’m just trying to download a free app idk what y’all are on about.. https://t.co/zhMm7RldjV,@574483 We'd be happy to help. Send us a DM and we can start there. https://t.co/GDrqU22YpT
2815613,@115858 please fix i.t,@784961 Let's look into this for you. Send us a DM with your current iOS vesrion to get started. https://t.co/GDrqU22YpT
2831725,I️ need to fix this iPhone thing. I️ can’t stand I️t. I️ am so angry. I️ don’t know how to. I️ before e except after I️. Our film had lots of c g I️. I️ love you all. I️ am back.,"@616023 Hello Leigh, let's work together to get to the bottom of this. Can you tell us how you reset your iPhone? Was it through settings or iTunes?"
2831762,"Everyone keeps telling me they have no problem with Face ID on iPhone X.

My experience couldn’t be more different. It doesn’t work very well, especially at night. I’m really disappointed with it. FAR slower than Touch ID.","@788443 We want Face ID working for you, and we'll do all we can to help. To get started, can you describe for us in detail how it's working slowly at night? Do you experience the same behavior throughout the day? Which iOS version do you have installed?"
2833063,"@AppleSupport restart my phone and get this, sound that https://t.co/dTZVDVj9yS",@788701 Thanks for reaching out to us. We are always happy to help. Send us a DM so we can look into this with you there. https://t.co/GDrqU22YpT
2833121,Whyyyy is  @115858 so glitchy - can’t even send sms,@217429 We'd like to look into this and get your messages sending properly. What is your current iOS version? You can find it at Settings &gt; General &gt; About.
2834345,@115858 @AppleSupport please SEE this when you can. i'm having trouble trying to login into my icloud &amp; apple id because it keeps popping up yet i know my password? &amp; it deleted everything &amp; i don't know what to do. i need it all back. PLS HELP....,"@788997 We're happy to help! Are you able to log into https://t.co/bq19gX3X68? Join us in DM with the answer, we can continue there. https://t.co/GDrqU22YpT"
2834382,"@AppleSupport after using #iphoneX forv2 weeks, I find that the face Id does not unlock the phone atleast once each day. How to overcome that? And how to unlock the phone at dark with face Id?","@789010 We can help. Are there any significant changes in your appearance when it doesn’t work? How far away from your face are you holding the iPhone? Also, check out the “Security Safeguards” in this link to see if any of these might be causing it: https://t.co/w0GFEbuI3a"
2835744,"thanks @115858 @AppleSupport to fuck my day up with your crappy updates ..now im mad bout the whole world 4 nothing..how am i supposed recover my data?
🤬🤬🤬🤬🤬🤬","@789315 We're here to assist.  Please reach out to us via DM, and let us know more about your issue. We'll continue from there. https://t.co/GDrqU22YpT"
2835835,"@115858 @AppleSupport have software 11.1.2, my IPhone X screen stil becomes unresponsive at times, what gives?",@789341 Thanks for reaching out to us. We are always happy to help. Send us a DM so we can look into this with you there. https://t.co/GDrqU22YpT
2837112,"@115858 my iPhone 7 stops playing Pandora randomly about 5 times a day, I have a mess of wires in three places for the audio Bluetooth adaptation, and nobody can hear me with the shitty mic","@789644 We know how important it is to be able to play Pandora without interruptions, along with be heard while your on your calls. We'd like to work together with you to isolate the issue, and find you a resolution. Please meet us in DM so we can better assist you. https://t.co/GDrqU22YpT"
2837698,SO @115858 any word on that iOS 11 GPS fix? My map apps are useless. I'm not the only one.,"@789783 We know how important it is for the GPS on your device to work well for you. What kind of device do you have, and what issues have you noticed when trying to use apps that utilize GPS? DM us with details, and we'll see how we can help: https://t.co/GDrqU22YpT"
2838666,@AppleSupport My iPhone X screen becomes unresponsive for 30-45min if my phone is exposed to temps under 45° for even 5 min. The phone is supposed to operate from -4° to 113°. This is extremly frustrating because I live in NYC &amp; walk everywhere I go so this is a daily occurrence. https://t.co/zIKmvE9lbk,@477146 That's unexpected. We'd be happy to help. Which iOS version are you using? You can check in Settings &gt; General &gt; About.
2840373,@AppleSupport Please Fix this bug. I have to log in every time. At least 12-15 times per fay. https://t.co/q1NleWJjs2,@130465 We'd be happy to look into this with you.  Please reach out to us via DM and we'll get started. https://t.co/GDrqU22YpT
2841941,Hey @AppleSupport Just got my third robo-call of the morning letting me know my apple ID was compromised and prompting me to either call a different number or hit 1 to talk to someone. Seems super sketchy.,"@790736 This would be a spam call. For help to block those numbers, check out this helpful article: https://t.co/l196mimriF"
2844717,"@AppleSupport I am leaning toward moving to a different phone. Since 11 my phone causes me more problems than good, its way too slow, programs die, battery life is totally unacceptable and forget iPhone X, why would I want more of this?????",@791340 Let's look into these issues for you. We know how important it is for your iPhone to function correctly. Send us a DM with your current device type and exact iOS 11 version to get started. https://t.co/GDrqU22YpT
2845669,@AppleSupport I literally just got 2 iphone 8 and the speaker does not sound right on both of them 😡🤔,"@791518 Let's look into this together! To start, can you tell us more about what's happening? For example, do you hear static, crackling, etc?"
2845735,@AppleSupport why does the pages app keep making my iPad shit itself?? :)))),@791539 What's happening with your iPad when using the Pages app? We'd love to get some details and get things working as needed again. You can DM us at the link below. https://t.co/GDrqU22YpT
2849148,"@AppleSupport  Suggestion: Allow access of EQ while in the Music app. To access the EQ we have to exit the Music app, go to Settings, press Music, then EQ. Doesn’t it make sense for the Music app to have the EQ?",@792303 Thanks for reaching out with your suggestion!  Our customers help us improve by letting us know what features they like or want. Send us feedback here: https://t.co/eTPVYVFyd8
2850904,all my pictures deleted out my phone and I’m sad af. Wassup @AppleSupport ?,"@792706 We're here for you! Do you use iCloud Photo Library? Did anything happen before you noticed your photos missing, like restarting or closing an application?"
2856794,"My phone deleted all my text threads and is maybe not getting texts?? Who can know! and the only fix is ""replace your phone"" so THANK U @115858 and lol @ everyone who suggested I replace my iPhone with another iPhone","@794014 We're here for you. DM us the iOS version you're running in Settings &gt; General &gt; About &gt; Version, and we'll go from there: https://t.co/GDrqU22YpT"
2858367,"My phone is consistently freezing while I’m using my apps, @AppleSupport helppppp",@794354 Let's see what we can do to get your apps functioning as they should. Have you fully restarted your iPhone since having this issue?
2862154,"Siri has been broken on my iPhone ever since I upgraded to ios11. I’ve tried everything in the @AppleSupport forum except for a clean install, any ideas? iPhone 7 Plus",@628919 Let's take a look at this together. May we ask which iOS 11 version you're currently running to get started?
2863589,"@AppleSupport Are these legitimate @115858 email addresses? 

@109672.lists.apple.com, @45871.apple.co.jp, @2310.lists.apple.com, @18775.apple.com, @6376-store.apple.com, @109671.apple.com, @109673.seminars.apple.com, __email__, __email__,",@795091 Let's go ahead and meet in DM and we'll continue there. https://t.co/GDrqU22YpT
2864558,"Is it just me or is iOS 11.1.1 on the iPhone X super glitchy? 

•Notifications don’t disappear after reading. 
•Swiping between apps causing battery to look empty.
•My lock screen live wallpaper disappeared (screen went black).

Just saying @AppleSupport","@795657 That certainly isn't the experience we want you to have with your new iPhone X. Have you tried restarting the device since updating to iOS 11.1.1? Please DM and let us know, we'll meet you there to help. https://t.co/GDrqU22YpT"
2866746,"@AppleSupport Ok, wtf is this new fucking ios 11 ?!?! Ma phone is laggin af 😭😭😭",@796204 : We offer support via Twitter in English. Contact us for help in your preferred language here: https://t.co/IBIY3vMgPj
2867260,@AppleSupport my Apple ID won’t sign in to iCloud and iMessage ever since I updated to Mac High Sierra pls help :(,@796314 We'd like to help you get signed in to your software. What happens when you attempt to sign in now? Are you receiving an error message?
2872586,Sooooo my iPhone aint working...the touch screen aint responding. I aint dropped it and no water damage sooooo how we get this shit situated @115858 @AppleSupport,@797561 Let's look into this for you. Is your display completely unresponsive? Let us know in DM. https://t.co/GDrqU22YpT
2872589,Really @AppleSupport? https://t.co/aY2elxDDUT,"@797444 We'd love to take a look!  To begin, feel free to DM us and we'll proceed from there: https://t.co/GDrqU22YpT"
2888004,@AppleSupport I see that there is a new update for itunes 12.7.1. Sense downloading 12.7 I have had issue with itunes. Will this fix it?,@373660 Great question. Updating the software cold very well resolve any issues you're having. Tell us what's happening with iTunes.
2888380,@115858 my shit is up to date and it’s being slow and i feel like I’m on my 4 so why Apple ?? Why is it that i bought an 8 plus and it works like a 4 ?,@800892 We want to help you out with your phone. How long ago did you update your phone? What have you tried so far to resolve this? Is everything slow or just when you're working in certain Apps?
2889489,All I want to do is go to sleep... but my phone won't sync with my computer. thanks @AppleSupport,@801137 We can definitely look into this with you. What happens specifically when you attempt to sync your iPhone? Do you see any error messages?
2889551,"So to recap, just spent 4hrs removing @115858's new High Sierra OS because BEFORE I installed it, my MacBook supported my $1800 (originally) 30"" Cinema Display and after I upgraded it didn't. Simple code change = POOF USELESS MONITOR. #forcedobsolescence @AppleSupport",@801151 Thanks for your patience while we were away for the evening. Let's work together in a DM. Please send us more details there. https://t.co/GDrqU22YpT
2892024,@AppleSupport iphone X fully charged and went black. Won't turn on. Help.,@479728 We are here for you and want to get your iPhone X to turn on again. Try the steps here: https://t.co/8MvHMFZ83h Let us know if you still need help.
2894732,"@AppleSupport is there going to be a fix for #carplay? Msgs not being read, navigation not working properly. Forums are blowing up with problems!","@802218 We'll be happy to help you out. If you're having trouble with CarPlay, you'll find assistance here: https://t.co/pg90dhXKAJ

If your issues persist after exhausting all the steps in the article, refer to your car manufacturer for additional help."
2896092,"@AppleSupport Photos App uses a excessive amount of data when it loads photos on second plane, please fix this 🙏 it’s almost unusable with not unlimited data plans https://t.co/PYmS7JqC4k","@465561 We can understand wanting to make sure that you're able to access your photos and iBooks on the go. For large downloads, we'd recommend connecting to a Wi-Fi connection to avoid using up your cellular data plan."
2897707,@AppleSupport your email app does my fudging head in!! fudging fix it !! the least you could do for the amount of money I'm paying for your products!,@802854 We'd like to help! Join us in DM with more details about what you're experiencing. https://t.co/GDrqU22YpT
2900345,I am going to have to migrate from @115858’s calendar as it has deleted a week of activities that I know of and won’t let me re-add anything to that week.,"@803442 We'd be happy to help. Which device are you experiencing this issue with? Also, which software version is it running?"
2900362,@AppleSupport when’s the new iOS coming out for the iPhone? 11.1.2 is horrendous. All my apps keeps freezing. Never had issues since iphone4 this ain’t great #pooreffort,@803446 We'd be happy to look into any issues you're having. Could you please send us a DM with what country you're located in and we'll get started. https://t.co/GDrqU22YpT
2900438,@115858 y’all gonna have to do some shit about this i problem tho. I’m fucking tired of looking like I’m stuttering,@803465 Thanks for reaching out.  We know how important it is for your auto-correct to work as expected and we'll do everything we can to assist.  Have you had a chance to update to iOS 11.1.2? Let us know in DM. https://t.co/GDrqU22YpT
2901933,@115858 stupid af. How none of my Apple chargers work and keep saying my device isn’t supported,@595360 We're happy to help. When did you start getting that notification? Is your device up to date with the most current software? Let us know to continue. https://t.co/GDrqU22YpT
2906743,"@AppleSupport is it possible to use two factor authentication (not ""two step"") for my Apple ID without owning an iPhone? Can I use a u2f device or an authenticator app on Android?","@804889 Thanks for reaching out with this great question. It is, but you would need a trusted device or phone number. Learn more under ""Trusted devices"" and ""Trusted phone numbers"" here: https://t.co/RONuUjClwW"
2906755,@AppleSupport so I called last week about my iPhone X making a crackling noise through the speaker and no one has called me back?? I’m beginning to become impatient because this thing cost $1000,"@804894 Hi there. We'd like to look into this for you. Please shoot us a DM, we'll meet you there to help. https://t.co/GDrqU22YpT"
2906780,"@AppleSupport how do I switch off iOS update notification? 
They are enjoying. I decide when I want to update!",@804901 That's a great question!  The notification is there to remind you that an update is available for your device.  You'd need to install the update to remove the notification.  DM us if you have any additional questions: https://t.co/GDrqU22YpT
2906785,"@AppleSupport my iMessage and FaceTime fail to activate. I have tried restarting the iPhone and repeating the process, but it continues to say “activation unsuccessful”","@804902 iMessage and FaceTime are great features and we definitely want to ensure you're able to enjoy them. You've tried great troubleshooting steps thus far, have you had the chance to try all the steps outlined in the following article? https://t.co/jhvYu3nzpA"
2913332,Bought an iPhone8plus last month and the software is acting weird😡my recent call history is not storing any missed calls and when i trying to delete the call history its not even getting deleted 😡😡what can i do about it? @115858 @AppleSupport @50507,@806485 We want to make sure you're able to access and manage your call history. which version of iOS is currently installed on your iPhone? Send over that information via DM and we'll continue with you there. https://t.co/GDrqU22YpT
2914615,ALL OF MY SOCIAL MEDIA APPS WERE CRASHING WITH THIS iOS fucking 11! I wanna go back to iOS 10.2.3 actually!! 🙄🙄🙄 @AppleSupport,"@806802 Hey, if you're experiencing issues with apps you've downloaded, check out this article: https://t.co/fUZ0NRJxcn Let us know if that resolves the issue. If it doesn't, let us know and we'll help you out."
2918931,@AppleSupport My account was charged $25 4 times today ($100 total)!! Have no clue why!! Help!,@807896 That’s not the experience we want for you. Let’s get you in touch with our iTunes Store Support team for assistance with this. They can be reached here: https://t.co/SDIe7UiyJN
2919977,@AppleSupport I accidentally pressed something on my phone to do a software update on the phone.  How can I cancel that?,@446990 We’re here to help. Was this an update for iOS or for an app? What do you see on your iPhone right now?
2922697,@115858 FIX FUCKING IOS 11 MY PHONE KEEPS CRASHING,"@808825 Let's take a look at this together!  To start, feel free to DM us what country you're currently located in and we'll go from there. https://t.co/GDrqU22YpT"
2923647,@AppleSupport Hey My Iphone Keeps Restarting And Its Turning Itself On And Off What Do I Do ?,"@248715 You're in the right place for help. To ensure we provide the best support, we'd like to gather more information. Does this happen when using specific applications or is it completely randomly? Also, what iOS version is shown in Settings &gt; General &gt; About?"
2923674,are you kidding me? wtf is this I.t thing now my patience is running low @115858,@590281 We want to help. Meet us in DM. https://t.co/GDrqU22YpT
2924655,@AppleSupport having issues with iOS 11.1.2 volume sound. square keeps popping up on my screen both iPhone &amp; iPad at random times when I don’t even press the button...,"@809265 Thank you for reaching out. We're here to help. When the notice appears, do you have headphones connected the devices?"
2925653,"@115858 What MacBook should I get for my 11 Year old sister? She really loves Apple products. (She already owns about 3 chargers, a iPad Air 2, a IPhone 7 and airpods)",@809495 Our Sales team can help. Reach out here:  https://t.co/8yjRd1Xo0i
2926500,Thanks @AppleSupport dead air now after waiting 15 mins https://t.co/3QS8QUcvjU,"@809698 We're here for you! Please DM us, and we'd be glad to help. https://t.co/GDrqU22YpT"
2940374,So my @AppleSupport issue continues. They schedule a call for this morning. I pick it up. We are talking for a few minutes. The line drops.. They dont ring back. I cant ring them.,"@802521 Reach back out to us in DM. We'd like to research what happened here, and get you back in touch with someone who can help with your issue. https://t.co/GDrqU22YpT"
2942165,Who do I complain to about this Mac Sierra OS update? My safari tabs don’t even have the site names anymore @AppleSupport 🤬 https://t.co/zWx6bzMHv4,@812871 We're here to help. Have there been any other changes to the Mac recently? Do you experience this when using other browsers?
2943375,Wtf I just lost 70% in 5 mins without even using my phone 😭 @115858 sort your devices out please 😠,@813148 Thank you for reaching out to us. We'd like to help you improve your battery. Please DM us the device you are using and the iOS it is running on. https://t.co/GDrqU22YpT
2945646,@AppleSupport the /opt folder that I created to keep many very useful things was deleted during High Sierra upgrade. Is this behavior documented somewhere so I can understand what happened (and not repeat)?,@813647 We'd like to help! Send us a DM with additional details to continue. https://t.co/GDrqU22YpT
2945741,How do I stop these darn things from popping up? @AppleSupport https://t.co/5ar7ALOa58,"@813675 We can certainly see how this could get annoying and we want to help. When are you running into these types of alerts most often? Is it when clicking on links within any applications, or just when using Safari normally?"
2947057,should we be worried about the ROOT issue?  How do we fix?  @AppleSupport,@813972 Thanks for reaching out.  We want to help.  Send us a DM letting us know which country you are located in. https://t.co/GDrqU22YpT
2948223,What’s the best way to wash the sport loop for Apple Watch? @AppleSupport,@814247 This guide will help you get that taken care of properly: https://t.co/VxlvpoL1kr
2948361,Wtf does my phone keep autocorrecting it to I.T!???! @AppleSupport,@676236 You've come to the right place. Let's begin by checking which iOS version number your iPhone is running. Please go to Settings &gt; General &gt; About &gt; Version and let us know.
2950908,"@AppleSupport Hey, are you able to help me to activate my iphone X? I can't figure it out!",@655071 We'd be happy to see how we can help with activating your iPhone X. What are you having trouble with?
2953801,"@AppleSupport hey guys, look I don’t know what’s going on but iOS 11 really isn’t living up to me expectations on iPhone 7. It’s killing the battery and I’m finding it quite buggy.  Its 100% OS, not hardware or needing a reset. Normally I have good things to say not at the moment","@631010 We'll be glad to take a closer look with you. Did you notice these issues when you updated to iOS 11, or was it with 11.1.2? Please send us a DM. https://t.co/GDrqU22YpT"
2955463,@115858 I swear you’ve intentionally destroyed my iPhone 6 with the latest iOS. A little disappointing after all the money I’ve spent over the years with you....#ripoff #slowmotion,@153343 Let's get your iPhone back up to speed. Could you join us in DM and let us know some more about the issues you're seeing? Which apps is this happening with the most? https://t.co/GDrqU22YpT
2955501,@115858 someone is charging apple products to my credit card left and right that I never signed up for.,"@443811 For additional help with this, please contact our iTunes Store department here: https://t.co/SDIe7UiyJN"
2958733,@115858 motherfuckers this computer has been loading for 30hrs now. What more can i do?!?! 😡😡😡 https://t.co/BRAxqNcxdt,@816605 We understand your concern. We're here to help. Tell us what started this issue. Were you doing an update when this happened?
2958772,Hey @AppleSupport what’s the proper way to clean airpods? Mine are getting quite nasty 🤢,"@452490 Hi there. We're glad you asked! This article outlines how you can clean your AirPods: https://t.co/95FB0vc1dM
We're here for you if you have any other questions for us. Just let us know."
2962845,@AppleSupport this pop-up has plagued me the entire afternoon. Can’t sign out of iCloud…any thoughts? https://t.co/tkhlMXryL1,"@817554 Thanks for reaching out. Have you made any recent changes to your iCloud account? Also, does the issue continue after a normal restart of your Mac? Let us know and we'll continue."
2971322,Es mi iPhone.... o no funciona el Face ID? @AppleSupport,@819574 We offer support via Twitter in English. Get help in Spanish here: https://t.co/IBIY3vMgPj or join https://t.co/OczyRx7IOs
2972470,"@115858 how do I get rid of this stupid question mark box every time I type the letter I , it’s pretty annoying !",@819835 We want to help. Can you tell us which iOS version you have? Settings &gt; General &gt; About will tell you.
2973423,"@AppleSupport Why is it that since iOS 10, I can’t turn Do Not Disturb on or off using Siri while the phone is locked? Doesn’t do it on friends phones.","@820051 We know how convenient our Siri feature can be. We want to help. Let's start by checking your Siri settings to make sure ""Allow Siri When Locked"" is turned on. This article shows you how to check those settings. https://t.co/vDsPkLKaYM"
2973427,@115858 @123765 yo i can’t share tweets via message on my phone which one of y’all can fix it? Cause I’m trying to slide in some dms,"@820052 We'd love to help. What happens when you try to share? Also, what iOS version are you using? We'd love to help."
2974439,@AppleSupport my iMessage not working,@820329 We'd like to know more to help. Are you having an issue activating or sending and receiving an iMessage? Let us know and confirm the device this occurs on and we'll continue.
2974494,"@AppleSupport why can’t I post a review on iPhone 7, 11.1.2? Asks me for a nickname and the ‘send’ doesn’t work at all? Well known issue or a new bug? Changed nickname a couple of times! Very annoying!",@820342 We can definitely take a look into this. To ensure we provide the best support and/or get pointed in the right direction. Are you trying to leave a review on a website using Safari or within an application?
2975807,"iOS 11.0.3 is a nightmare. 3rd time I've had to restore my iPhone in less than a week. When it is on, none of the apps work. @AppleSupport",@820700 We'd like to help. Send us a DM with a few details and we can start there. https://t.co/GDrqU22YpT
2975810,@AppleSupport my 7 plus is 2 was short of 1 yo. I used it to take photos in a pool and moisture in the rear camera lens. Is this covered??,@564257 This article gives the best information on liquid damage: https://t.co/kOc9CGNrcb
2977710,@AppleSupport How are you going to make me pay for a whole new phone when I get the white screen of death and I did nothing at all? Ridiculous,@821242 We're all here to help any way we can to get your screen working. Send us a DM and let us know more about the issue you're having. https://t.co/GDrqU22YpT
